order_date,region,state,category,sub_category,customer_segment,units,unit_price,discount,revenue,profit,ship_days
2023-01-01,East,Pennsylvania,Office Supplies,Storage,Consumer,8,47.59,0,380.72,98.99,5
2023-01-01,East,Pennsylvania,Furniture,Chairs,Corporate,2,241.08,0,482.16,135.00,2
2023-01-02,South,Tennessee,Office Supplies,Binders,Consumer,4,20.42,0.1,73.51,18.01,3
2023-01-02,West,Nevada,Office Supplies,Paper,Consumer,5,14.85,0,74.25,31.19,2
2023-01-02,West,California,Technology,Accessories,Consumer,4,52.24,0,208.96,75.23,3
2023-01-02,South,Texas,Technology,Phones,Home Office,1,372.65,0,372.65,89.44,7
2023-01-02,South,North Carolina,Office Supplies,Paper,Home Office,5,10.88,0.1,48.96,13.95,5
2023-01-03,West,California,Furniture,Chairs,Corporate,6,195.78,0.1,1057.21,153.30,7
2023-01-03,East,New York,Office Supplies,Binders,Home Office,2,19.56,0.1,35.21,8.63,2
2023-01-03,West,Colorado,Technology,Phones,Corporate,2,274.53,0.1,494.15,51.89,5
2023-01-03,Northeast,Massachusetts,Office Supplies,Paper,Corporate,1,11.18,0.15,9.50,2.07,3
2023-01-03,West,California,Furniture,Tables,Consumer,4,322.18,0,1288.72,180.42,3
2023-01-03,South,Texas,Furniture,Tables,Corporate,3,408.21,0,1224.63,171.45,2
2023-01-04,West,Oregon,Technology,Phones,Corporate,5,307.55,0,1537.75,369.06,5
2023-01-04,West,California,Furniture,Chairs,Corporate,2,176.01,0,352.02,98.57,2
2023-01-04,Central,Ohio,Technology,Computers,Consumer,6,732.57,0,4395.42,791.18,4
2023-01-04,South,Alabama,Technology,Computers,Corporate,6,1143.16,0.15,5830.12,-131.18,4
2023-01-04,Central,Missouri,Technology,Copiers,Consumer,6,1405.37,0.15,7167.39,53.76,3
2023-01-04,West,Washington,Furniture,Tables,Consumer,4,348.58,0,1394.32,195.20,7
2023-01-04,East,Virginia,Technology,Accessories,Consumer,3,36.28,0.2,87.07,7.84,5
2023-01-05,West,California,Office Supplies,Storage,Corporate,1,45.26,0.3,31.68,-4.59,7
2023-01-05,West,Colorado,Furniture,Chairs,Corporate,4,111.97,0,447.88,125.41,3
2023-01-05,South,Texas,Office Supplies,Storage,Corporate,2,66.66,0,133.32,34.66,5
2023-01-06,Northeast,Connecticut,Furniture,Furnishings,Consumer,2,56.14,0,112.28,38.18,2
2023-01-06,Northeast,New Jersey,Office Supplies,Storage,Consumer,3,64.24,0.2,154.18,-1.54,3
2023-01-06,East,Pennsylvania,Furniture,Tables,Home Office,1,307.40,0,307.40,43.04,2
2023-01-06,West,Washington,Furniture,Tables,Consumer,1,366.49,0,366.49,51.31,3
2023-01-06,South,North Carolina,Furniture,Bookcases,Home Office,2,155.27,0.1,279.49,15.37,3
2023-01-06,West,Arizona,Office Supplies,Paper,Corporate,5,10.44,0,52.20,21.92,3
2023-01-07,East,New York,Office Supplies,Storage,Home Office,3,77.03,0,231.09,60.08,4
2023-01-07,West,Oregon,Furniture,Tables,Consumer,4,321.57,0.15,1093.34,-68.33,1
2023-01-07,South,Texas,Office Supplies,Storage,Corporate,2,74.70,0.1,134.46,16.81,5
2023-01-07,West,Colorado,Furniture,Bookcases,Home Office,14,177.98,0,2491.72,473.43,4
2023-01-07,East,Georgia,Office Supplies,Storage,Corporate,5,53.46,0.1,240.57,30.07,3
2023-01-08,West,California,Office Supplies,Storage,Home Office,2,69.38,0,138.76,36.08,9
2023-01-08,West,Washington,Office Supplies,Paper,Corporate,2,15.68,0,31.36,13.17,3
2023-01-09,East,New York,Technology,Accessories,Corporate,2,55.63,0,111.26,40.05,7
2023-01-09,Central,Michigan,Office Supplies,Paper,Consumer,2,13.20,0.1,23.76,6.77,3
2023-01-09,Central,Ohio,Office Supplies,Storage,Corporate,1,63.82,0.1,57.44,7.18,4
2023-01-10,Central,Ohio,Technology,Phones,Home Office,3,187.38,0,562.14,134.91,3
2023-01-10,Central,Illinois,Technology,Computers,Home Office,2,1458.24,0,2916.48,524.97,3
2023-01-10,West,Arizona,Technology,Phones,Corporate,2,239.33,0,478.66,114.88,4
2023-01-11,Central,Illinois,Furniture,Furnishings,Consumer,5,33.19,0,165.95,56.42,3
2023-01-11,West,Nevada,Furniture,Chairs,Corporate,1,178.23,0.15,151.50,11.74,5
2023-01-11,West,California,Office Supplies,Paper,Consumer,1,9.93,0.1,8.94,2.55,4
2023-01-11,South,Tennessee,Furniture,Tables,Consumer,3,342.85,0.1,925.70,4.63,4
2023-01-11,Central,Illinois,Office Supplies,Paper,Corporate,3,12.62,0,37.86,15.90,6
2023-01-11,East,Virginia,Technology,Copiers,Consumer,2,1274.12,0.2,2038.59,-122.32,5
2023-01-12,West,Washington,Furniture,Tables,Consumer,2,302.45,0,604.90,84.69,4
2023-01-12,South,Tennessee,Technology,Phones,Home Office,4,228.10,0.15,775.54,29.08,4
2023-01-12,West,California,Office Supplies,Art,Corporate,1,17.28,0,17.28,6.91,7
2023-01-12,East,Pennsylvania,Office Supplies,Binders,Consumer,1,14.51,0.15,12.33,2.19,3
2023-01-12,Northeast,Connecticut,Technology,Accessories,Consumer,2,43.63,0.1,78.53,17.67,3
2023-01-13,West,Arizona,Office Supplies,Art,Consumer,1,18.02,0.1,16.22,4.30,4
2023-01-13,West,California,Technology,Accessories,Home Office,2,28.66,0,57.32,20.64,2
2023-01-13,Northeast,Massachusetts,Technology,Copiers,Consumer,9,1419.80,0.1,11500.38,862.53,4
2023-01-13,Central,Ohio,Furniture,Chairs,Corporate,2,298.64,0.1,537.55,77.94,6
2023-01-13,Central,Minnesota,Furniture,Furnishings,Consumer,2,55.08,0,110.16,37.45,4
2023-01-13,South,Louisiana,Office Supplies,Binders,Corporate,3,33.59,0,100.77,38.29,2
2023-01-14,West,California,Furniture,Bookcases,Consumer,7,108.38,0,758.66,144.15,3
2023-01-14,Central,Ohio,Office Supplies,Binders,Consumer,6,28.45,0,170.70,64.87,2
2023-01-14,South,Texas,Technology,Phones,Consumer,5,226.23,0.15,961.48,36.06,7
2023-01-14,East,Pennsylvania,Furniture,Chairs,Consumer,2,301.61,0.2,482.58,4.83,4
2023-01-15,East,New York,Technology,Accessories,Consumer,2,31.80,0,63.60,22.90,3
2023-01-16,Central,Illinois,Furniture,Bookcases,Corporate,4,224.89,0.2,719.65,-57.57,3
2023-01-16,South,Louisiana,Technology,Phones,Consumer,1,192.44,0,192.44,46.19,2
2023-01-16,West,Arizona,Furniture,Furnishings,Consumer,15,47.79,0,716.85,243.73,7
2023-01-16,Northeast,Connecticut,Furniture,Furnishings,Corporate,1,43.34,0,43.34,14.74,3
2023-01-16,East,New York,Technology,Computers,Corporate,2,631.08,0.1,1135.94,51.12,2
2023-01-16,Central,Missouri,Technology,Phones,Corporate,4,357.96,0,1431.84,343.64,6
2023-01-16,Northeast,Connecticut,Office Supplies,Paper,Home Office,5,21.08,0.1,94.86,27.04,6
2023-01-16,West,California,Furniture,Bookcases,Consumer,4,156.98,0.15,533.73,-6.67,4
2023-01-16,East,Pennsylvania,Furniture,Furnishings,Consumer,1,46.24,0,46.24,15.72,2
2023-01-16,Central,Michigan,Technology,Computers,Consumer,2,840.63,0,1681.26,302.63,6
2023-01-17,Central,Illinois,Furniture,Chairs,Consumer,19,199.55,0,3791.45,1061.61,3
2023-01-17,Northeast,New Jersey,Technology,Computers,Home Office,3,920.49,0,2761.47,497.06,3
2023-01-17,West,California,Furniture,Bookcases,Corporate,3,126.39,0.3,265.42,-57.07,3
2023-01-18,East,Virginia,Office Supplies,Storage,Consumer,6,61.56,0,369.36,96.03,3
2023-01-18,East,Georgia,Technology,Computers,Consumer,6,851.48,0,5108.88,919.60,4
2023-01-18,East,New York,Furniture,Chairs,Consumer,1,177.99,0.1,160.19,23.23,4
2023-01-19,West,Colorado,Furniture,Chairs,Consumer,1,151.04,0.15,128.38,9.95,3
2023-01-19,South,Tennessee,Office Supplies,Paper,Consumer,2,13.33,0,26.66,11.20,2
2023-01-19,West,Arizona,Technology,Copiers,Consumer,5,1149.93,0,5749.65,1207.43,2
2023-01-19,West,Nevada,Furniture,Chairs,Home Office,6,195.71,0.1,1056.83,153.24,4
2023-01-20,West,California,Office Supplies,Binders,Consumer,2,18.43,0,36.86,14.01,2
2023-01-20,Central,Michigan,Technology,Phones,Consumer,3,213.02,0.1,575.15,60.39,4
2023-01-20,East,Florida,Office Supplies,Storage,Consumer,1,51.85,0.1,46.67,5.83,5
2023-01-20,Central,Missouri,Technology,Computers,Consumer,3,1029.75,0.1,2780.33,125.11,2
2023-01-21,East,Virginia,Technology,Computers,Consumer,8,843.78,0.1,6075.22,273.38,2
2023-01-21,West,Washington,Furniture,Furnishings,Home Office,4,43.52,0,174.08,59.19,3
2023-01-21,Northeast,New Jersey,Technology,Accessories,Consumer,2,30.36,0,60.72,21.86,4
2023-01-21,West,Washington,Technology,Phones,Consumer,3,344.32,0,1032.96,247.91,3
2023-01-21,West,Nevada,Technology,Accessories,Corporate,1,38.72,0.1,34.85,7.84,3
2023-01-22,East,Florida,Technology,Accessories,Consumer,2,37.91,0,75.82,27.30,6
2023-01-23,East,Georgia,Technology,Accessories,Corporate,1,36.02,0,36.02,12.97,6
2023-01-23,West,Washington,Technology,Accessories,Consumer,10,51.99,0,519.90,187.16,5
2023-01-23,East,New York,Furniture,Bookcases,Consumer,4,116.28,0.1,418.61,23.02,4
2023-01-23,West,Oregon,Technology,Accessories,Corporate,4,42.87,0,171.48,61.73,5
2023-01-23,East,New York,Technology,Phones,Consumer,10,286.59,0.1,2579.31,270.83,6
2023-01-24,Northeast,New Jersey,Office Supplies,Paper,Corporate,2,10.27,0,20.54,8.63,1
2023-01-24,West,California,Technology,Accessories,Consumer,2,36.06,0.1,64.91,14.60,2
2023-01-24,West,Oregon,Furniture,Chairs,Corporate,5,276.47,0,1382.35,387.06,2
2023-01-25,Central,Illinois,Technology,Phones,Consumer,7,375.42,0.1,2365.15,248.34,3
2023-01-25,Northeast,New Jersey,Furniture,Chairs,Corporate,4,161.34,0.2,516.29,5.16,2
2023-01-25,Central,Ohio,Furniture,Chairs,Consumer,4,139.33,0,557.32,156.05,2
2023-01-25,East,Virginia,Technology,Copiers,Consumer,1,1245.27,0,1245.27,261.51,2
2023-01-26,South,Alabama,Office Supplies,Paper,Consumer,1,7.91,0.1,7.12,2.03,3
2023-01-26,East,New York,Technology,Accessories,Consumer,2,36.46,0,72.92,26.25,3
2023-01-27,East,New York,Technology,Copiers,Consumer,2,1079.03,0,2158.06,453.19,3
2023-01-27,Central,Ohio,Technology,Phones,Corporate,3,195.81,0.2,469.94,-14.10,3
2023-01-27,Central,Ohio,Office Supplies,Art,Consumer,8,22.32,0,178.56,71.42,5
2023-01-27,South,Texas,Technology,Phones,Consumer,4,270.13,0,1080.52,259.32,4
2023-01-27,Northeast,New Jersey,Technology,Copiers,Consumer,4,1353.44,0,5413.76,1136.89,2
2023-01-28,South,Texas,Office Supplies,Binders,Consumer,1,19.11,0.15,16.24,2.88,3
2023-01-28,Central,Illinois,Office Supplies,Paper,Consumer,4,13.56,0,54.24,22.78,2
2023-01-28,Central,Michigan,Technology,Phones,Consumer,4,279.27,0.1,1005.37,105.56,4
2023-01-28,East,New York,Office Supplies,Storage,Home Office,4,65.89,0,263.56,68.53,3
2023-01-29,South,Texas,Furniture,Tables,Consumer,1,400.75,0.1,360.68,1.80,3
2023-01-29,Central,Michigan,Furniture,Tables,Consumer,3,303.25,0,909.75,127.37,2
2023-01-30,Northeast,Connecticut,Technology,Phones,Home Office,7,247.95,0,1735.65,416.56,4
2023-01-30,West,California,Furniture,Chairs,Home Office,3,303.80,0.1,820.26,118.94,3
2023-01-30,East,New York,Office Supplies,Paper,Corporate,7,9.27,0.15,55.16,12.00,4
2023-01-30,Northeast,Connecticut,Technology,Computers,Consumer,7,967.03,0,6769.21,1218.46,3
2023-01-30,Central,Illinois,Furniture,Tables,Corporate,2,347.90,0,695.80,97.41,3
2023-01-30,Northeast,Massachusetts,Office Supplies,Paper,Consumer,3,14.07,0,42.21,17.73,4
2023-01-30,Central,Michigan,Office Supplies,Storage,Consumer,2,92.06,0.1,165.71,20.71,2
2023-01-30,Northeast,New Jersey,Office Supplies,Paper,Corporate,1,14.91,0,14.91,6.26,4
2023-01-30,South,Texas,Office Supplies,Paper,Consumer,5,11.25,0,56.25,23.63,3
2023-01-31,South,North Carolina,Technology,Computers,Consumer,2,932.06,0.1,1677.71,75.50,5
2023-01-31,Central,Ohio,Furniture,Chairs,Consumer,4,273.67,0.1,985.21,142.86,2
2023-01-31,South,Texas,Office Supplies,Storage,Corporate,4,76.37,0.2,244.38,-2.44,3
2023-01-31,Central,Missouri,Furniture,Tables,Corporate,2,272.03,0.1,489.65,2.45,3
2023-01-31,East,New York,Furniture,Furnishings,Corporate,3,35.63,0,106.89,36.34,3
2023-01-31,West,Nevada,Furniture,Chairs,Home Office,2,227.68,0,455.36,127.50,2
2023-01-31,West,Arizona,Furniture,Furnishings,Home Office,3,67.74,0.1,182.90,37.49,5
2023-02-01,West,Washington,Technology,Phones,Consumer,5,221.90,0,1109.50,266.28,4
2023-02-01,West,Nevada,Technology,Accessories,Corporate,4,39.53,0.15,134.40,21.17,4
2023-02-01,West,Washington,Office Supplies,Paper,Home Office,2,18.99,0,37.98,15.95,4
2023-02-01,West,Colorado,Office Supplies,Paper,Consumer,3,18.19,0.15,46.38,10.09,3
2023-02-01,Central,Ohio,Office Supplies,Binders,Corporate,6,15.99,0.3,67.16,-1.68,8
2023-02-01,West,California,Furniture,Bookcases,Home Office,3,143.01,0.15,364.68,-4.56,7
2023-02-01,Central,Minnesota,Technology,Computers,Home Office,9,598.43,0,5385.87,969.46,4
2023-02-01,East,Florida,Office Supplies,Storage,Corporate,4,56.92,0.1,204.91,25.61,2
2023-02-02,Central,Missouri,Technology,Phones,Corporate,7,356.21,0,2493.47,598.43,4
2023-02-02,Northeast,New Jersey,Office Supplies,Binders,Corporate,7,16.56,0.1,104.33,25.56,5
2023-02-02,South,North Carolina,Office Supplies,Storage,Corporate,5,57.87,0.1,260.41,32.55,4
2023-02-02,East,New York,Office Supplies,Paper,Consumer,5,8.94,0,44.70,18.77,3
2023-02-02,East,Pennsylvania,Office Supplies,Storage,Consumer,3,57.94,0,173.82,45.19,3
2023-02-02,Central,Michigan,Office Supplies,Paper,Home Office,4,12.52,0.2,40.06,6.01,4
2023-02-02,East,Florida,Technology,Computers,Home Office,3,1434.11,0,4302.33,774.42,4
2023-02-02,Central,Illinois,Furniture,Chairs,Home Office,1,152.16,0.1,136.94,19.86,2
2023-02-02,West,California,Furniture,Chairs,Corporate,5,246.69,0.1,1110.11,160.97,5
2023-02-03,Central,Minnesota,Furniture,Tables,Corporate,2,423.18,0.15,719.41,-44.96,8
2023-02-03,West,California,Technology,Accessories,Home Office,2,41.71,0.2,66.74,6.01,4
2023-02-03,Central,Ohio,Furniture,Chairs,Home Office,2,209.79,0,419.58,117.48,3
2023-02-03,East,New York,Technology,Computers,Corporate,1,705.29,0,705.29,126.95,2
2023-02-04,West,California,Furniture,Tables,Consumer,2,371.29,0.1,668.32,3.34,5
2023-02-05,West,Oregon,Office Supplies,Binders,Consumer,3,21.73,0,65.19,24.77,4
2023-02-05,Central,Michigan,Technology,Accessories,Consumer,4,44.20,0.1,159.12,35.80,3
2023-02-05,Central,Ohio,Furniture,Bookcases,Corporate,6,158.17,0,949.02,180.31,3
2023-02-06,Northeast,Maine,Furniture,Furnishings,Home Office,1,55.14,0.15,46.87,6.44,5
2023-02-06,West,Nevada,Office Supplies,Art,Corporate,2,32.54,0,65.08,26.03,6
2023-02-06,West,California,Technology,Computers,Consumer,3,847.12,0,2541.36,457.44,4
2023-02-06,South,Texas,Furniture,Chairs,Consumer,3,213.55,0.15,544.55,42.20,3
2023-02-07,West,California,Technology,Phones,Consumer,7,367.33,0,2571.31,617.11,3
2023-02-07,West,Washington,Office Supplies,Art,Consumer,2,22.03,0,44.06,17.62,4
2023-02-07,East,Florida,Furniture,Furnishings,Home Office,5,47.12,0.15,200.26,27.54,3
2023-02-07,East,Georgia,Furniture,Tables,Corporate,2,363.07,0.15,617.22,-38.58,3
2023-02-07,South,Louisiana,Technology,Computers,Home Office,3,904.17,0.2,2170.01,-195.30,3
2023-02-07,East,Florida,Technology,Phones,Consumer,2,207.79,0.2,332.46,-9.97,1
2023-02-07,West,Washington,Technology,Accessories,Consumer,3,34.26,0.2,82.22,7.40,2
2023-02-07,West,California,Office Supplies,Paper,Home Office,2,16.21,0,32.42,13.62,3
2023-02-07,South,North Carolina,Furniture,Chairs,Consumer,3,160.55,0,481.65,134.86,3
2023-02-07,West,California,Office Supplies,Storage,Corporate,1,45.04,0.1,40.54,5.07,3
2023-02-08,South,Louisiana,Furniture,Chairs,Consumer,1,206.42,0,206.42,57.80,5
2023-02-08,Northeast,New Jersey,Technology,Computers,Consumer,2,864.65,0.1,1556.37,70.04,3
2023-02-08,South,Texas,Technology,Phones,Consumer,2,334.69,0,669.38,160.65,3
2023-02-08,South,Texas,Technology,Accessories,Corporate,11,39.11,0,430.21,154.88,2
2023-02-08,East,Georgia,Technology,Copiers,Consumer,1,1390.23,0.1,1251.21,93.84,3
2023-02-08,West,California,Technology,Copiers,Corporate,5,818.21,0,4091.05,859.12,4
2023-02-09,Central,Michigan,Furniture,Tables,Corporate,1,266.55,0.15,226.57,-14.16,5
2023-02-09,Central,Missouri,Technology,Accessories,Corporate,1,40.02,0,40.02,14.41,1
2023-02-09,East,Virginia,Office Supplies,Paper,Corporate,6,14.86,0,89.16,37.45,4
2023-02-09,East,Pennsylvania,Furniture,Furnishings,Consumer,7,46.01,0,322.07,109.50,5
2023-02-09,East,Pennsylvania,Technology,Computers,Corporate,4,884.27,0.15,3006.52,-67.65,3
2023-02-10,East,Pennsylvania,Furniture,Bookcases,Corporate,2,202.50,0,405.00,76.95,3
2023-02-10,West,Colorado,Furniture,Furnishings,Consumer,7,50.19,0.15,298.63,41.06,3
2023-02-10,South,Tennessee,Office Supplies,Storage,Consumer,8,42.98,0.1,309.46,38.68,2
2023-02-10,East,Georgia,Technology,Phones,Consumer,5,237.08,0,1185.40,284.50,5
2023-02-11,West,California,Technology,Accessories,Corporate,4,38.08,0.2,121.86,10.97,2
2023-02-11,West,California,Furniture,Bookcases,Corporate,2,175.47,0.15,298.30,-3.73,2
2023-02-11,West,Colorado,Technology,Copiers,Consumer,1,1976.27,0,1976.27,415.02,4
2023-02-12,East,New York,Furniture,Bookcases,Home Office,3,144.59,0.2,347.02,-27.76,4
2023-02-12,South,Texas,Furniture,Bookcases,Corporate,13,164.08,0,2133.04,405.28,2
2023-02-13,South,North Carolina,Office Supplies,Paper,Corporate,5,9.84,0.2,39.36,5.90,5
2023-02-13,West,California,Technology,Phones,Corporate,5,206.81,0.15,878.94,32.96,4
2023-02-13,East,Pennsylvania,Technology,Computers,Corporate,4,617.51,0,2470.04,444.61,4
2023-02-13,West,Oregon,Office Supplies,Paper,Corporate,8,8.19,0,65.52,27.52,5
2023-02-13,Central,Michigan,Technology,Phones,Consumer,2,282.06,0,564.12,135.39,4
2023-02-14,South,Alabama,Technology,Computers,Consumer,4,836.62,0,3346.48,602.37,2
2023-02-14,Central,Illinois,Office Supplies,Paper,Consumer,4,14.15,0,56.60,23.77,2
2023-02-14,Central,Illinois,Furniture,Furnishings,Home Office,1,69.03,0,69.03,23.47,4
2023-02-14,West,Washington,Office Supplies,Paper,Consumer,2,9.63,0.15,16.37,3.56,2
2023-02-14,Central,Missouri,Furniture,Bookcases,Consumer,1,134.05,0.15,113.94,-1.42,2
2023-02-14,West,Washington,Technology,Accessories,Corporate,2,58.83,0.1,105.89,23.83,5
2023-02-14,Northeast,Maine,Technology,Accessories,Consumer,11,33.77,0.15,315.75,49.73,2
2023-02-14,East,Pennsylvania,Office Supplies,Paper,Consumer,1,10.40,0,10.40,4.37,3
2023-02-14,West,California,Technology,Accessories,Consumer,1,26.15,0,26.15,9.41,1
2023-02-14,East,Georgia,Office Supplies,Binders,Consumer,5,19.25,0.1,86.63,21.22,3
2023-02-15,Northeast,Massachusetts,Office Supplies,Storage,Corporate,2,79.78,0,159.56,41.49,2
2023-02-15,East,Florida,Technology,Phones,Consumer,1,187.10,0.15,159.04,5.96,2
2023-02-15,Northeast,Maine,Office Supplies,Storage,Home Office,5,60.85,0.15,258.61,14.87,5
2023-02-15,Northeast,Connecticut,Office Supplies,Binders,Consumer,1,24.22,0,24.22,9.20,4
2023-02-15,West,Oregon,Office Supplies,Storage,Consumer,6,58.15,0.15,296.57,17.05,5
2023-02-15,East,Florida,Office Supplies,Art,Corporate,7,21.61,0,151.27,60.51,2
2023-02-15,South,Alabama,Furniture,Chairs,Home Office,2,140.74,0.1,253.33,36.73,2
2023-02-15,East,New York,Furniture,Chairs,Consumer,2,153.55,0,307.10,85.99,4
2023-02-16,Central,Minnesota,Furniture,Tables,Corporate,1,299.49,0.15,254.57,-15.91,3
2023-02-16,East,New York,Technology,Computers,Consumer,2,764.65,0.1,1376.37,61.94,2
2023-02-16,South,Texas,Office Supplies,Paper,Consumer,3,9.91,0,29.73,12.49,3
2023-02-16,Northeast,Maine,Office Supplies,Storage,Consumer,5,37.33,0.1,167.99,21.00,3
2023-02-17,Northeast,Massachusetts,Furniture,Bookcases,Corporate,11,147.33,0,1620.63,307.92,3
2023-02-17,South,Texas,Furniture,Chairs,Consumer,4,238.82,0.3,668.70,-83.59,2
2023-02-17,Central,Missouri,Technology,Phones,Consumer,3,247.64,0.1,668.63,70.21,4
2023-02-18,South,North Carolina,Technology,Accessories,Consumer,5,28.13,0,140.65,50.63,3
2023-02-18,East,Virginia,Furniture,Bookcases,Corporate,4,147.50,0,590.00,112.10,4
2023-02-19,Central,Illinois,Office Supplies,Art,Consumer,3,21.51,0.3,45.17,-0.23,5
2023-02-19,West,California,Technology,Computers,Consumer,1,531.93,0.15,452.14,-10.17,4
2023-02-20,East,Virginia,Furniture,Tables,Consumer,2,327.52,0,655.04,91.71,4
2023-02-20,East,Georgia,Furniture,Bookcases,Consumer,22,151.22,0.1,2994.16,164.68,4
2023-02-20,West,California,Furniture,Furnishings,Consumer,3,46.38,0,139.14,47.31,4
2023-02-20,West,Colorado,Office Supplies,Storage,Consumer,3,75.33,0,225.99,58.76,2
2023-02-21,East,Virginia,Office Supplies,Paper,Consumer,9,15.95,0,143.55,60.29,3
2023-02-21,Northeast,New Jersey,Technology,Accessories,Corporate,2,40.00,0.1,72.00,16.20,3
2023-02-21,East,Georgia,Furniture,Chairs,Consumer,2,272.97,0,545.94,152.86,4
2023-02-21,East,Georgia,Technology,Copiers,Corporate,2,1444.43,0.1,2599.97,195.00,4
2023-02-21,South,North Carolina,Office Supplies,Art,Consumer,4,35.59,0,142.36,56.94,7
2023-02-21,East,New York,Furniture,Bookcases,Home Office,9,196.19,0,1765.71,335.48,2
2023-02-21,East,New York,Office Supplies,Binders,Corporate,1,24.52,0,24.52,9.32,5
2023-02-21,West,California,Office Supplies,Paper,Corporate,7,11.07,0,77.49,32.55,3
2023-02-22,East,Pennsylvania,Furniture,Furnishings,Consumer,12,56.61,0,679.32,230.97,2
2023-02-22,East,Pennsylvania,Furniture,Furnishings,Consumer,3,54.53,0,163.59,55.62,3
2023-02-22,South,Tennessee,Office Supplies,Storage,Consumer,2,46.35,0,92.70,24.10,2
2023-02-22,East,Pennsylvania,Furniture,Chairs,Corporate,6,160.07,0,960.42,268.92,3
2023-02-22,East,Florida,Furniture,Bookcases,Corporate,2,203.74,0.2,325.98,-26.08,3
2023-02-22,East,New York,Technology,Accessories,Corporate,4,26.93,0,107.72,38.78,8
2023-02-22,East,New York,Furniture,Bookcases,Consumer,2,230.55,0,461.10,87.61,2
2023-02-23,West,Nevada,Technology,Computers,Consumer,2,929.15,0,1858.30,334.49,3
2023-02-23,South,Texas,Office Supplies,Storage,Corporate,4,62.35,0,249.40,64.84,2
2023-02-23,Northeast,Connecticut,Technology,Accessories,Consumer,1,31.61,0,31.61,11.38,4
2023-02-23,West,California,Furniture,Chairs,Consumer,3,207.46,0,622.38,174.27,2
2023-02-23,Northeast,Massachusetts,Office Supplies,Art,Consumer,8,21.38,0,171.04,68.42,4
2023-02-23,East,Georgia,Furniture,Chairs,Corporate,4,324.87,0,1299.48,363.85,3
2023-02-23,South,Alabama,Furniture,Bookcases,Consumer,3,133.07,0,399.21,75.85,7
2023-02-24,West,California,Furniture,Tables,Home Office,5,382.52,0.15,1625.71,-101.61,3
2023-02-24,West,California,Technology,Phones,Consumer,3,286.50,0,859.50,206.28,2
2023-02-24,East,Georgia,Office Supplies,Art,Corporate,4,27.94,0,111.76,44.70,3
2023-02-24,Central,Ohio,Technology,Accessories,Corporate,4,59.21,0,236.84,85.26,2
2023-02-24,Central,Illinois,Technology,Phones,Corporate,2,213.94,0.2,342.30,-10.27,4
2023-02-24,Central,Missouri,Technology,Phones,Home Office,2,236.80,0,473.60,113.66,3
2023-02-25,East,Georgia,Office Supplies,Art,Consumer,1,13.31,0,13.31,5.32,2
2023-02-25,East,New York,Office Supplies,Binders,Consumer,3,17.45,0.1,47.11,11.54,5
2023-02-25,Northeast,Connecticut,Furniture,Bookcases,Corporate,4,123.29,0.1,443.84,24.41,5
2023-02-25,Central,Minnesota,Technology,Accessories,Corporate,3,28.71,0,86.13,31.01,9
2023-02-26,South,Louisiana,Furniture,Chairs,Corporate,3,154.75,0,464.25,129.99,9
2023-02-27,South,Tennessee,Furniture,Tables,Consumer,6,202.53,0,1215.18,170.13,3
2023-02-27,Central,Minnesota,Furniture,Chairs,Consumer,3,192.32,0,576.96,161.55,3
2023-02-27,East,Pennsylvania,Furniture,Chairs,Corporate,3,260.03,0,780.09,218.43,3
2023-02-27,East,Florida,Office Supplies,Paper,Corporate,2,9.30,0.1,16.74,4.77,1
2023-02-27,East,Florida,Office Supplies,Storage,Corporate,1,79.66,0.2,63.73,-0.64,2
2023-02-28,Central,Minnesota,Furniture,Tables,Consumer,4,286.25,0,1145.00,160.30,2
2023-02-28,East,Pennsylvania,Technology,Copiers,Corporate,1,1637.53,0.1,1473.78,110.53,3
2023-03-01,Central,Missouri,Furniture,Chairs,Consumer,2,247.05,0,494.10,138.35,4
2023-03-01,Central,Michigan,Office Supplies,Paper,Home Office,4,8.38,0,33.52,14.08,4
2023-03-01,West,Washington,Technology,Phones,Corporate,10,254.40,0,2544.00,610.56,3
2023-03-01,East,New York,Office Supplies,Binders,Consumer,3,12.53,0.1,33.83,8.29,3
2023-03-01,West,Oregon,Office Supplies,Binders,Consumer,6,21.18,0,127.08,48.29,4
2023-03-01,Central,Michigan,Technology,Phones,Corporate,2,183.35,0,366.70,88.01,2
2023-03-01,Central,Michigan,Furniture,Chairs,Consumer,1,274.42,0.3,192.09,-24.01,5
2023-03-02,Northeast,Massachusetts,Furniture,Tables,Home Office,2,342.05,0.15,581.49,-36.34,3
2023-03-02,West,California,Technology,Phones,Consumer,1,240.77,0,240.77,57.78,2
2023-03-02,West,Washington,Technology,Accessories,Consumer,4,30.18,0,120.72,43.46,2
2023-03-02,East,New York,Technology,Computers,Consumer,2,697.54,0.2,1116.06,-100.45,2
2023-03-02,East,Pennsylvania,Office Supplies,Art,Corporate,5,15.18,0.15,64.52,12.74,4
2023-03-02,Northeast,New Jersey,Office Supplies,Art,Corporate,3,24.25,0.15,61.84,12.21,4
2023-03-02,Central,Illinois,Furniture,Tables,Consumer,14,479.10,0.2,5365.92,-697.57,2
2023-03-02,Central,Illinois,Office Supplies,Storage,Home Office,4,49.70,0,198.80,51.69,2
2023-03-02,West,California,Furniture,Bookcases,Consumer,2,138.31,0,276.62,52.56,6
2023-03-02,Central,Michigan,Technology,Copiers,Corporate,1,1619.38,0,1619.38,340.07,7
2023-03-03,Northeast,Massachusetts,Furniture,Tables,Consumer,3,305.08,0.1,823.72,4.12,3
2023-03-03,East,Pennsylvania,Office Supplies,Paper,Consumer,4,10.76,0,43.04,18.08,6
2023-03-03,West,California,Technology,Computers,Home Office,9,728.99,0,6560.91,1180.96,4
2023-03-04,South,Texas,Office Supplies,Paper,Home Office,2,11.35,0,22.70,9.53,3
2023-03-04,Central,Ohio,Furniture,Bookcases,Consumer,3,240.96,0,722.88,137.35,2
2023-03-04,Central,Michigan,Technology,Computers,Home Office,7,675.39,0.1,4254.96,191.47,5
2023-03-04,South,Texas,Technology,Copiers,Consumer,10,2071.64,0.1,18644.76,1398.36,4
2023-03-04,South,Texas,Technology,Phones,Corporate,5,340.66,0,1703.30,408.79,2
2023-03-05,West,Washington,Technology,Accessories,Consumer,1,24.13,0,24.13,8.69,4
2023-03-05,East,New York,Technology,Phones,Home Office,3,354.21,0,1062.63,255.03,2
2023-03-05,Central,Illinois,Technology,Phones,Home Office,3,239.47,0.2,574.73,-17.24,3
2023-03-05,Central,Illinois,Technology,Computers,Consumer,1,1039.35,0,1039.35,187.08,2
2023-03-05,Central,Illinois,Furniture,Chairs,Corporate,10,309.97,0,3099.70,867.92,1
2023-03-06,East,Pennsylvania,Technology,Phones,Corporate,4,169.87,0,679.48,163.08,3
2023-03-06,East,Virginia,Technology,Phones,Consumer,4,180.81,0,723.24,173.58,2
2023-03-06,East,Georgia,Technology,Computers,Consumer,4,948.65,0,3794.60,683.03,2
2023-03-06,East,New York,Technology,Copiers,Consumer,3,1085.32,0.15,2767.57,20.76,3
2023-03-06,East,New York,Office Supplies,Paper,Corporate,3,12.83,0,38.49,16.17,5
2023-03-06,West,Oregon,Office Supplies,Storage,Consumer,5,77.89,0,389.45,101.26,2
2023-03-07,East,Pennsylvania,Technology,Accessories,Corporate,1,37.34,0.1,33.61,7.56,4
2023-03-07,Central,Michigan,Technology,Accessories,Corporate,3,37.29,0.3,78.31,-3.52,2
2023-03-07,West,Washington,Furniture,Chairs,Consumer,3,318.00,0.1,858.60,124.50,2
2023-03-07,East,New York,Furniture,Chairs,Home Office,2,218.78,0.1,393.80,57.10,2
2023-03-07,East,Florida,Technology,Computers,Consumer,3,631.40,0,1894.20,340.96,2
2023-03-08,East,Pennsylvania,Furniture,Chairs,Corporate,3,229.45,0,688.35,192.74,3
2023-03-08,East,Virginia,Furniture,Furnishings,Corporate,4,42.01,0.1,151.24,31.00,3
2023-03-08,East,Pennsylvania,Technology,Accessories,Consumer,1,30.40,0,30.40,10.94,3
2023-03-08,East,Florida,Furniture,Tables,Consumer,1,422.16,0.15,358.84,-22.43,8
2023-03-08,South,Alabama,Technology,Copiers,Consumer,1,1140.21,0,1140.21,239.44,6
2023-03-08,Central,Ohio,Technology,Phones,Home Office,4,160.62,0,642.48,154.20,3
2023-03-09,South,Texas,Office Supplies,Storage,Corporate,5,84.31,0.1,379.40,47.43,4
2023-03-09,East,Georgia,Technology,Copiers,Corporate,2,1563.10,0,3126.20,656.50,2
2023-03-09,East,Pennsylvania,Technology,Phones,Consumer,2,157.29,0.1,283.12,29.73,2
2023-03-09,West,California,Technology,Phones,Consumer,9,241.07,0.15,1844.19,69.16,3
2023-03-09,East,Florida,Office Supplies,Paper,Home Office,3,14.08,0,42.24,17.74,3
2023-03-09,West,Oregon,Furniture,Tables,Consumer,5,426.00,0.1,1917.00,9.59,2
2023-03-10,Northeast,Maine,Technology,Phones,Consumer,2,224.80,0,449.60,107.90,6
2023-03-10,East,Florida,Furniture,Chairs,Consumer,9,183.36,0.1,1485.22,215.36,2
2023-03-10,West,California,Office Supplies,Storage,Corporate,10,53.88,0.15,457.98,26.33,4
2023-03-10,West,California,Furniture,Furnishings,Consumer,3,46.18,0,138.54,47.10,2
2023-03-10,West,Washington,Technology,Computers,Consumer,2,556.63,0,1113.26,200.39,2
2023-03-10,West,Washington,Technology,Computers,Consumer,9,808.52,0.1,6549.01,294.71,7
2023-03-10,West,California,Office Supplies,Art,Home Office,7,24.05,0,168.35,67.34,6
2023-03-10,South,Tennessee,Technology,Computers,Corporate,1,961.20,0,961.20,173.02,9
2023-03-10,South,Texas,Furniture,Bookcases,Corporate,1,154.59,0.15,131.40,-1.64,4
2023-03-10,West,Oregon,Office Supplies,Art,Corporate,4,23.85,0,95.40,38.16,7
2023-03-10,Central,Michigan,Technology,Copiers,Corporate,7,1091.09,0,7637.63,1603.90,2
2023-03-11,West,California,Office Supplies,Storage,Home Office,2,76.22,0.1,137.20,17.15,2
2023-03-11,South,North Carolina,Technology,Phones,Home Office,6,273.82,0,1642.92,394.30,4
2023-03-11,South,Louisiana,Office Supplies,Paper,Consumer,10,9.60,0,96.00,40.32,5
2023-03-12,West,California,Office Supplies,Binders,Consumer,8,15.57,0,124.56,47.33,2
2023-03-13,West,California,Technology,Computers,Home Office,5,994.98,0.2,3979.92,-358.19,5
2023-03-13,West,Arizona,Technology,Phones,Consumer,3,267.17,0.15,681.28,25.55,5
2023-03-13,West,California,Furniture,Furnishings,Consumer,5,49.18,0,245.90,83.61,3
2023-03-13,Central,Michigan,Technology,Computers,Consumer,5,763.84,0.2,3055.36,-274.98,6
2023-03-13,West,Oregon,Furniture,Tables,Consumer,2,219.39,0,438.78,61.43,4
2023-03-13,South,Texas,Office Supplies,Storage,Consumer,2,64.00,0.1,115.20,14.40,7
2023-03-14,East,Virginia,Technology,Accessories,Consumer,2,39.80,0.15,67.66,10.66,7
2023-03-14,Central,Michigan,Technology,Copiers,Consumer,4,1952.20,0,7808.80,1639.85,4
2023-03-14,West,Washington,Technology,Accessories,Consumer,3,31.89,0,95.67,34.44,6
2023-03-14,East,Virginia,Office Supplies,Storage,Consumer,1,60.08,0.1,54.07,6.76,4
2023-03-14,West,Oregon,Furniture,Furnishings,Consumer,2,64.26,0.1,115.67,23.71,2
2023-03-14,Northeast,New Jersey,Furniture,Chairs,Corporate,3,166.13,0,498.39,139.55,2
2023-03-14,West,Washington,Furniture,Chairs,Corporate,2,180.43,0,360.86,101.04,4
2023-03-14,South,Texas,Technology,Computers,Consumer,4,862.42,0,3449.68,620.94,7
2023-03-14,South,North Carolina,Office Supplies,Storage,Consumer,2,46.23,0.1,83.21,10.40,3
2023-03-14,South,North Carolina,Office Supplies,Paper,Home Office,2,14.11,0.1,25.40,7.24,4
2023-03-14,Northeast,Massachusetts,Office Supplies,Binders,Corporate,2,17.65,0,35.30,13.41,5
2023-03-14,West,Arizona,Office Supplies,Binders,Consumer,2,13.94,0.15,23.70,4.21,3
2023-03-15,South,Texas,Office Supplies,Art,Consumer,9,17.69,0,159.21,63.68,3
2023-03-15,East,New York,Technology,Phones,Consumer,2,147.79,0.1,266.02,27.93,2
2023-03-15,South,Texas,Office Supplies,Storage,Consumer,8,60.01,0,480.08,124.82,4
2023-03-15,East,Georgia,Technology,Phones,Home Office,3,237.21,0,711.63,170.79,6
2023-03-15,Central,Minnesota,Furniture,Furnishings,Corporate,5,60.38,0.3,211.33,-13.74,2
2023-03-16,Northeast,New Jersey,Office Supplies,Art,Corporate,5,26.80,0.1,120.60,31.96,5
2023-03-16,South,Texas,Technology,Copiers,Home Office,6,1113.49,0.2,5344.75,-320.69,4
2023-03-16,East,Georgia,Furniture,Bookcases,Corporate,5,146.99,0,734.95,139.64,4
2023-03-16,Northeast,New Jersey,Technology,Phones,Consumer,5,275.34,0,1376.70,330.41,4
2023-03-16,West,Washington,Technology,Phones,Home Office,2,297.61,0,595.22,142.85,4
2023-03-16,Central,Ohio,Furniture,Tables,Corporate,5,350.02,0,1750.10,245.01,7
2023-03-16,West,Oregon,Technology,Computers,Consumer,5,653.23,0.15,2776.23,-62.47,2
2023-03-16,West,Nevada,Office Supplies,Art,Home Office,3,30.24,0,90.72,36.29,2
2023-03-16,East,Georgia,Office Supplies,Binders,Home Office,2,11.67,0,23.34,8.87,5
2023-03-16,West,California,Technology,Computers,Corporate,2,654.38,0,1308.76,235.58,2
2023-03-17,West,California,Furniture,Tables,Consumer,5,319.10,0.1,1435.95,7.18,2
2023-03-17,East,Florida,Furniture,Furnishings,Home Office,2,42.92,0,85.84,29.19,10
2023-03-17,East,Pennsylvania,Office Supplies,Paper,Consumer,4,16.81,0,67.24,28.24,3
2023-03-17,South,Texas,Office Supplies,Paper,Consumer,4,18.20,0,72.80,30.58,3
2023-03-17,West,California,Office Supplies,Paper,Consumer,15,13.61,0,204.15,85.74,4
2023-03-17,West,Arizona,Furniture,Bookcases,Home Office,5,153.62,0.1,691.29,38.02,2
2023-03-17,Northeast,Massachusetts,Technology,Phones,Consumer,4,220.84,0.15,750.86,28.16,5
2023-03-17,Central,Michigan,Furniture,Bookcases,Corporate,7,207.05,0.1,1304.42,71.74,4
2023-03-18,East,New York,Office Supplies,Art,Consumer,1,12.54,0,12.54,5.02,4
2023-03-18,Northeast,Maine,Furniture,Bookcases,Corporate,1,200.23,0.2,160.18,-12.81,7
2023-03-18,South,Louisiana,Furniture,Furnishings,Consumer,4,39.36,0,157.44,53.53,5
2023-03-18,East,Florida,Office Supplies,Paper,Corporate,2,15.59,0,31.18,13.10,3
2023-03-18,South,Texas,Office Supplies,Paper,Consumer,2,13.99,0,27.98,11.75,4
2023-03-18,Central,Minnesota,Technology,Phones,Corporate,3,308.29,0.1,832.38,87.40,5
2023-03-19,East,Pennsylvania,Office Supplies,Storage,Consumer,3,81.59,0.2,195.82,-1.96,4
2023-03-19,West,Nevada,Office Supplies,Storage,Home Office,2,65.30,0,130.60,33.96,4
2023-03-20,West,California,Office Supplies,Binders,Consumer,3,17.51,0,52.53,19.96,5
2023-03-20,West,Colorado,Office Supplies,Paper,Home Office,5,16.48,0,82.40,34.61,2
2023-03-20,East,Florida,Office Supplies,Art,Consumer,3,33.59,0,100.77,40.31,5
2023-03-21,East,Georgia,Furniture,Furnishings,Corporate,1,50.45,0,50.45,17.15,3
2023-03-21,South,Texas,Technology,Phones,Consumer,2,334.47,0,668.94,160.55,4
2023-03-21,East,New York,Furniture,Tables,Corporate,1,445.81,0,445.81,62.41,2
2023-03-21,South,Texas,Office Supplies,Paper,Consumer,10,13.72,0,137.20,57.62,3
2023-03-21,South,Texas,Furniture,Bookcases,Consumer,2,126.90,0.1,228.42,12.56,2
2023-03-21,East,Pennsylvania,Office Supplies,Binders,Home Office,5,18.07,0,90.35,34.33,4
2023-03-21,South,Texas,Furniture,Tables,Corporate,5,382.82,0,1914.10,267.97,2
2023-03-21,South,Texas,Furniture,Tables,Home Office,3,457.60,0.2,1098.24,-142.77,2
2023-03-22,Northeast,Massachusetts,Office Supplies,Binders,Consumer,1,16.23,0,16.23,6.17,2
2023-03-22,East,Virginia,Furniture,Tables,Corporate,5,338.01,0.15,1436.54,-89.78,3
2023-03-22,West,Nevada,Furniture,Chairs,Corporate,2,253.99,0,507.98,142.23,3
2023-03-22,East,New York,Technology,Phones,Corporate,2,198.66,0,397.32,95.36,4
2023-03-22,South,Louisiana,Furniture,Chairs,Corporate,12,193.32,0,2319.84,649.56,4
2023-03-22,West,California,Furniture,Tables,Consumer,2,269.37,0,538.74,75.42,5
2023-03-22,West,California,Furniture,Chairs,Corporate,3,206.80,0,620.40,173.71,2
2023-03-22,Central,Illinois,Office Supplies,Paper,Home Office,3,12.14,0,36.42,15.30,4
2023-03-22,Central,Ohio,Office Supplies,Binders,Consumer,1,26.44,0,26.44,10.05,5
2023-03-22,South,Alabama,Office Supplies,Paper,Corporate,4,11.32,0.3,31.70,0.48,4
2023-03-23,South,Texas,Furniture,Chairs,Consumer,2,203.14,0.1,365.65,53.02,6
2023-03-23,West,Arizona,Furniture,Chairs,Home Office,1,166.71,0,166.71,46.68,4
2023-03-23,South,Alabama,Office Supplies,Art,Consumer,6,19.82,0,118.92,47.57,7
2023-03-23,West,Oregon,Furniture,Tables,Corporate,5,364.63,0,1823.15,255.24,3
2023-03-23,East,Pennsylvania,Office Supplies,Paper,Consumer,3,9.59,0,28.77,12.08,5
2023-03-23,Northeast,Connecticut,Furniture,Tables,Consumer,1,393.33,0,393.33,55.07,2
2023-03-23,Central,Ohio,Furniture,Tables,Consumer,2,387.35,0.1,697.23,3.49,2
2023-03-24,South,Texas,Technology,Phones,Consumer,3,213.64,0.3,448.64,-74.03,2
2023-03-24,Central,Minnesota,Technology,Accessories,Home Office,6,55.98,0,335.88,120.92,6
2023-03-24,Northeast,Massachusetts,Furniture,Tables,Consumer,2,220.01,0,440.02,61.60,2
2023-03-24,West,Oregon,Technology,Computers,Consumer,3,1044.66,0.1,2820.58,126.93,3
2023-03-24,Central,Ohio,Technology,Accessories,Consumer,2,33.62,0,67.24,24.21,4
2023-03-24,South,North Carolina,Technology,Phones,Consumer,3,232.43,0.2,557.83,-16.73,5
2023-03-24,South,Louisiana,Technology,Phones,Consumer,3,288.37,0,865.11,207.63,3
2023-03-24,Northeast,Connecticut,Technology,Accessories,Consumer,3,33.70,0.1,90.99,20.47,4
2023-03-25,East,New York,Technology,Phones,Corporate,4,153.57,0,614.28,147.43,7
2023-03-26,East,Georgia,Furniture,Bookcases,Consumer,5,189.77,0,948.85,180.28,5
2023-03-27,East,Florida,Office Supplies,Storage,Consumer,3,85.54,0.15,218.13,12.54,2
2023-03-27,Central,Illinois,Technology,Computers,Consumer,4,685.49,0.15,2330.67,-52.44,2
2023-03-27,East,Pennsylvania,Office Supplies,Storage,Corporate,3,57.40,0,172.20,44.77,3
2023-03-27,South,Texas,Furniture,Furnishings,Consumer,4,41.65,0.15,141.61,19.47,4
2023-03-27,East,Virginia,Office Supplies,Storage,Consumer,4,76.73,0.1,276.23,34.53,4
2023-03-28,East,New York,Office Supplies,Binders,Corporate,6,17.48,0.3,73.42,-1.84,2
2023-03-28,Northeast,Massachusetts,Furniture,Tables,Consumer,3,426.79,0,1280.37,179.25,2
2023-03-28,South,Tennessee,Furniture,Chairs,Consumer,2,246.96,0,493.92,138.30,6
2023-03-28,West,Nevada,Furniture,Chairs,Corporate,2,120.07,0,240.14,67.24,2
2023-03-28,Central,Illinois,Furniture,Chairs,Consumer,2,199.42,0,398.84,111.68,4
2023-03-28,West,Oregon,Technology,Accessories,Consumer,1,35.11,0.1,31.60,7.11,3
2023-03-28,Central,Minnesota,Technology,Computers,Consumer,9,895.54,0,8059.86,1450.77,4
2023-03-28,East,Georgia,Furniture,Furnishings,Consumer,7,62.72,0.15,373.18,51.31,4
2023-03-28,East,Pennsylvania,Furniture,Bookcases,Corporate,2,135.24,0,270.48,51.39,2
2023-03-28,East,Pennsylvania,Technology,Copiers,Consumer,8,2159.88,0.2,13823.23,-829.39,5
2023-03-28,West,Nevada,Technology,Computers,Consumer,1,1133.09,0.1,1019.78,45.89,2
2023-03-29,South,Texas,Technology,Computers,Corporate,2,805.44,0,1610.88,289.96,3
2023-03-29,Northeast,Connecticut,Technology,Computers,Corporate,3,915.72,0,2747.16,494.49,2
2023-03-29,South,Texas,Technology,Computers,Corporate,4,921.02,0,3684.08,663.13,7
2023-03-29,West,California,Technology,Phones,Consumer,5,303.77,0,1518.85,364.52,5
2023-03-29,South,Louisiana,Office Supplies,Binders,Consumer,5,19.10,0,95.50,36.29,6
2023-03-29,West,Arizona,Technology,Copiers,Consumer,2,1420.81,0.1,2557.46,191.81,2
2023-03-29,West,Washington,Furniture,Tables,Home Office,2,432.49,0,864.98,121.10,3
2023-03-29,Central,Illinois,Technology,Accessories,Home Office,2,23.40,0.2,37.44,3.37,4
2023-03-30,East,Virginia,Office Supplies,Paper,Consumer,5,10.77,0,53.85,22.62,5
2023-03-30,West,Nevada,Technology,Copiers,Consumer,8,1450.00,0.3,8120.00,-1583.40,3
2023-03-30,West,Arizona,Office Supplies,Paper,Consumer,4,12.17,0,48.68,20.45,2
2023-03-30,East,Georgia,Technology,Accessories,Corporate,5,47.25,0.15,200.81,31.63,2
2023-03-30,Central,Michigan,Office Supplies,Binders,Corporate,12,11.32,0,135.84,51.62,4
2023-03-30,West,Washington,Technology,Accessories,Home Office,4,44.99,0,179.96,64.79,6
2023-03-30,West,Colorado,Technology,Copiers,Home Office,3,1277.64,0.1,3449.63,258.72,5
2023-03-31,East,Georgia,Furniture,Chairs,Corporate,1,203.83,0.1,183.45,26.60,4
2023-03-31,West,Nevada,Furniture,Tables,Corporate,2,413.83,0,827.66,115.87,7
2023-03-31,Central,Missouri,Office Supplies,Paper,Consumer,1,9.10,0,9.10,3.82,7
2023-03-31,West,Nevada,Furniture,Furnishings,Corporate,6,45.05,0,270.30,91.90,3
2023-03-31,Central,Missouri,Office Supplies,Art,Corporate,1,17.35,0,17.35,6.94,2
2023-04-01,South,Tennessee,Furniture,Furnishings,Corporate,2,41.78,0.1,75.20,15.42,2
2023-04-01,East,New York,Furniture,Tables,Corporate,3,410.51,0,1231.53,172.41,6
2023-04-01,West,California,Technology,Phones,Corporate,7,259.60,0.1,1635.48,171.73,2
2023-04-02,South,Texas,Technology,Phones,Consumer,1,260.95,0.2,208.76,-6.26,3
2023-04-03,East,Pennsylvania,Technology,Computers,Corporate,9,787.93,0,7091.37,1276.45,4
2023-04-03,Central,Missouri,Office Supplies,Paper,Consumer,6,14.01,0,84.06,35.31,3
2023-04-03,West,California,Technology,Phones,Consumer,1,247.88,0.1,223.09,23.42,2
2023-04-03,East,Pennsylvania,Technology,Phones,Consumer,4,336.44,0.1,1211.18,127.17,2
2023-04-03,South,Texas,Technology,Phones,Consumer,2,199.90,0.2,319.84,-9.60,1
2023-04-03,East,Georgia,Technology,Accessories,Consumer,8,32.88,0,263.04,94.69,4
2023-04-03,South,Texas,Technology,Computers,Consumer,4,1037.47,0.2,3319.90,-298.79,6
2023-04-04,East,Florida,Technology,Accessories,Corporate,1,31.25,0,31.25,11.25,3
2023-04-04,Central,Ohio,Office Supplies,Paper,Corporate,7,13.19,0.15,78.48,17.07,5
2023-04-04,Central,Michigan,Furniture,Bookcases,Consumer,7,214.02,0,1498.14,284.65,6
2023-04-04,South,North Carolina,Office Supplies,Storage,Consumer,3,53.24,0,159.72,41.53,3
2023-04-04,South,Texas,Technology,Accessories,Consumer,5,70.17,0.1,315.77,71.05,3
2023-04-04,West,California,Furniture,Furnishings,Consumer,1,65.46,0,65.46,22.26,4
2023-04-04,West,Washington,Technology,Computers,Corporate,4,805.36,0,3221.44,579.86,3
2023-04-04,West,California,Furniture,Chairs,Consumer,2,172.03,0.15,292.45,22.66,4
2023-04-04,Central,Michigan,Office Supplies,Art,Consumer,1,22.29,0.15,18.95,3.74,6
2023-04-05,South,North Carolina,Technology,Computers,Consumer,3,957.67,0.1,2585.71,116.36,2
2023-04-05,Central,Illinois,Technology,Accessories,Consumer,4,36.74,0.1,132.26,29.76,3
2023-04-05,West,Arizona,Furniture,Tables,Consumer,2,356.87,0,713.74,99.92,2
2023-04-05,West,Arizona,Office Supplies,Storage,Consumer,4,69.40,0,277.60,72.18,1
2023-04-05,West,Washington,Furniture,Chairs,Consumer,2,143.36,0.1,258.05,37.42,3
2023-04-05,East,Pennsylvania,Technology,Accessories,Consumer,7,34.97,0.15,208.07,32.77,3
2023-04-05,South,North Carolina,Technology,Computers,Consumer,3,932.62,0.15,2378.18,-53.51,3
2023-04-05,East,New York,Office Supplies,Art,Consumer,1,23.46,0,23.46,9.38,5
2023-04-06,East,Florida,Furniture,Chairs,Corporate,3,165.52,0.1,446.90,64.80,5
2023-04-06,East,New York,Technology,Computers,Consumer,2,657.03,0,1314.06,236.53,4
2023-04-07,East,Florida,Technology,Copiers,Consumer,2,1997.87,0.3,2797.02,-545.42,5
2023-04-07,East,Pennsylvania,Office Supplies,Binders,Corporate,1,14.91,0,14.91,5.67,3
2023-04-07,West,California,Furniture,Tables,Home Office,1,284.32,0,284.32,39.80,3
2023-04-07,East,Florida,Furniture,Bookcases,Corporate,3,153.07,0.1,413.29,22.73,9
2023-04-07,East,Pennsylvania,Furniture,Chairs,Consumer,13,203.81,0,2649.53,741.87,4
2023-04-09,West,California,Technology,Phones,Corporate,5,298.59,0,1492.95,358.31,3
2023-04-09,West,Washington,Office Supplies,Art,Consumer,1,21.29,0.15,18.10,3.57,4
2023-04-09,East,New York,Technology,Computers,Corporate,3,575.40,0.15,1467.27,-33.01,3
2023-04-09,Central,Missouri,Technology,Computers,Corporate,3,660.19,0,1980.57,356.50,6
2023-04-09,West,California,Furniture,Bookcases,Corporate,5,115.17,0,575.85,109.41,1
2023-04-10,South,Texas,Technology,Phones,Consumer,8,206.30,0,1650.40,396.10,4
2023-04-10,East,Florida,Technology,Phones,Consumer,14,309.05,0,4326.70,1038.41,3
2023-04-10,Central,Missouri,Furniture,Tables,Corporate,4,379.02,0,1516.08,212.25,5
2023-04-10,East,Florida,Technology,Phones,Corporate,1,254.23,0.2,203.38,-6.10,2
2023-04-10,East,Virginia,Technology,Phones,Consumer,11,222.86,0.1,2206.31,231.66,3
2023-04-10,Central,Missouri,Technology,Accessories,Consumer,2,48.35,0,96.70,34.81,2
2023-04-10,South,Texas,Furniture,Tables,Consumer,2,357.86,0,715.72,100.20,3
2023-04-11,East,New York,Technology,Computers,Consumer,7,786.54,0,5505.78,991.04,2
2023-04-11,West,California,Furniture,Furnishings,Consumer,9,37.75,0,339.75,115.52,3
2023-04-11,South,Texas,Furniture,Chairs,Corporate,4,222.35,0,889.40,249.03,4
2023-04-11,East,New York,Office Supplies,Binders,Corporate,10,14.12,0,141.20,53.66,3
2023-04-11,East,Florida,Office Supplies,Storage,Consumer,2,66.48,0,132.96,34.57,2
2023-04-11,South,Texas,Office Supplies,Art,Corporate,12,26.60,0,319.20,127.68,3
2023-04-11,Central,Michigan,Office Supplies,Binders,Corporate,3,12.69,0.2,30.46,3.35,2
2023-04-11,West,Arizona,Technology,Accessories,Corporate,4,32.01,0.1,115.24,25.93,1
2023-04-11,Central,Minnesota,Furniture,Furnishings,Consumer,2,34.54,0.1,62.17,12.74,3
2023-04-11,South,Texas,Technology,Phones,Consumer,3,211.72,0,635.16,152.44,4
2023-04-12,West,Arizona,Technology,Phones,Consumer,3,270.05,0,810.15,194.44,4
2023-04-12,Central,Michigan,Furniture,Bookcases,Consumer,4,217.44,0.15,739.30,-9.24,3
2023-04-12,East,New York,Office Supplies,Paper,Corporate,6,11.47,0,68.82,28.90,3
2023-04-12,Central,Ohio,Office Supplies,Binders,Corporate,3,18.83,0.1,50.84,12.46,4
2023-04-12,East,New York,Furniture,Bookcases,Corporate,6,156.45,0,938.70,178.35,6
2023-04-12,East,Virginia,Office Supplies,Art,Corporate,2,34.95,0.2,55.92,7.27,3
2023-04-12,East,Pennsylvania,Office Supplies,Storage,Consumer,2,64.71,0.1,116.48,14.56,2
2023-04-13,East,New York,Office Supplies,Paper,Corporate,2,12.59,0,25.18,10.58,5
2023-04-13,Northeast,Massachusetts,Technology,Copiers,Consumer,5,1696.63,0.1,7634.84,572.61,2
2023-04-13,West,California,Office Supplies,Paper,Consumer,1,11.21,0.1,10.09,2.88,6
2023-04-13,Northeast,Massachusetts,Technology,Accessories,Consumer,9,36.40,0.15,278.46,43.86,4
2023-04-14,East,New York,Technology,Accessories,Consumer,9,40.58,0,365.22,131.48,3
2023-04-14,East,Florida,Furniture,Chairs,Consumer,4,243.86,0,975.44,273.12,8
2023-04-14,Central,Michigan,Office Supplies,Binders,Home Office,4,22.08,0.1,79.49,19.48,9
2023-04-14,South,Texas,Office Supplies,Binders,Consumer,2,16.39,0.2,26.22,2.88,4
2023-04-14,Northeast,New Jersey,Office Supplies,Paper,Corporate,6,7.72,0,46.32,19.45,4
2023-04-14,Northeast,Massachusetts,Technology,Computers,Consumer,4,711.63,0,2846.52,512.37,4
2023-04-15,South,Tennessee,Office Supplies,Storage,Consumer,1,124.48,0,124.48,32.36,2
2023-04-15,Central,Illinois,Office Supplies,Art,Home Office,1,18.57,0.1,16.71,4.43,2
2023-04-15,Central,Michigan,Furniture,Chairs,Home Office,1,208.07,0,208.07,58.26,3
2023-04-15,East,Pennsylvania,Furniture,Tables,Consumer,1,262.47,0.15,223.10,-13.94,4
2023-04-16,West,California,Technology,Phones,Consumer,1,251.51,0,251.51,60.36,5
2023-04-16,West,California,Technology,Copiers,Consumer,1,1649.70,0,1649.70,346.44,10
2023-04-17,Northeast,Connecticut,Technology,Phones,Consumer,2,203.51,0.1,366.32,38.46,5
2023-04-17,East,New York,Furniture,Furnishings,Consumer,1,46.48,0.3,32.54,-2.12,2
2023-04-17,East,New York,Technology,Phones,Home Office,9,205.08,0,1845.72,442.97,4
2023-04-17,West,Nevada,Office Supplies,Storage,Corporate,3,50.50,0.1,136.35,17.04,4
2023-04-17,East,New York,Office Supplies,Binders,Consumer,2,22.12,0,44.24,16.81,3
2023-04-17,South,North Carolina,Technology,Computers,Consumer,6,1076.66,0.15,5490.97,-123.55,4
2023-04-17,West,California,Technology,Copiers,Consumer,4,1317.39,0,5269.56,1106.61,5
2023-04-18,Central,Illinois,Office Supplies,Paper,Corporate,1,16.22,0,16.22,6.81,3
2023-04-18,East,Georgia,Furniture,Bookcases,Consumer,3,170.50,0,511.50,97.19,3
2023-04-18,Northeast,New Jersey,Technology,Copiers,Home Office,3,1276.90,0,3830.70,804.45,5
2023-04-18,West,Arizona,Technology,Copiers,Corporate,8,1364.93,0.15,9281.52,69.61,3
2023-04-18,East,Georgia,Furniture,Chairs,Home Office,3,167.26,0,501.78,140.50,2
2023-04-18,West,California,Technology,Accessories,Corporate,1,24.79,0.1,22.31,5.02,5
2023-04-18,West,Washington,Technology,Phones,Consumer,7,209.35,0,1465.45,351.71,2
2023-04-18,West,Washington,Technology,Accessories,Consumer,7,41.24,0,288.68,103.92,8
2023-04-18,Central,Minnesota,Furniture,Furnishings,Consumer,3,44.94,0,134.82,45.84,3
2023-04-18,Northeast,New Jersey,Furniture,Tables,Consumer,2,234.31,0,468.62,65.61,10
2023-04-18,West,Washington,Office Supplies,Storage,Consumer,2,47.17,0.15,80.19,4.61,2
2023-04-18,East,Pennsylvania,Furniture,Furnishings,Consumer,10,45.65,0,456.50,155.21,3
2023-04-18,Central,Minnesota,Office Supplies,Storage,Consumer,7,61.46,0.3,301.15,-43.67,6
2023-04-18,West,Colorado,Furniture,Bookcases,Consumer,6,213.74,0,1282.44,243.66,5
2023-04-18,South,Texas,Technology,Phones,Consumer,3,244.55,0,733.65,176.08,3
2023-04-19,East,Pennsylvania,Technology,Phones,Consumer,3,204.90,0.1,553.23,58.09,3
2023-04-19,East,New York,Technology,Accessories,Consumer,4,37.35,0,149.40,53.78,3
2023-04-19,West,Oregon,Furniture,Bookcases,Consumer,2,162.15,0,324.30,61.62,2
2023-04-19,East,Georgia,Technology,Accessories,Corporate,2,44.11,0,88.22,31.76,5
2023-04-19,East,New York,Office Supplies,Storage,Corporate,3,65.25,0.1,176.18,22.02,2
2023-04-20,East,Georgia,Technology,Phones,Consumer,1,313.33,0.2,250.66,-7.52,3
2023-04-20,West,Washington,Furniture,Furnishings,Consumer,6,49.62,0,297.72,101.22,3
2023-04-20,Central,Illinois,Furniture,Bookcases,Consumer,1,141.48,0,141.48,26.88,4
2023-04-21,South,Texas,Furniture,Furnishings,Home Office,1,47.57,0,47.57,16.17,3
2023-04-21,South,Texas,Office Supplies,Paper,Consumer,1,10.17,0,10.17,4.27,5
2023-04-21,Central,Illinois,Furniture,Bookcases,Corporate,2,216.77,0,433.54,82.37,6
2023-04-21,Central,Ohio,Office Supplies,Art,Consumer,1,21.11,0,21.11,8.44,2
2023-04-21,East,New York,Technology,Computers,Home Office,2,559.47,0.15,951.10,-21.40,2
2023-04-21,Northeast,Massachusetts,Furniture,Furnishings,Consumer,6,47.35,0.1,255.69,52.42,3
2023-04-22,Northeast,Massachusetts,Furniture,Bookcases,Consumer,2,136.71,0,273.42,51.95,2
2023-04-22,South,Texas,Technology,Accessories,Consumer,2,31.38,0,62.76,22.59,4
2023-04-22,Northeast,New Jersey,Office Supplies,Paper,Consumer,2,14.87,0.1,26.77,7.63,10
2023-04-22,South,Alabama,Furniture,Chairs,Home Office,2,223.08,0.15,379.24,29.39,1
2023-04-22,Northeast,Massachusetts,Technology,Computers,Consumer,7,813.38,0,5693.66,1024.86,2
2023-04-23,West,Colorado,Furniture,Bookcases,Consumer,2,175.53,0.2,280.85,-22.47,3
2023-04-23,Central,Illinois,Office Supplies,Art,Home Office,3,18.91,0,56.73,22.69,2
2023-04-23,South,North Carolina,Office Supplies,Storage,Home Office,1,67.38,0,67.38,17.52,2
2023-04-23,East,New York,Office Supplies,Art,Home Office,3,13.01,0,39.03,15.61,3
2023-04-23,East,Virginia,Office Supplies,Binders,Corporate,4,19.49,0,77.96,29.62,3
2023-04-24,East,New York,Technology,Computers,Corporate,4,960.16,0,3840.64,691.32,3
2023-04-24,East,New York,Furniture,Furnishings,Home Office,1,60.19,0,60.19,20.46,4
2023-04-24,East,Virginia,Furniture,Bookcases,Consumer,2,183.85,0.1,330.93,18.20,4
2023-04-24,East,New York,Technology,Accessories,Consumer,4,44.54,0,178.16,64.14,4
2023-04-24,South,Texas,Office Supplies,Storage,Consumer,12,57.51,0.1,621.11,77.64,2
2023-04-24,South,Louisiana,Furniture,Chairs,Corporate,3,175.32,0.1,473.36,68.64,5
2023-04-24,West,California,Furniture,Bookcases,Consumer,6,191.81,0.1,1035.77,56.97,7
2023-04-25,West,Nevada,Technology,Computers,Home Office,8,752.64,0,6021.12,1083.80,2
2023-04-25,Central,Michigan,Technology,Accessories,Home Office,9,34.98,0.15,267.60,42.15,2
2023-04-25,West,California,Office Supplies,Binders,Consumer,2,16.01,0.15,27.22,4.83,3
2023-04-25,East,Pennsylvania,Furniture,Chairs,Corporate,6,181.80,0,1090.80,305.42,3
2023-04-25,East,Florida,Office Supplies,Paper,Consumer,1,12.39,0.1,11.15,3.18,3
2023-04-25,West,California,Technology,Computers,Corporate,1,752.39,0,752.39,135.43,3
2023-04-25,West,California,Office Supplies,Binders,Corporate,1,13.45,0.1,12.11,2.97,4
2023-04-25,East,Pennsylvania,Furniture,Bookcases,Home Office,5,155.74,0.2,622.96,-49.84,3
2023-04-25,East,New York,Technology,Computers,Consumer,6,866.53,0,5199.18,935.85,5
2023-04-25,East,Florida,Office Supplies,Paper,Consumer,11,9.38,0.15,87.70,19.07,3
2023-04-25,Northeast,Connecticut,Furniture,Tables,Consumer,8,332.39,0.15,2260.25,-141.27,4
2023-04-25,Northeast,Massachusetts,Furniture,Chairs,Consumer,1,261.72,0.3,183.20,-22.90,5
2023-04-26,East,Pennsylvania,Furniture,Chairs,Consumer,1,269.14,0,269.14,75.36,3
2023-04-26,West,Oregon,Technology,Phones,Home Office,2,203.84,0,407.68,97.84,4
2023-04-26,East,New York,Furniture,Bookcases,Consumer,1,151.55,0.15,128.82,-1.61,2
2023-04-26,East,New York,Office Supplies,Binders,Consumer,3,20.75,0,62.25,23.66,2
2023-04-26,Central,Illinois,Technology,Computers,Corporate,1,796.10,0,796.10,143.30,4
2023-04-26,West,California,Furniture,Bookcases,Corporate,2,131.38,0,262.76,49.92,2
2023-04-26,Northeast,Maine,Technology,Phones,Corporate,3,231.32,0.1,624.56,65.58,4
2023-04-26,South,Texas,Office Supplies,Binders,Consumer,2,17.94,0,35.88,13.63,3
2023-04-26,East,New York,Office Supplies,Storage,Home Office,4,66.20,0,264.80,68.85,6
2023-04-26,East,Georgia,Technology,Accessories,Consumer,1,35.52,0,35.52,12.79,3
2023-04-27,West,Washington,Furniture,Chairs,Corporate,3,231.45,0,694.35,194.42,2
2023-04-27,Central,Missouri,Office Supplies,Storage,Corporate,2,82.28,0.1,148.10,18.51,3
2023-04-27,West,California,Technology,Computers,Consumer,2,719.36,0,1438.72,258.97,2
2023-04-27,West,Nevada,Furniture,Furnishings,Consumer,4,34.22,0,136.88,46.54,8
2023-04-27,West,Oregon,Technology,Computers,Consumer,2,710.49,0,1420.98,255.78,3
2023-04-28,West,California,Office Supplies,Binders,Corporate,5,17.38,0,86.90,33.02,5
2023-04-28,Central,Missouri,Office Supplies,Storage,Corporate,2,84.05,0.1,151.29,18.91,2
2023-04-28,East,New York,Office Supplies,Art,Consumer,9,20.22,0.1,163.78,43.40,4
2023-04-28,West,Oregon,Technology,Copiers,Consumer,1,1825.83,0,1825.83,383.42,3
2023-04-28,South,Texas,Furniture,Tables,Consumer,3,303.95,0.1,820.67,4.10,2
2023-04-28,Central,Missouri,Technology,Computers,Consumer,2,935.72,0.15,1590.72,-35.79,3
2023-04-28,East,Virginia,Office Supplies,Binders,Home Office,2,17.59,0,35.18,13.37,5
2023-04-29,South,Texas,Office Supplies,Storage,Corporate,2,58.09,0.15,98.75,5.68,2
2023-04-29,Central,Ohio,Technology,Copiers,Consumer,3,1413.11,0.2,3391.46,-203.49,3
2023-04-29,Central,Illinois,Technology,Computers,Consumer,1,644.96,0,644.96,116.09,3
2023-04-29,Central,Missouri,Technology,Accessories,Home Office,3,41.15,0,123.45,44.44,2
2023-04-30,West,Colorado,Technology,Phones,Corporate,1,274.02,0,274.02,65.76,4
2023-04-30,South,Tennessee,Technology,Computers,Consumer,5,1487.55,0,7437.75,1338.79,2
2023-04-30,West,Arizona,Office Supplies,Binders,Consumer,1,19.04,0.1,17.14,4.20,3
2023-05-01,South,Texas,Technology,Accessories,Consumer,1,36.25,0.1,32.63,7.34,3
2023-05-01,West,Washington,Technology,Phones,Home Office,2,184.90,0,369.80,88.75,3
2023-05-01,South,Tennessee,Furniture,Furnishings,Consumer,2,47.98,0,95.96,32.63,5
2023-05-01,Central,Illinois,Office Supplies,Storage,Corporate,5,78.87,0.1,354.92,44.37,6
2023-05-01,East,Pennsylvania,Furniture,Chairs,Consumer,2,256.79,0,513.58,143.80,3
2023-05-01,Central,Illinois,Office Supplies,Binders,Corporate,1,15.50,0,15.50,5.89,5
2023-05-01,Central,Michigan,Technology,Phones,Corporate,5,314.86,0.15,1338.16,50.18,2
2023-05-01,East,Pennsylvania,Technology,Accessories,Consumer,3,30.36,0,91.08,32.79,5
2023-05-02,East,Pennsylvania,Office Supplies,Paper,Corporate,1,12.31,0,12.31,5.17,2
2023-05-02,East,New York,Technology,Phones,Consumer,1,215.21,0.2,172.17,-5.17,1
2023-05-02,West,California,Technology,Phones,Consumer,7,298.73,0,2091.11,501.87,3
2023-05-02,Central,Michigan,Furniture,Bookcases,Home Office,1,135.25,0,135.25,25.70,4
2023-05-02,West,Washington,Technology,Computers,Home Office,8,955.43,0,7643.44,1375.82,3
2023-05-02,East,Georgia,Furniture,Chairs,Corporate,2,133.85,0.1,240.93,34.93,5
2023-05-02,Northeast,Massachusetts,Office Supplies,Paper,Consumer,2,15.33,0.15,26.06,5.67,3
2023-05-03,West,Oregon,Furniture,Chairs,Consumer,2,195.80,0.1,352.44,51.10,4
2023-05-03,South,North Carolina,Technology,Phones,Corporate,6,226.46,0,1358.76,326.10,2
2023-05-03,East,Virginia,Office Supplies,Art,Corporate,2,25.57,0.2,40.91,5.32,4
2023-05-03,West,Arizona,Technology,Phones,Consumer,4,255.90,0,1023.60,245.66,2
2023-05-03,Central,Illinois,Furniture,Tables,Corporate,2,418.96,0,837.92,117.31,2
2023-05-03,East,Georgia,Office Supplies,Binders,Consumer,2,19.98,0.1,35.96,8.81,2
2023-05-03,Central,Michigan,Office Supplies,Storage,Consumer,4,75.81,0,303.24,78.84,2
2023-05-03,West,California,Office Supplies,Paper,Consumer,13,13.12,0,170.56,71.64,2
2023-05-03,West,California,Technology,Accessories,Home Office,4,48.28,0.1,173.81,39.11,7
2023-05-03,South,North Carolina,Office Supplies,Storage,Corporate,4,82.94,0,331.76,86.26,3
2023-05-03,West,Washington,Technology,Accessories,Home Office,3,44.08,0,132.24,47.61,2
2023-05-03,East,Virginia,Office Supplies,Art,Corporate,14,27.61,0,386.54,154.62,3
2023-05-03,South,Louisiana,Furniture,Chairs,Home Office,5,226.18,0.1,1017.81,147.58,5
2023-05-04,West,California,Office Supplies,Art,Consumer,1,15.56,0.2,12.45,1.62,3
2023-05-04,Central,Ohio,Technology,Accessories,Consumer,6,37.36,0,224.16,80.70,1
2023-05-04,East,Pennsylvania,Office Supplies,Paper,Consumer,6,11.80,0,70.80,29.74,2
2023-05-04,East,New York,Technology,Computers,Consumer,3,528.90,0.1,1428.03,64.26,3
2023-05-04,Central,Missouri,Furniture,Bookcases,Consumer,1,230.78,0,230.78,43.85,6
2023-05-04,South,Texas,Technology,Accessories,Home Office,3,35.40,0.15,90.27,14.22,2
2023-05-04,South,North Carolina,Technology,Accessories,Corporate,2,38.45,0.15,65.37,10.30,6
2023-05-04,West,Oregon,Office Supplies,Paper,Consumer,3,18.16,0,54.48,22.88,5
2023-05-04,Northeast,New Jersey,Furniture,Bookcases,Corporate,3,111.05,0,333.15,63.30,4
2023-05-04,Northeast,New Jersey,Furniture,Tables,Consumer,2,466.63,0.15,793.27,-49.58,6
2023-05-04,West,Washington,Technology,Phones,Consumer,4,358.05,0.2,1145.76,-34.37,3
2023-05-04,East,New York,Furniture,Chairs,Home Office,5,295.18,0,1475.90,413.25,3
2023-05-04,West,Washington,Furniture,Chairs,Consumer,6,246.82,0,1480.92,414.66,3
2023-05-04,Central,Michigan,Furniture,Bookcases,Consumer,5,149.84,0,749.20,142.35,1
2023-05-04,Northeast,New Jersey,Office Supplies,Binders,Consumer,3,17.84,0,53.52,20.34,5
2023-05-05,Central,Minnesota,Technology,Accessories,Consumer,6,32.88,0,197.28,71.02,3
2023-05-05,East,New York,Technology,Phones,Corporate,1,306.63,0,306.63,73.59,1
2023-05-05,East,Pennsylvania,Technology,Phones,Corporate,4,252.58,0,1010.32,242.48,5
2023-05-05,West,Washington,Furniture,Bookcases,Consumer,1,204.91,0.3,143.44,-30.84,4
2023-05-05,South,Texas,Furniture,Chairs,Consumer,4,187.32,0.3,524.50,-65.56,2
2023-05-06,East,Georgia,Office Supplies,Storage,Consumer,2,50.24,0,100.48,26.12,3
2023-05-06,Central,Illinois,Office Supplies,Storage,Home Office,1,50.10,0.15,42.59,2.45,3
2023-05-06,Central,Ohio,Technology,Phones,Consumer,7,253.08,0.1,1594.40,167.41,2
2023-05-06,Central,Illinois,Technology,Phones,Corporate,2,224.64,0,449.28,107.83,4
2023-05-06,West,Arizona,Furniture,Bookcases,Consumer,4,117.02,0.3,327.66,-70.45,4
2023-05-07,South,Tennessee,Technology,Computers,Corporate,6,1092.41,0,6554.46,1179.80,3
2023-05-07,West,Colorado,Technology,Phones,Corporate,5,310.94,0,1554.70,373.13,5
2023-05-07,Central,Ohio,Furniture,Furnishings,Corporate,7,35.71,0.1,224.97,46.12,3
2023-05-08,East,New York,Technology,Computers,Corporate,1,880.12,0,880.12,158.42,7
2023-05-08,Central,Ohio,Office Supplies,Paper,Consumer,1,15.85,0,15.85,6.66,5
2023-05-08,Central,Ohio,Office Supplies,Art,Consumer,2,20.30,0,40.60,16.24,5
2023-05-08,Central,Ohio,Technology,Phones,Consumer,7,321.60,0.2,1800.96,-54.03,3
2023-05-08,Northeast,Massachusetts,Furniture,Tables,Consumer,3,427.67,0,1283.01,179.62,6
2023-05-09,South,Louisiana,Technology,Computers,Consumer,8,596.35,0,4770.80,858.74,2
2023-05-09,West,Oregon,Technology,Accessories,Consumer,5,42.07,0.1,189.32,42.60,4
2023-05-09,Northeast,Massachusetts,Technology,Phones,Home Office,3,200.23,0.15,510.59,19.15,2
2023-05-09,East,New York,Furniture,Bookcases,Home Office,3,120.45,0,361.35,68.66,2
2023-05-09,East,Florida,Technology,Computers,Consumer,9,812.98,0,7316.82,1317.03,1
2023-05-09,South,Texas,Furniture,Bookcases,Consumer,8,150.63,0,1205.04,228.96,6
2023-05-10,East,Pennsylvania,Technology,Phones,Consumer,5,230.75,0.2,923.00,-27.69,2
2023-05-10,West,Nevada,Technology,Computers,Consumer,5,1440.26,0,7201.30,1296.23,3
2023-05-10,West,California,Office Supplies,Storage,Corporate,6,60.53,0.1,326.86,40.86,4
2023-05-10,Central,Illinois,Technology,Computers,Home Office,4,614.51,0,2458.04,442.45,1
2023-05-10,South,Texas,Office Supplies,Storage,Corporate,2,71.95,0,143.90,37.41,6
2023-05-10,Central,Ohio,Furniture,Chairs,Corporate,2,260.91,0.2,417.46,4.17,5
2023-05-10,West,Oregon,Office Supplies,Storage,Corporate,6,54.29,0,325.74,84.69,5
2023-05-10,West,Nevada,Office Supplies,Storage,Consumer,8,54.11,0.15,367.95,21.16,2
2023-05-10,West,Nevada,Technology,Phones,Consumer,2,280.38,0,560.76,134.58,2
2023-05-10,South,Tennessee,Office Supplies,Paper,Consumer,3,7.68,0,23.04,9.68,5
2023-05-10,Central,Michigan,Technology,Accessories,Home Office,1,52.06,0,52.06,18.74,6
2023-05-10,Central,Michigan,Office Supplies,Paper,Consumer,4,8.67,0.15,29.48,6.41,2
2023-05-10,East,Virginia,Furniture,Furnishings,Consumer,5,56.04,0,280.20,95.27,2
2023-05-11,East,New York,Technology,Computers,Consumer,3,672.78,0.1,1816.51,81.74,5
2023-05-11,Northeast,New Jersey,Office Supplies,Storage,Consumer,1,57.58,0,57.58,14.97,3
2023-05-11,West,Nevada,Technology,Computers,Corporate,2,805.91,0,1611.82,290.13,8
2023-05-11,South,Texas,Office Supplies,Paper,Consumer,2,13.06,0.3,18.28,0.27,3
2023-05-11,Central,Illinois,Furniture,Furnishings,Home Office,5,45.82,0,229.10,77.89,2
2023-05-11,West,California,Furniture,Furnishings,Consumer,4,45.21,0.15,153.71,21.14,4
2023-05-11,East,Florida,Furniture,Chairs,Home Office,5,162.81,0.15,691.94,53.63,2
2023-05-11,East,New York,Furniture,Tables,Corporate,7,378.61,0,2650.27,371.04,2
2023-05-12,West,California,Technology,Accessories,Home Office,1,45.30,0,45.30,16.31,1
2023-05-12,Northeast,New Jersey,Office Supplies,Binders,Corporate,2,11.52,0,23.04,8.76,4
2023-05-12,Central,Michigan,Furniture,Tables,Consumer,11,306.00,0.2,2692.80,-350.06,3
2023-05-12,Northeast,New Jersey,Technology,Phones,Corporate,20,190.30,0,3806.00,913.44,2
2023-05-12,West,Arizona,Technology,Phones,Consumer,2,253.81,0,507.62,121.83,9
2023-05-12,East,Georgia,Furniture,Furnishings,Home Office,8,52.17,0,417.36,141.90,4
2023-05-12,Central,Ohio,Technology,Accessories,Consumer,3,38.33,0.3,80.49,-3.62,5
2023-05-12,Central,Ohio,Furniture,Tables,Consumer,3,503.85,0.15,1284.82,-80.30,4
2023-05-12,Northeast,New Jersey,Office Supplies,Paper,Corporate,1,11.02,0,11.02,4.63,5
2023-05-13,West,California,Technology,Phones,Consumer,5,173.10,0,865.50,207.72,5
2023-05-14,East,Pennsylvania,Office Supplies,Art,Corporate,2,29.19,0,58.38,23.35,2
2023-05-14,South,Texas,Furniture,Bookcases,Home Office,1,225.03,0.1,202.53,11.14,5
2023-05-14,East,New York,Furniture,Bookcases,Consumer,7,226.77,0,1587.39,301.60,8
2023-05-15,Northeast,Massachusetts,Furniture,Chairs,Home Office,9,241.38,0,2172.42,608.28,4
2023-05-15,Central,Ohio,Office Supplies,Storage,Corporate,3,55.82,0,167.46,43.54,4
2023-05-15,Northeast,Massachusetts,Office Supplies,Binders,Consumer,7,14.70,0.2,82.32,9.06,6
2023-05-15,East,Pennsylvania,Office Supplies,Binders,Corporate,4,20.08,0,80.32,30.52,2
2023-05-15,Central,Illinois,Furniture,Chairs,Corporate,10,248.28,0.1,2234.52,324.01,5
2023-05-15,West,Washington,Furniture,Bookcases,Consumer,8,257.44,0.1,1853.57,101.95,3
2023-05-15,West,Washington,Furniture,Chairs,Consumer,1,231.18,0,231.18,64.73,3
2023-05-15,Central,Michigan,Office Supplies,Paper,Consumer,2,12.81,0,25.62,10.76,1
2023-05-15,Northeast,Massachusetts,Office Supplies,Binders,Corporate,2,18.05,0.15,30.69,5.45,4
2023-05-16,Northeast,Massachusetts,Office Supplies,Binders,Consumer,1,13.81,0,13.81,5.25,1
2023-05-16,West,Washington,Office Supplies,Paper,Corporate,2,9.94,0,19.88,8.35,5
2023-05-16,South,North Carolina,Furniture,Chairs,Corporate,2,200.24,0.15,340.41,26.38,3
2023-05-16,East,Georgia,Furniture,Tables,Corporate,5,270.34,0.2,1081.36,-140.58,4
2023-05-17,Central,Ohio,Technology,Computers,Consumer,7,775.49,0.2,4342.74,-390.85,2
2023-05-17,Central,Illinois,Furniture,Tables,Home Office,2,310.15,0.1,558.27,2.79,5
2023-05-17,Central,Illinois,Technology,Copiers,Corporate,5,1524.81,0.15,6480.44,48.60,3
2023-05-17,Central,Illinois,Furniture,Tables,Corporate,7,468.40,0.1,2950.92,14.75,5
2023-05-17,Central,Ohio,Technology,Computers,Consumer,7,605.02,0.2,3388.11,-304.93,2
2023-05-17,West,Oregon,Furniture,Tables,Corporate,20,370.76,0,7415.20,1038.13,3
2023-05-18,South,North Carolina,Office Supplies,Binders,Consumer,4,22.84,0.1,82.22,20.14,2
2023-05-18,Northeast,Massachusetts,Technology,Phones,Corporate,7,296.63,0.15,1764.95,66.19,2
2023-05-18,South,Texas,Office Supplies,Storage,Corporate,5,39.73,0,198.65,51.65,4
2023-05-18,Central,Illinois,Office Supplies,Paper,Corporate,3,12.31,0,36.93,15.51,5
2023-05-18,Central,Illinois,Furniture,Furnishings,Corporate,5,56.94,0,284.70,96.80,6
2023-05-18,Central,Ohio,Technology,Computers,Corporate,2,689.56,0.2,1103.30,-99.30,3
2023-05-18,Central,Minnesota,Technology,Copiers,Consumer,2,1096.91,0,2193.82,460.70,5
2023-05-19,West,Colorado,Furniture,Bookcases,Home Office,3,119.22,0,357.66,67.96,4
2023-05-19,Central,Michigan,Technology,Phones,Home Office,2,246.29,0,492.58,118.22,4
2023-05-19,West,Oregon,Technology,Computers,Corporate,5,915.50,0.3,3204.25,-720.96,3
2023-05-19,South,Tennessee,Office Supplies,Art,Consumer,2,28.37,0,56.74,22.70,3
2023-05-19,Central,Michigan,Furniture,Bookcases,Consumer,4,160.54,0.1,577.94,31.79,2
2023-05-19,East,New York,Furniture,Bookcases,Consumer,3,131.99,0.1,356.37,19.60,5
2023-05-19,Central,Michigan,Technology,Phones,Corporate,3,315.99,0.15,805.77,30.22,4
2023-05-19,West,California,Office Supplies,Art,Corporate,3,19.76,0,59.28,23.71,6
2023-05-19,East,New York,Furniture,Furnishings,Corporate,3,42.71,0,128.13,43.56,2
2023-05-19,West,California,Furniture,Tables,Consumer,4,260.20,0,1040.80,145.71,4
2023-05-19,West,Nevada,Furniture,Furnishings,Corporate,2,70.66,0,141.32,48.05,3
2023-05-19,West,Oregon,Office Supplies,Storage,Consumer,1,61.09,0,61.09,15.88,5
2023-05-19,East,Pennsylvania,Technology,Accessories,Consumer,2,48.92,0,97.84,35.22,3
2023-05-19,West,California,Furniture,Chairs,Consumer,3,166.56,0,499.68,139.91,3
2023-05-20,Central,Illinois,Furniture,Chairs,Corporate,4,234.95,0,939.80,263.14,3
2023-05-20,East,Florida,Technology,Computers,Corporate,6,831.40,0,4988.40,897.91,4
2023-05-20,South,Texas,Office Supplies,Storage,Consumer,5,52.23,0,261.15,67.90,4
2023-05-20,West,Colorado,Technology,Copiers,Consumer,14,949.06,0,13286.84,2790.24,4
2023-05-21,East,Virginia,Technology,Computers,Home Office,2,955.85,0,1911.70,344.11,4
2023-05-21,West,Colorado,Office Supplies,Paper,Corporate,6,13.77,0.1,74.36,21.19,4
2023-05-22,Central,Illinois,Technology,Phones,Corporate,4,220.89,0,883.56,212.05,5
2023-05-22,Central,Michigan,Furniture,Bookcases,Home Office,1,144.15,0,144.15,27.39,3
2023-05-22,South,Tennessee,Furniture,Chairs,Corporate,3,240.87,0,722.61,202.33,5
2023-05-22,East,Virginia,Furniture,Chairs,Home Office,2,201.33,0.1,362.39,52.55,4
2023-05-22,East,Virginia,Furniture,Furnishings,Consumer,1,38.69,0.1,34.82,7.14,2
2023-05-22,East,Pennsylvania,Office Supplies,Paper,Corporate,2,12.67,0.1,22.81,6.50,6
2023-05-22,Central,Ohio,Furniture,Furnishings,Consumer,6,44.87,0.2,215.38,15.08,4
2023-05-23,East,Georgia,Technology,Phones,Corporate,4,205.31,0.2,656.99,-19.71,6
2023-05-23,West,Colorado,Technology,Accessories,Consumer,2,40.06,0,80.12,28.84,4
2023-05-23,East,Virginia,Office Supplies,Storage,Consumer,6,100.49,0,602.94,156.76,3
2023-05-23,West,Colorado,Technology,Accessories,Corporate,1,33.71,0,33.71,12.14,5
2023-05-23,West,California,Technology,Phones,Consumer,2,255.67,0.3,357.94,-59.06,5
2023-05-23,West,Nevada,Furniture,Chairs,Consumer,4,211.63,0.1,761.87,110.47,5
2023-05-24,East,New York,Furniture,Chairs,Consumer,3,187.45,0,562.35,157.46,2
2023-05-24,West,Washington,Furniture,Chairs,Consumer,2,136.31,0,272.62,76.33,4
2023-05-24,Central,Illinois,Office Supplies,Paper,Consumer,1,16.57,0,16.57,6.96,4
2023-05-24,East,Pennsylvania,Furniture,Bookcases,Corporate,13,194.69,0,2530.97,480.88,3
2023-05-24,South,Louisiana,Office Supplies,Storage,Consumer,2,64.24,0,128.48,33.40,2
2023-05-24,Central,Illinois,Office Supplies,Binders,Consumer,1,21.24,0,21.24,8.07,3
2023-05-25,West,California,Technology,Computers,Consumer,5,852.02,0,4260.10,766.82,4
2023-05-25,Northeast,New Jersey,Office Supplies,Paper,Home Office,7,11.17,0,78.19,32.84,3
2023-05-25,West,Oregon,Furniture,Bookcases,Consumer,6,163.21,0,979.26,186.06,1
2023-05-25,West,Washington,Office Supplies,Art,Home Office,4,21.27,0,85.08,34.03,3
2023-05-25,Northeast,New Jersey,Technology,Phones,Consumer,7,267.57,0,1872.99,449.52,4
2023-05-25,Central,Ohio,Technology,Computers,Corporate,8,760.52,0.1,5475.74,246.41,8
2023-05-25,West,Arizona,Furniture,Chairs,Corporate,8,217.56,0.2,1392.38,13.92,8
2023-05-25,West,California,Office Supplies,Binders,Home Office,1,11.52,0.1,10.37,2.54,9
2023-05-25,East,Virginia,Furniture,Chairs,Corporate,2,234.04,0,468.08,131.06,2
2023-05-25,West,Nevada,Furniture,Chairs,Home Office,2,219.14,0.1,394.45,57.20,4
2023-05-26,East,Georgia,Furniture,Tables,Corporate,3,276.16,0,828.48,115.99,4
2023-05-26,East,New York,Furniture,Tables,Home Office,4,235.03,0,940.12,131.62,3
2023-05-26,East,Florida,Office Supplies,Paper,Consumer,2,8.77,0.1,15.79,4.50,2
2023-05-26,East,New York,Office Supplies,Paper,Consumer,3,11.35,0.2,27.24,4.09,5
2023-05-26,Central,Ohio,Office Supplies,Binders,Consumer,7,17.48,0,122.36,46.50,4
2023-05-26,East,Florida,Technology,Phones,Corporate,9,189.82,0,1708.38,410.01,3
2023-05-26,Central,Michigan,Furniture,Tables,Consumer,5,463.90,0.2,1855.60,-241.23,10
2023-05-26,West,Nevada,Furniture,Bookcases,Corporate,2,131.96,0.2,211.14,-16.89,2
2023-05-26,East,New York,Technology,Copiers,Home Office,11,1305.16,0.15,12203.25,91.52,3
2023-05-27,East,Pennsylvania,Furniture,Chairs,Corporate,5,238.66,0,1193.30,334.12,3
2023-05-28,West,Washington,Office Supplies,Binders,Consumer,4,14.05,0.15,47.77,8.48,3
2023-05-28,Central,Minnesota,Technology,Computers,Consumer,3,638.42,0.2,1532.21,-137.90,4
2023-05-28,Central,Illinois,Furniture,Chairs,Corporate,1,172.40,0.15,146.54,11.36,2
2023-05-28,Central,Ohio,Office Supplies,Storage,Home Office,2,59.43,0.2,95.09,-0.95,1
2023-05-28,West,Washington,Furniture,Chairs,Home Office,1,248.73,0.1,223.86,32.46,7
2023-05-28,Central,Ohio,Furniture,Chairs,Home Office,3,149.17,0.15,380.38,29.48,3
2023-05-29,Northeast,New Jersey,Technology,Computers,Consumer,3,824.38,0,2473.14,445.17,3
2023-05-29,East,Virginia,Office Supplies,Paper,Consumer,5,10.28,0.1,46.26,13.18,2
2023-05-29,East,Virginia,Technology,Accessories,Consumer,1,56.50,0.15,48.03,7.56,2
2023-05-29,West,California,Office Supplies,Paper,Consumer,4,13.67,0.15,46.48,10.11,6
2023-05-29,Central,Illinois,Furniture,Tables,Consumer,3,363.44,0,1090.32,152.64,5
2023-05-29,West,California,Furniture,Tables,Corporate,3,479.27,0,1437.81,201.29,2
2023-05-29,West,Washington,Furniture,Bookcases,Consumer,5,149.46,0.15,635.21,-7.94,3
2023-05-29,West,Arizona,Technology,Phones,Corporate,4,259.73,0,1038.92,249.34,3
2023-05-30,Central,Ohio,Office Supplies,Art,Corporate,1,21.75,0,21.75,8.70,3
2023-05-30,Central,Ohio,Office Supplies,Binders,Consumer,2,19.57,0,39.14,14.87,3
2023-05-30,West,California,Furniture,Bookcases,Consumer,3,153.44,0,460.32,87.46,3
2023-05-30,South,Texas,Office Supplies,Binders,Corporate,4,14.29,0.1,51.44,12.60,1
2023-05-30,South,Texas,Technology,Phones,Consumer,1,188.81,0.15,160.49,6.02,3
2023-05-30,East,New York,Technology,Computers,Home Office,1,637.66,0,637.66,114.78,3
2023-05-30,Northeast,New Jersey,Office Supplies,Storage,Corporate,3,57.77,0.15,147.31,8.47,4
2023-05-30,South,North Carolina,Office Supplies,Binders,Corporate,2,26.10,0.1,46.98,11.51,4
2023-05-30,Central,Michigan,Office Supplies,Art,Home Office,2,20.22,0.1,36.40,9.65,2
2023-05-30,South,Texas,Furniture,Furnishings,Consumer,3,40.06,0.1,108.16,22.17,3
2023-05-31,East,Pennsylvania,Technology,Copiers,Consumer,3,1983.18,0.1,5354.59,401.59,2
2023-05-31,Central,Michigan,Technology,Computers,Home Office,5,909.52,0,4547.60,818.57,3
2023-05-31,East,Virginia,Technology,Phones,Consumer,4,315.43,0.3,883.20,-145.73,2
2023-05-31,Central,Ohio,Furniture,Bookcases,Corporate,2,189.80,0.1,341.64,18.79,5
2023-05-31,East,Georgia,Technology,Accessories,Corporate,1,49.50,0.1,44.55,10.02,4
2023-05-31,Central,Illinois,Office Supplies,Storage,Corporate,1,57.15,0.15,48.58,2.79,3
2023-05-31,Central,Ohio,Furniture,Tables,Corporate,19,361.90,0,6876.10,962.65,3
2023-05-31,Northeast,Connecticut,Furniture,Bookcases,Home Office,2,202.67,0,405.34,77.01,2
2023-05-31,South,Tennessee,Technology,Accessories,Consumer,2,50.18,0,100.36,36.13,3
2023-06-01,Central,Illinois,Office Supplies,Binders,Corporate,3,13.76,0,41.28,15.69,4
2023-06-01,Northeast,Massachusetts,Office Supplies,Binders,Consumer,4,24.64,0.2,78.85,8.67,3
2023-06-01,Northeast,Massachusetts,Office Supplies,Paper,Consumer,10,10.84,0.1,97.56,27.80,2
2023-06-01,South,Texas,Furniture,Tables,Consumer,1,289.93,0.15,246.44,-15.40,2
2023-06-01,South,North Carolina,Technology,Copiers,Consumer,4,2090.76,0.2,6690.43,-401.43,2
2023-06-01,West,Nevada,Technology,Computers,Corporate,10,900.72,0.1,8106.48,364.79,3
2023-06-01,West,California,Office Supplies,Binders,Corporate,3,25.10,0,75.30,28.61,6
2023-06-01,East,Florida,Technology,Phones,Corporate,2,212.86,0,425.72,102.17,2
2023-06-01,West,Nevada,Technology,Computers,Corporate,2,639.17,0,1278.34,230.10,2
2023-06-02,Central,Missouri,Furniture,Chairs,Consumer,6,182.48,0,1094.88,306.57,2
2023-06-02,Northeast,Massachusetts,Office Supplies,Binders,Consumer,11,20.00,0,220.00,83.60,7
2023-06-02,West,Oregon,Technology,Accessories,Home Office,5,62.32,0,311.60,112.18,3
2023-06-02,West,California,Office Supplies,Paper,Consumer,3,12.98,0.15,33.10,7.20,2
2023-06-02,Central,Illinois,Office Supplies,Paper,Corporate,3,12.75,0,38.25,16.06,3
2023-06-03,South,Texas,Technology,Computers,Home Office,1,664.43,0.15,564.77,-12.71,5
2023-06-03,Northeast,New Jersey,Office Supplies,Storage,Home Office,3,64.53,0,193.59,50.33,3
2023-06-03,West,California,Office Supplies,Paper,Consumer,5,8.50,0,42.50,17.85,3
2023-06-03,East,Florida,Furniture,Chairs,Consumer,2,345.93,0,691.86,193.72,8
2023-06-03,West,Washington,Office Supplies,Storage,Consumer,2,68.33,0,136.66,35.53,2
2023-06-04,Central,Missouri,Furniture,Tables,Consumer,4,412.39,0,1649.56,230.94,9
2023-06-04,West,Nevada,Furniture,Bookcases,Consumer,2,163.87,0,327.74,62.27,4
2023-06-04,East,Georgia,Technology,Computers,Consumer,3,762.13,0.15,1943.43,-43.73,2
2023-06-04,South,Texas,Technology,Phones,Consumer,2,225.39,0.2,360.62,-10.82,2
2023-06-05,West,Colorado,Technology,Copiers,Consumer,3,1111.15,0.15,2833.43,21.25,4
2023-06-05,South,Texas,Technology,Accessories,Corporate,1,49.66,0.1,44.69,10.06,4
2023-06-05,South,Texas,Furniture,Furnishings,Home Office,10,29.45,0,294.50,100.13,2
2023-06-05,West,Nevada,Technology,Accessories,Corporate,3,43.42,0,130.26,46.89,3
2023-06-05,East,New York,Technology,Computers,Corporate,2,518.16,0,1036.32,186.54,6
2023-06-05,West,Washington,Technology,Phones,Home Office,16,227.48,0,3639.68,873.52,4
2023-06-05,West,Washington,Furniture,Chairs,Home Office,1,348.23,0.1,313.41,45.44,2
2023-06-06,East,New York,Technology,Accessories,Corporate,9,38.95,0.15,297.97,46.93,3
2023-06-06,East,Georgia,Technology,Copiers,Corporate,4,1061.37,0,4245.48,891.55,6
2023-06-06,West,Nevada,Office Supplies,Paper,Corporate,4,11.11,0,44.44,18.66,2
2023-06-06,East,Georgia,Technology,Phones,Consumer,6,301.67,0,1810.02,434.40,3
2023-06-06,South,Tennessee,Furniture,Chairs,Corporate,1,169.74,0,169.74,47.53,9
2023-06-06,Central,Minnesota,Office Supplies,Binders,Corporate,2,10.06,0.2,16.10,1.77,8
2023-06-06,West,Oregon,Furniture,Furnishings,Corporate,3,40.30,0.1,108.81,22.31,3
2023-06-06,Central,Minnesota,Furniture,Tables,Consumer,2,338.86,0.1,609.95,3.05,3
2023-06-06,East,Florida,Furniture,Tables,Consumer,5,431.10,0,2155.50,301.77,2
2023-06-07,West,California,Office Supplies,Binders,Corporate,3,23.94,0,71.82,27.29,6
2023-06-07,West,Nevada,Office Supplies,Binders,Consumer,3,19.89,0,59.67,22.67,3
2023-06-07,Central,Illinois,Furniture,Chairs,Consumer,2,332.00,0,664.00,185.92,4
2023-06-07,East,New York,Technology,Accessories,Home Office,9,32.17,0.1,260.58,58.63,2
2023-06-07,East,Pennsylvania,Technology,Accessories,Corporate,4,36.77,0,147.08,52.95,1
2023-06-08,West,California,Office Supplies,Paper,Home Office,2,17.34,0,34.68,14.57,3
2023-06-08,East,Virginia,Technology,Computers,Consumer,2,756.72,0,1513.44,272.42,4
2023-06-08,Central,Missouri,Technology,Phones,Corporate,7,309.64,0,2167.48,520.20,6
2023-06-08,West,Oregon,Furniture,Tables,Corporate,2,340.38,0,680.76,95.31,1
2023-06-09,West,Colorado,Technology,Computers,Consumer,8,820.55,0.15,5579.74,-125.54,4
2023-06-09,East,New York,Furniture,Bookcases,Corporate,1,201.15,0.1,181.04,9.96,1
2023-06-09,East,New York,Furniture,Bookcases,Corporate,2,246.78,0.15,419.53,-5.24,3
2023-06-09,Central,Illinois,Technology,Computers,Home Office,7,959.73,0,6718.11,1209.26,6
2023-06-09,West,Washington,Office Supplies,Paper,Consumer,2,11.33,0.2,18.13,2.72,5
2023-06-09,West,California,Office Supplies,Paper,Consumer,4,12.00,0.15,40.80,8.87,2
2023-06-10,Central,Michigan,Office Supplies,Storage,Consumer,3,57.52,0,172.56,44.87,1
2023-06-10,West,Washington,Furniture,Bookcases,Consumer,5,192.48,0,962.40,182.86,1
2023-06-10,Central,Michigan,Technology,Phones,Home Office,1,203.90,0.1,183.51,19.27,2
2023-06-10,Central,Illinois,Furniture,Furnishings,Consumer,4,44.07,0,176.28,59.94,6
2023-06-10,West,Washington,Office Supplies,Storage,Corporate,5,41.78,0,208.90,54.31,4
2023-06-10,East,Pennsylvania,Technology,Accessories,Corporate,5,46.16,0.15,196.18,30.90,5
2023-06-10,West,California,Office Supplies,Paper,Consumer,2,12.08,0,24.16,10.15,4
2023-06-10,West,Arizona,Office Supplies,Paper,Corporate,2,11.82,0,23.64,9.93,2
2023-06-11,Central,Minnesota,Office Supplies,Paper,Corporate,2,18.55,0.2,29.68,4.45,2
2023-06-11,Central,Illinois,Technology,Accessories,Corporate,1,30.51,0,30.51,10.98,10
2023-06-11,East,Florida,Furniture,Bookcases,Corporate,2,234.72,0.15,399.02,-4.99,2
2023-06-11,West,Arizona,Technology,Copiers,Home Office,1,1846.20,0,1846.20,387.70,2
2023-06-11,West,California,Technology,Phones,Home Office,3,199.40,0,598.20,143.57,5
2023-06-11,West,Washington,Technology,Computers,Corporate,2,834.49,0.1,1502.08,67.59,4
2023-06-11,East,Florida,Office Supplies,Paper,Consumer,3,14.53,0,43.59,18.31,4
2023-06-12,East,New York,Technology,Phones,Consumer,3,204.62,0,613.86,147.33,4
2023-06-12,Central,Ohio,Office Supplies,Storage,Corporate,2,95.71,0.2,153.14,-1.53,2
2023-06-12,West,Colorado,Office Supplies,Binders,Consumer,5,13.85,0,69.25,26.32,6
2023-06-12,West,Washington,Furniture,Chairs,Corporate,2,223.65,0,447.30,125.24,4
2023-06-12,West,California,Technology,Accessories,Home Office,2,37.15,0,74.30,26.75,8
2023-06-12,Central,Illinois,Office Supplies,Storage,Consumer,3,95.34,0.1,257.42,32.18,2
2023-06-12,Central,Illinois,Office Supplies,Art,Consumer,10,20.86,0.3,146.02,-0.73,5
2023-06-13,Central,Missouri,Technology,Phones,Corporate,4,298.29,0,1193.16,286.36,10
2023-06-13,West,Nevada,Office Supplies,Art,Consumer,15,22.31,0,334.65,133.86,1
2023-06-13,Central,Ohio,Furniture,Tables,Consumer,2,306.38,0,612.76,85.79,6
2023-06-13,West,Arizona,Office Supplies,Binders,Corporate,4,13.94,0,55.76,21.19,4
2023-06-13,West,Washington,Office Supplies,Storage,Corporate,6,76.51,0.1,413.15,51.64,2
2023-06-13,Central,Missouri,Office Supplies,Art,Corporate,5,21.03,0,105.15,42.06,3
2023-06-13,East,Virginia,Office Supplies,Storage,Consumer,7,87.84,0,614.88,159.87,4
2023-06-13,Central,Ohio,Furniture,Furnishings,Consumer,6,53.30,0,319.80,108.73,3
2023-06-13,Northeast,Connecticut,Technology,Copiers,Consumer,4,1512.29,0,6049.16,1270.32,5
2023-06-13,South,Tennessee,Technology,Copiers,Corporate,3,1856.73,0,5570.19,1169.74,4
2023-06-13,South,Alabama,Technology,Accessories,Consumer,6,50.76,0,304.56,109.64,3
2023-06-14,East,New York,Furniture,Chairs,Consumer,1,190.93,0.2,152.74,1.53,5
2023-06-14,South,Texas,Technology,Phones,Consumer,3,415.53,0.2,997.27,-29.92,4
2023-06-14,East,New York,Technology,Computers,Corporate,1,651.23,0,651.23,117.22,6
2023-06-14,West,Nevada,Furniture,Furnishings,Corporate,10,41.98,0,419.80,142.73,3
2023-06-14,East,Pennsylvania,Technology,Copiers,Home Office,7,1059.82,0.15,6305.93,47.29,4
2023-06-14,Central,Missouri,Technology,Computers,Corporate,11,840.73,0,9248.03,1664.65,4
2023-06-14,Central,Ohio,Technology,Computers,Consumer,2,897.28,0,1794.56,323.02,2
2023-06-14,South,Alabama,Technology,Computers,Consumer,1,594.60,0.15,505.41,-11.37,2
2023-06-14,East,Pennsylvania,Furniture,Chairs,Consumer,5,271.98,0,1359.90,380.77,4
2023-06-14,West,Arizona,Office Supplies,Storage,Corporate,5,63.59,0.15,270.26,15.54,3
2023-06-14,Central,Minnesota,Furniture,Bookcases,Consumer,2,82.10,0.2,131.36,-10.51,7
2023-06-14,Central,Illinois,Furniture,Tables,Corporate,5,321.20,0.15,1365.10,-85.32,2
2023-06-14,South,Texas,Furniture,Chairs,Consumer,3,183.92,0,551.76,154.49,2
2023-06-14,West,California,Technology,Phones,Corporate,10,374.45,0,3744.50,898.68,2
2023-06-14,West,Colorado,Furniture,Tables,Home Office,1,364.51,0,364.51,51.03,2
2023-06-14,Central,Ohio,Furniture,Chairs,Corporate,4,205.46,0,821.84,230.12,6
2023-06-15,West,Washington,Furniture,Chairs,Consumer,5,261.52,0,1307.60,366.13,1
2023-06-15,Central,Illinois,Office Supplies,Binders,Home Office,2,21.59,0,43.18,16.41,3
2023-06-15,South,Louisiana,Furniture,Tables,Home Office,12,359.76,0.3,3021.98,-800.82,3
2023-06-15,West,Washington,Technology,Phones,Consumer,2,244.31,0.15,415.33,15.57,7
2023-06-15,West,California,Office Supplies,Storage,Home Office,2,54.92,0,109.84,28.56,5
2023-06-15,West,Washington,Technology,Phones,Consumer,5,353.54,0.1,1590.93,167.05,4
2023-06-16,South,Texas,Technology,Computers,Corporate,5,779.88,0.1,3509.46,157.93,3
2023-06-16,West,California,Office Supplies,Binders,Corporate,6,16.93,0.1,91.42,22.40,10
2023-06-16,East,Georgia,Furniture,Chairs,Consumer,2,368.58,0.1,663.44,96.20,3
2023-06-16,Central,Illinois,Office Supplies,Art,Consumer,6,18.09,0,108.54,43.42,4
2023-06-16,South,North Carolina,Furniture,Tables,Consumer,2,300.49,0,600.98,84.14,1
2023-06-17,Central,Illinois,Technology,Accessories,Home Office,4,59.85,0.15,203.49,32.05,5
2023-06-17,East,Virginia,Technology,Accessories,Consumer,3,44.37,0,133.11,47.92,5
2023-06-18,South,Texas,Technology,Accessories,Consumer,3,33.13,0.1,89.45,20.13,4
2023-06-18,West,California,Furniture,Tables,Corporate,1,283.41,0.15,240.90,-15.06,2
2023-06-19,East,Florida,Office Supplies,Binders,Consumer,2,20.89,0,41.78,15.88,3
2023-06-19,South,Alabama,Technology,Phones,Consumer,4,143.88,0,575.52,138.12,4
2023-06-19,Central,Illinois,Furniture,Bookcases,Consumer,3,125.77,0,377.31,71.69,3
2023-06-19,South,Texas,Office Supplies,Paper,Corporate,22,14.56,0.1,288.29,82.16,3
2023-06-19,Northeast,Massachusetts,Technology,Accessories,Consumer,1,45.99,0,45.99,16.56,2
2023-06-19,Northeast,New Jersey,Furniture,Furnishings,Consumer,4,70.73,0.1,254.63,52.20,2
2023-06-20,South,Louisiana,Furniture,Chairs,Consumer,8,173.07,0,1384.56,387.68,2
2023-06-20,Central,Missouri,Office Supplies,Paper,Corporate,3,10.90,0,32.70,13.73,2
2023-06-20,West,Arizona,Office Supplies,Storage,Consumer,1,65.68,0.1,59.11,7.39,3
2023-06-20,East,Florida,Office Supplies,Storage,Home Office,9,74.67,0,672.03,174.73,3
2023-06-20,Central,Michigan,Technology,Copiers,Consumer,6,1657.95,0.1,8952.93,671.47,3
2023-06-20,East,Florida,Technology,Copiers,Consumer,5,1494.74,0,7473.70,1569.48,5
2023-06-20,East,New York,Furniture,Chairs,Corporate,2,191.66,0,383.32,107.33,2
2023-06-20,East,Florida,Office Supplies,Art,Corporate,3,21.55,0,64.65,25.86,5
2023-06-20,West,Nevada,Furniture,Bookcases,Consumer,3,207.67,0,623.01,118.37,7
2023-06-20,Central,Michigan,Furniture,Bookcases,Consumer,8,177.62,0,1420.96,269.98,3
2023-06-20,East,New York,Technology,Accessories,Consumer,2,32.77,0,65.54,23.59,2
2023-06-20,West,California,Office Supplies,Binders,Home Office,4,18.83,0,75.32,28.62,3
2023-06-21,South,Alabama,Furniture,Chairs,Consumer,5,206.02,0,1030.10,288.43,4
2023-06-21,East,Florida,Technology,Phones,Consumer,3,263.38,0,790.14,189.63,2
2023-06-21,Central,Michigan,Office Supplies,Art,Corporate,3,23.57,0,70.71,28.28,7
2023-06-21,East,New York,Furniture,Tables,Consumer,4,270.68,0,1082.72,151.58,3
2023-06-21,West,Oregon,Technology,Phones,Consumer,2,366.07,0,732.14,175.71,4
2023-06-21,East,Virginia,Technology,Computers,Home Office,2,836.48,0.15,1422.02,-32.00,3
2023-06-21,Central,Ohio,Technology,Accessories,Corporate,2,31.44,0,62.88,22.64,1
2023-06-21,West,Arizona,Technology,Phones,Consumer,15,259.98,0,3899.70,935.93,4
2023-06-22,Northeast,New Jersey,Office Supplies,Paper,Consumer,3,15.86,0,47.58,19.98,4
2023-06-22,South,Tennessee,Furniture,Bookcases,Consumer,4,104.97,0.1,377.89,20.78,4
2023-06-22,East,Georgia,Office Supplies,Paper,Home Office,2,11.34,0,22.68,9.53,2
2023-06-22,Central,Minnesota,Technology,Phones,Consumer,3,323.23,0,969.69,232.73,4
2023-06-22,Central,Missouri,Technology,Phones,Corporate,3,221.60,0,664.80,159.55,5
2023-06-22,West,California,Technology,Accessories,Corporate,2,70.30,0,140.60,50.62,2
2023-06-22,Central,Illinois,Technology,Accessories,Consumer,4,37.07,0.15,126.04,19.85,5
2023-06-22,East,Florida,Technology,Accessories,Consumer,2,42.82,0,85.64,30.83,2
2023-06-22,South,Texas,Technology,Computers,Consumer,4,770.64,0,3082.56,554.86,4
2023-06-22,West,Washington,Office Supplies,Storage,Corporate,3,90.25,0,270.75,70.40,5
2023-06-22,East,New York,Office Supplies,Art,Corporate,10,26.98,0.3,188.86,-0.94,4
2023-06-22,West,Oregon,Furniture,Tables,Consumer,6,396.08,0.2,1901.18,-247.15,7
2023-06-23,South,North Carolina,Technology,Computers,Corporate,3,870.83,0,2612.49,470.25,2
2023-06-23,Central,Ohio,Technology,Accessories,Consumer,22,34.01,0,748.22,269.36,5
2023-06-23,West,California,Office Supplies,Storage,Corporate,7,57.60,0,403.20,104.83,4
2023-06-23,Central,Illinois,Office Supplies,Storage,Consumer,3,51.88,0.2,124.51,-1.25,4
2023-06-23,Northeast,New Jersey,Technology,Accessories,Consumer,2,38.26,0,76.52,27.55,3
2023-06-23,West,Arizona,Technology,Phones,Corporate,5,280.43,0,1402.15,336.52,5
2023-06-23,Northeast,Maine,Technology,Accessories,Home Office,2,31.47,0,62.94,22.66,6
2023-06-23,Central,Illinois,Technology,Phones,Corporate,10,196.13,0,1961.30,470.71,4
2023-06-23,Central,Minnesota,Office Supplies,Storage,Home Office,6,60.46,0,362.76,94.32,2
2023-06-23,West,Washington,Furniture,Tables,Consumer,6,442.68,0,2656.08,371.85,3
2023-06-23,West,Washington,Technology,Phones,Consumer,3,334.33,0,1002.99,240.72,3
2023-06-23,East,Virginia,Furniture,Tables,Home Office,1,308.78,0.1,277.90,1.39,9
2023-06-24,Northeast,Connecticut,Technology,Accessories,Corporate,9,31.36,0,282.24,101.61,2
2023-06-24,South,Texas,Office Supplies,Paper,Consumer,3,8.79,0,26.37,11.08,3
2023-06-24,South,Tennessee,Furniture,Tables,Consumer,4,311.63,0.2,997.22,-129.64,2
2023-06-25,West,Washington,Technology,Copiers,Corporate,3,1453.39,0.1,3924.15,294.31,4
2023-06-25,East,New York,Technology,Accessories,Consumer,3,33.51,0,100.53,36.19,3
2023-06-25,East,New York,Furniture,Furnishings,Corporate,4,38.24,0.15,130.02,17.88,4
2023-06-25,West,California,Technology,Computers,Consumer,6,836.53,0,5019.18,903.45,3
2023-06-25,Northeast,New Jersey,Technology,Phones,Corporate,6,276.06,0,1656.36,397.53,3
2023-06-26,West,Arizona,Office Supplies,Storage,Corporate,3,86.63,0,259.89,67.57,3
2023-06-26,West,Washington,Technology,Computers,Home Office,4,620.08,0,2480.32,446.46,2
2023-06-26,Northeast,Massachusetts,Office Supplies,Binders,Corporate,2,23.61,0.1,42.50,10.41,3
2023-06-26,South,North Carolina,Technology,Computers,Consumer,1,745.35,0.1,670.82,30.19,2
2023-06-26,South,Texas,Technology,Phones,Consumer,2,281.89,0,563.78,135.31,4
2023-06-26,East,Pennsylvania,Furniture,Furnishings,Corporate,3,47.18,0.2,113.23,7.93,3
2023-06-26,West,Washington,Furniture,Furnishings,Consumer,2,25.32,0,50.64,17.22,3
2023-06-26,West,California,Furniture,Tables,Home Office,3,243.36,0,730.08,102.21,1
2023-06-26,East,Virginia,Technology,Phones,Consumer,5,221.82,0.2,887.28,-26.62,2
2023-06-26,South,Texas,Office Supplies,Binders,Corporate,1,14.70,0,14.70,5.59,2
2023-06-26,East,Pennsylvania,Office Supplies,Paper,Consumer,2,12.42,0,24.84,10.43,2
2023-06-26,Central,Minnesota,Technology,Phones,Corporate,2,267.80,0.15,455.26,17.07,7
2023-06-26,Central,Illinois,Technology,Phones,Consumer,4,296.87,0.1,1068.73,112.22,8
2023-06-27,East,Pennsylvania,Technology,Phones,Corporate,6,284.69,0,1708.14,409.95,3
2023-06-27,Northeast,New Jersey,Technology,Copiers,Consumer,3,1554.21,0.3,3263.84,-636.45,1
2023-06-27,West,California,Office Supplies,Binders,Home Office,1,23.39,0,23.39,8.89,1
2023-06-27,Northeast,Connecticut,Office Supplies,Storage,Consumer,3,55.80,0,167.40,43.52,3
2023-06-27,West,California,Furniture,Tables,Corporate,3,406.70,0.2,976.08,-126.89,5
2023-06-27,East,Virginia,Technology,Phones,Consumer,5,235.62,0,1178.10,282.74,2
2023-06-28,East,Virginia,Technology,Accessories,Consumer,3,41.90,0,125.70,45.25,4
2023-06-28,East,New York,Furniture,Bookcases,Corporate,5,195.32,0,976.60,185.55,3
2023-06-28,Northeast,Massachusetts,Furniture,Furnishings,Corporate,1,52.03,0.2,41.62,2.91,3
2023-06-28,Central,Ohio,Technology,Phones,Home Office,2,266.46,0.15,452.98,16.99,3
2023-06-28,Central,Missouri,Furniture,Chairs,Consumer,4,302.20,0,1208.80,338.46,3
2023-06-28,West,Washington,Office Supplies,Paper,Consumer,4,9.53,0.15,32.40,7.05,3
2023-06-28,Central,Michigan,Office Supplies,Storage,Corporate,4,74.98,0.15,254.93,14.66,3
2023-06-28,Central,Ohio,Technology,Copiers,Consumer,2,1617.40,0,3234.80,679.31,4
2023-06-29,Central,Michigan,Furniture,Chairs,Corporate,9,159.70,0.2,1149.84,11.50,4
2023-06-29,Central,Illinois,Furniture,Chairs,Corporate,2,175.02,0,350.04,98.01,5
2023-06-29,South,Alabama,Furniture,Tables,Corporate,3,270.82,0,812.46,113.74,3
2023-06-29,East,Florida,Office Supplies,Paper,Consumer,3,9.70,0,29.10,12.22,5
2023-06-29,Northeast,Connecticut,Furniture,Chairs,Corporate,4,206.69,0.1,744.08,107.89,5
2023-06-29,Northeast,Massachusetts,Office Supplies,Storage,Consumer,1,65.72,0.1,59.15,7.39,4
2023-06-30,South,Texas,Office Supplies,Storage,Corporate,6,86.97,0.1,469.64,58.71,9
2023-06-30,Central,Illinois,Technology,Phones,Consumer,3,192.85,0,578.55,138.85,3
2023-06-30,West,Washington,Furniture,Bookcases,Home Office,5,161.46,0,807.30,153.39,2
2023-06-30,West,California,Office Supplies,Art,Consumer,2,12.36,0,24.72,9.89,1
2023-06-30,Central,Michigan,Technology,Computers,Consumer,3,635.14,0.2,1524.34,-137.19,2
2023-06-30,East,New York,Office Supplies,Binders,Consumer,1,17.70,0.1,15.93,3.90,3
2023-06-30,West,California,Technology,Accessories,Consumer,1,48.31,0.2,38.65,3.48,4
2023-06-30,West,Washington,Technology,Computers,Consumer,8,680.01,0.15,4624.07,-104.04,2
2023-06-30,South,Tennessee,Technology,Phones,Corporate,5,230.39,0,1151.95,276.47,5
2023-06-30,West,Washington,Office Supplies,Storage,Home Office,1,77.02,0.1,69.32,8.66,4
2023-06-30,Central,Minnesota,Furniture,Chairs,Consumer,1,249.59,0,249.59,69.89,4
2023-06-30,Northeast,Massachusetts,Furniture,Tables,Home Office,3,379.88,0.2,911.71,-118.52,3
2023-06-30,South,Tennessee,Technology,Phones,Consumer,4,148.40,0,593.60,142.46,6
2023-07-01,South,Tennessee,Furniture,Tables,Corporate,3,482.17,0,1446.51,202.51,3
2023-07-01,Central,Ohio,Furniture,Chairs,Consumer,10,208.79,0,2087.90,584.61,5
2023-07-01,Central,Michigan,Office Supplies,Binders,Consumer,1,22.31,0,22.31,8.48,3
2023-07-02,West,Arizona,Office Supplies,Paper,Corporate,5,12.34,0,61.70,25.91,3
2023-07-02,East,New York,Furniture,Tables,Consumer,5,364.77,0.15,1550.27,-96.89,3
2023-07-03,East,Virginia,Technology,Accessories,Consumer,5,56.55,0,282.75,101.79,2
2023-07-03,West,Colorado,Furniture,Chairs,Consumer,12,295.99,0,3551.88,994.53,4
2023-07-03,Central,Michigan,Technology,Accessories,Corporate,2,28.34,0.2,45.34,4.08,4
2023-07-04,West,California,Technology,Accessories,Consumer,4,19.42,0.15,66.03,10.40,2
2023-07-04,West,California,Technology,Computers,Corporate,3,624.90,0.15,1593.50,-35.85,2
2023-07-04,Northeast,Connecticut,Office Supplies,Binders,Consumer,2,14.42,0,28.84,10.96,2
2023-07-04,West,Arizona,Furniture,Chairs,Consumer,2,257.42,0.15,437.61,33.91,4
2023-07-04,East,Georgia,Furniture,Chairs,Home Office,8,171.09,0,1368.72,383.24,2
2023-07-04,East,New York,Technology,Copiers,Corporate,5,1670.17,0,8350.85,1753.68,4
2023-07-05,East,New York,Office Supplies,Storage,Consumer,2,53.78,0.1,96.80,12.10,3
2023-07-05,West,Washington,Furniture,Furnishings,Consumer,5,34.42,0.1,154.89,31.75,4
2023-07-05,East,Virginia,Technology,Copiers,Corporate,3,1429.07,0.15,3644.13,27.33,4
2023-07-05,East,Pennsylvania,Technology,Phones,Consumer,15,273.19,0,4097.85,983.48,8
2023-07-05,Central,Ohio,Technology,Accessories,Consumer,1,43.39,0,43.39,15.62,3
2023-07-06,West,California,Technology,Phones,Corporate,7,237.18,0.1,1494.23,156.89,4
2023-07-06,East,Pennsylvania,Furniture,Tables,Corporate,6,374.51,0,2247.06,314.59,1
2023-07-06,Central,Missouri,Office Supplies,Art,Corporate,3,21.00,0,63.00,25.20,4
2023-07-06,South,Tennessee,Technology,Computers,Consumer,1,817.16,0,817.16,147.09,3
2023-07-06,East,Virginia,Technology,Accessories,Home Office,2,41.43,0.2,66.29,5.97,2
2023-07-06,Central,Ohio,Office Supplies,Paper,Consumer,2,13.71,0.15,23.31,5.07,2
2023-07-06,West,California,Technology,Accessories,Consumer,1,34.53,0,34.53,12.43,4
2023-07-06,East,Pennsylvania,Office Supplies,Paper,Corporate,6,14.98,0,89.88,37.75,3
2023-07-06,East,Georgia,Office Supplies,Storage,Corporate,5,70.76,0,353.80,91.99,4
2023-07-06,West,California,Technology,Computers,Corporate,4,911.94,0,3647.76,656.60,3
2023-07-07,Central,Illinois,Furniture,Chairs,Corporate,8,172.97,0.15,1176.20,91.16,2
2023-07-07,West,Nevada,Office Supplies,Paper,Home Office,1,10.52,0.3,7.36,0.11,3
2023-07-07,Central,Ohio,Technology,Accessories,Consumer,3,58.32,0,174.96,62.99,2
2023-07-07,Central,Ohio,Furniture,Chairs,Corporate,7,223.81,0,1566.67,438.67,5
2023-07-07,West,Oregon,Furniture,Chairs,Consumer,3,124.78,0,374.34,104.82,9
2023-07-07,South,Alabama,Furniture,Chairs,Corporate,1,319.11,0,319.11,89.35,4
2023-07-08,West,Washington,Technology,Phones,Consumer,4,313.28,0.15,1065.15,39.94,5
2023-07-08,West,Colorado,Furniture,Bookcases,Consumer,12,190.29,0.15,1940.96,-24.26,4
2023-07-08,East,Florida,Furniture,Tables,Consumer,3,663.07,0.15,1690.83,-105.68,3
2023-07-08,South,Texas,Furniture,Bookcases,Home Office,5,165.17,0.1,743.27,40.88,4
2023-07-08,East,Pennsylvania,Technology,Phones,Home Office,6,189.22,0,1135.32,272.48,3
2023-07-09,West,Arizona,Furniture,Chairs,Corporate,3,254.42,0,763.26,213.71,5
2023-07-09,Central,Ohio,Furniture,Bookcases,Corporate,2,132.26,0,264.52,50.26,2
2023-07-10,East,Pennsylvania,Technology,Phones,Consumer,8,175.97,0.1,1266.98,133.03,2
2023-07-10,South,North Carolina,Office Supplies,Paper,Consumer,3,7.77,0.2,18.65,2.80,3
2023-07-10,South,Alabama,Furniture,Chairs,Consumer,5,214.28,0,1071.40,299.99,3
2023-07-10,West,Nevada,Furniture,Chairs,Corporate,4,167.19,0,668.76,187.25,4
2023-07-10,West,Oregon,Office Supplies,Paper,Home Office,5,9.43,0.1,42.44,12.10,2
2023-07-10,East,New York,Office Supplies,Art,Consumer,14,22.68,0.15,269.89,53.30,4
2023-07-10,Northeast,New Jersey,Technology,Computers,Consumer,1,642.78,0,642.78,115.70,4
2023-07-10,Central,Missouri,Office Supplies,Storage,Corporate,1,75.52,0,75.52,19.64,4
2023-07-10,West,Nevada,Office Supplies,Paper,Consumer,6,10.05,0.1,54.27,15.47,6
2023-07-11,Northeast,New Jersey,Furniture,Tables,Corporate,4,283.10,0,1132.40,158.54,4
2023-07-11,Central,Michigan,Office Supplies,Binders,Corporate,2,22.38,0.1,40.28,9.87,5
2023-07-11,East,Pennsylvania,Office Supplies,Art,Corporate,2,25.50,0.1,45.90,12.16,4
2023-07-11,West,Nevada,Office Supplies,Binders,Consumer,4,16.83,0.15,57.22,10.16,3
2023-07-11,West,Colorado,Office Supplies,Binders,Consumer,2,19.94,0.1,35.89,8.79,1
2023-07-11,East,New York,Furniture,Furnishings,Corporate,7,32.80,0,229.60,78.06,2
2023-07-11,West,California,Technology,Accessories,Consumer,4,32.16,0,128.64,46.31,3
2023-07-11,South,Tennessee,Office Supplies,Art,Corporate,5,18.17,0,90.85,36.34,3
2023-07-11,South,Alabama,Office Supplies,Art,Corporate,4,17.26,0.1,62.14,16.47,3
2023-07-12,Northeast,Massachusetts,Technology,Phones,Consumer,4,224.63,0.2,718.82,-21.56,4
2023-07-12,Northeast,Connecticut,Technology,Phones,Consumer,1,266.92,0,266.92,64.06,3
2023-07-12,West,Colorado,Furniture,Furnishings,Corporate,3,45.97,0,137.91,46.89,2
2023-07-12,East,Georgia,Office Supplies,Storage,Corporate,7,55.88,0,391.16,101.70,6
2023-07-13,Central,Illinois,Technology,Computers,Consumer,2,896.70,0.2,1434.72,-129.12,2
2023-07-13,West,California,Furniture,Chairs,Corporate,5,156.23,0,781.15,218.72,4
2023-07-14,South,Alabama,Office Supplies,Paper,Consumer,1,12.63,0.1,11.37,3.24,3
2023-07-14,West,California,Technology,Copiers,Corporate,11,983.43,0,10817.73,2271.72,4
2023-07-14,East,Georgia,Furniture,Chairs,Consumer,1,156.21,0.1,140.59,20.39,4
2023-07-14,West,Colorado,Technology,Accessories,Consumer,2,47.62,0.1,85.72,19.29,2
2023-07-14,Central,Illinois,Office Supplies,Binders,Corporate,10,15.38,0.1,138.42,33.91,4
2023-07-14,South,Texas,Technology,Computers,Home Office,2,634.70,0,1269.40,228.49,2
2023-07-14,West,Arizona,Technology,Computers,Consumer,3,676.81,0,2030.43,365.48,2
2023-07-14,West,Oregon,Furniture,Bookcases,Corporate,14,135.58,0,1898.12,360.64,2
2023-07-14,East,Virginia,Technology,Accessories,Consumer,5,25.90,0,129.50,46.62,4
2023-07-14,West,California,Technology,Phones,Consumer,3,201.56,0.1,544.21,57.14,7
2023-07-14,West,Colorado,Technology,Computers,Consumer,3,901.13,0,2703.39,486.61,3
2023-07-14,West,California,Furniture,Bookcases,Corporate,3,141.26,0,423.78,80.52,1
2023-07-15,Central,Missouri,Technology,Copiers,Home Office,9,1172.83,0.15,8972.15,67.29,4
2023-07-15,West,Nevada,Furniture,Furnishings,Consumer,2,49.65,0,99.30,33.76,3
2023-07-15,West,California,Furniture,Tables,Consumer,2,456.45,0,912.90,127.81,10
2023-07-15,West,Washington,Technology,Phones,Corporate,3,251.49,0,754.47,181.07,3
2023-07-16,East,New York,Office Supplies,Art,Consumer,5,29.13,0,145.65,58.26,7
2023-07-17,West,Nevada,Office Supplies,Storage,Consumer,2,83.69,0.15,142.27,8.18,3
2023-07-17,West,Nevada,Technology,Phones,Consumer,1,325.50,0,325.50,78.12,4
2023-07-17,West,California,Technology,Computers,Corporate,3,708.12,0.2,1699.49,-152.95,3
2023-07-17,East,Georgia,Technology,Computers,Consumer,4,707.04,0,2828.16,509.07,5
2023-07-17,Northeast,Maine,Technology,Phones,Consumer,5,215.26,0,1076.30,258.31,10
2023-07-18,East,Florida,Technology,Phones,Home Office,23,332.10,0,7638.30,1833.19,2
2023-07-18,South,Alabama,Technology,Phones,Consumer,3,252.88,0,758.64,182.07,3
2023-07-18,South,Texas,Office Supplies,Art,Consumer,3,19.22,0.15,49.01,9.68,2
2023-07-18,West,Nevada,Technology,Phones,Corporate,1,213.89,0,213.89,51.33,4
2023-07-18,East,Virginia,Technology,Accessories,Home Office,1,28.37,0,28.37,10.21,1
2023-07-19,East,Pennsylvania,Furniture,Chairs,Consumer,1,154.79,0.15,131.57,10.20,7
2023-07-19,Central,Ohio,Technology,Phones,Corporate,2,264.52,0,529.04,126.97,7
2023-07-19,Central,Ohio,Office Supplies,Paper,Corporate,5,14.38,0.2,57.52,8.63,5
2023-07-19,Central,Illinois,Technology,Accessories,Consumer,2,43.75,0,87.50,31.50,4
2023-07-19,East,Florida,Furniture,Chairs,Corporate,3,338.88,0,1016.64,284.66,6
2023-07-19,Central,Michigan,Technology,Computers,Consumer,6,722.27,0.1,3900.26,175.51,3
2023-07-19,East,Virginia,Furniture,Bookcases,Corporate,2,213.94,0.2,342.30,-27.38,4
2023-07-19,West,Washington,Technology,Phones,Corporate,9,286.42,0,2577.78,618.67,6
2023-07-20,Northeast,Massachusetts,Office Supplies,Storage,Home Office,3,43.04,0,129.12,33.57,4
2023-07-20,Central,Michigan,Furniture,Chairs,Consumer,7,187.09,0.2,1047.70,10.48,1
2023-07-20,Central,Missouri,Furniture,Bookcases,Corporate,2,150.70,0.1,271.26,14.92,2
2023-07-20,Central,Illinois,Technology,Accessories,Consumer,5,31.35,0.1,141.08,31.74,2
2023-07-20,South,Texas,Technology,Phones,Corporate,1,285.87,0,285.87,68.61,3
2023-07-20,West,Washington,Furniture,Chairs,Consumer,3,271.06,0.1,731.86,106.12,3
2023-07-20,East,New York,Technology,Computers,Consumer,1,702.88,0,702.88,126.52,4
2023-07-20,West,Colorado,Technology,Phones,Consumer,4,229.71,0.1,826.96,86.83,2
2023-07-20,Central,Illinois,Office Supplies,Binders,Corporate,6,19.56,0,117.36,44.60,4
2023-07-20,Northeast,New Jersey,Office Supplies,Paper,Corporate,4,10.42,0.1,37.51,10.69,5
2023-07-21,West,California,Office Supplies,Binders,Corporate,2,22.61,0,45.22,17.18,3
2023-07-21,South,Louisiana,Technology,Copiers,Corporate,4,1708.94,0,6835.76,1435.51,3
2023-07-21,West,California,Technology,Computers,Corporate,2,1115.39,0,2230.78,401.54,2
2023-07-21,West,Colorado,Technology,Phones,Corporate,3,268.92,0.15,685.75,25.72,5
2023-07-22,West,Nevada,Furniture,Bookcases,Consumer,3,193.32,0.1,521.96,28.71,2
2023-07-22,West,California,Furniture,Bookcases,Consumer,1,135.98,0.2,108.78,-8.70,2
2023-07-22,West,Arizona,Technology,Copiers,Consumer,14,1551.14,0,21715.96,4560.35,2
2023-07-23,West,California,Office Supplies,Storage,Consumer,2,72.88,0,145.76,37.90,3
2023-07-24,East,New York,Office Supplies,Storage,Consumer,7,78.39,0,548.73,142.67,3
2023-07-24,Northeast,New Jersey,Furniture,Tables,Consumer,1,326.61,0,326.61,45.73,7
2023-07-24,West,Washington,Furniture,Furnishings,Corporate,2,52.27,0,104.54,35.54,5
2023-07-24,West,Washington,Office Supplies,Art,Corporate,6,21.12,0.2,101.38,13.18,5
2023-07-24,Central,Minnesota,Furniture,Bookcases,Corporate,4,194.10,0,776.40,147.52,3
2023-07-24,Central,Illinois,Technology,Phones,Consumer,1,141.21,0,141.21,33.89,4
2023-07-24,West,Washington,Technology,Accessories,Corporate,8,27.93,0.2,178.75,16.09,6
2023-07-24,East,New York,Technology,Accessories,Home Office,2,42.44,0,84.88,30.56,5
2023-07-24,East,Pennsylvania,Furniture,Furnishings,Home Office,2,35.46,0.1,63.83,13.09,5
2023-07-24,West,California,Technology,Phones,Home Office,2,253.86,0,507.72,121.85,2
2023-07-24,Central,Ohio,Furniture,Bookcases,Corporate,5,183.91,0,919.55,174.71,4
2023-07-24,Northeast,Massachusetts,Office Supplies,Storage,Corporate,5,66.98,0,334.90,87.07,4
2023-07-24,West,California,Furniture,Tables,Home Office,5,539.51,0,2697.55,377.66,4
2023-07-25,East,New York,Technology,Phones,Consumer,1,190.19,0.15,161.66,6.06,5
2023-07-25,Central,Ohio,Office Supplies,Paper,Consumer,1,10.16,0,10.16,4.27,5
2023-07-25,West,Colorado,Furniture,Tables,Corporate,21,370.18,0.1,6996.40,34.98,2
2023-07-25,East,Virginia,Technology,Computers,Corporate,6,677.74,0,4066.44,731.96,3
2023-07-25,East,Florida,Office Supplies,Paper,Corporate,2,12.25,0.3,17.15,0.26,6
2023-07-25,East,Florida,Furniture,Chairs,Consumer,2,156.76,0,313.52,87.79,3
2023-07-25,Northeast,Massachusetts,Office Supplies,Storage,Consumer,3,64.23,0.1,173.42,21.68,2
2023-07-26,West,Washington,Office Supplies,Binders,Corporate,8,20.58,0,164.64,62.56,1
2023-07-26,West,Arizona,Office Supplies,Binders,Home Office,3,11.89,0,35.67,13.55,5
2023-07-26,Central,Missouri,Technology,Phones,Corporate,7,225.11,0,1575.77,378.18,2
2023-07-26,East,Georgia,Technology,Computers,Corporate,3,633.53,0,1900.59,342.11,2
2023-07-26,West,Nevada,Office Supplies,Art,Consumer,2,23.57,0,47.14,18.86,2
2023-07-26,Central,Michigan,Technology,Copiers,Consumer,1,1804.68,0.1,1624.21,121.82,3
2023-07-27,Northeast,Massachusetts,Office Supplies,Binders,Consumer,1,17.10,0.1,15.39,3.77,2
2023-07-27,Northeast,Massachusetts,Furniture,Tables,Consumer,2,324.08,0,648.16,90.74,10
2023-07-27,South,Texas,Technology,Phones,Consumer,4,163.41,0.1,588.28,61.77,4
2023-07-27,West,California,Technology,Phones,Corporate,1,170.54,0,170.54,40.93,2
2023-07-27,West,California,Furniture,Furnishings,Home Office,5,49.73,0.1,223.79,45.88,3
2023-07-27,West,California,Furniture,Bookcases,Home Office,2,141.97,0,283.94,53.95,1
2023-07-27,East,Virginia,Furniture,Chairs,Home Office,2,189.48,0,378.96,106.11,5
2023-07-27,Central,Michigan,Office Supplies,Paper,Consumer,2,12.28,0,24.56,10.32,2
2023-07-27,West,Nevada,Technology,Computers,Home Office,1,736.82,0,736.82,132.63,3
2023-07-27,Central,Illinois,Technology,Copiers,Consumer,2,826.33,0,1652.66,347.06,5
2023-07-28,West,Oregon,Office Supplies,Paper,Home Office,5,10.83,0.2,43.32,6.50,3
2023-07-28,West,Arizona,Technology,Phones,Corporate,5,153.80,0.1,692.10,72.67,4
2023-07-28,South,Louisiana,Technology,Copiers,Consumer,1,1228.22,0,1228.22,257.93,4
2023-07-28,West,California,Technology,Accessories,Corporate,3,46.13,0.3,96.87,-4.36,3
2023-07-28,West,Nevada,Furniture,Chairs,Consumer,1,225.72,0.1,203.15,29.46,3
2023-07-28,West,Arizona,Office Supplies,Paper,Consumer,15,11.35,0,170.25,71.51,9
2023-07-28,West,Nevada,Technology,Copiers,Corporate,2,1481.49,0,2962.98,622.23,3
2023-07-28,East,New York,Technology,Accessories,Corporate,3,44.26,0.1,119.50,26.89,3
2023-07-28,East,Pennsylvania,Technology,Computers,Home Office,7,784.11,0.1,4939.89,222.30,3
2023-07-29,East,Virginia,Furniture,Bookcases,Home Office,3,133.54,0,400.62,76.12,1
2023-07-29,Central,Ohio,Technology,Phones,Consumer,3,185.19,0.15,472.23,17.71,3
2023-07-29,Northeast,New Jersey,Furniture,Bookcases,Corporate,3,163.80,0.2,393.12,-31.45,2
2023-07-29,East,Pennsylvania,Office Supplies,Art,Consumer,3,16.43,0,49.29,19.72,4
2023-07-29,East,New York,Technology,Computers,Corporate,3,691.14,0,2073.42,373.22,3
2023-07-29,West,Washington,Technology,Copiers,Corporate,2,1270.08,0.1,2286.14,171.46,6
2023-07-30,East,Pennsylvania,Technology,Copiers,Corporate,4,1800.81,0,7203.24,1512.68,4
2023-07-31,East,New York,Office Supplies,Binders,Home Office,6,25.18,0.1,135.97,33.31,5
2023-07-31,West,Washington,Furniture,Chairs,Home Office,9,183.72,0.15,1405.46,108.92,9
2023-07-31,Central,Ohio,Furniture,Tables,Consumer,5,246.98,0,1234.90,172.89,1
2023-07-31,Central,Michigan,Technology,Computers,Consumer,5,696.77,0,3483.85,627.09,3
2023-08-01,West,California,Technology,Copiers,Home Office,2,1928.94,0.1,3472.09,260.41,3
2023-08-01,East,Pennsylvania,Technology,Computers,Consumer,8,545.13,0.1,3924.94,176.62,4
2023-08-01,East,Virginia,Technology,Computers,Corporate,2,746.34,0,1492.68,268.68,2
2023-08-02,East,New York,Furniture,Bookcases,Corporate,6,168.09,0,1008.54,191.62,3
2023-08-02,Central,Illinois,Office Supplies,Paper,Consumer,3,12.54,0,37.62,15.80,6
2023-08-02,Central,Michigan,Technology,Copiers,Corporate,4,1496.85,0,5987.40,1257.35,3
2023-08-02,Central,Missouri,Furniture,Tables,Consumer,3,370.15,0,1110.45,155.46,3
2023-08-02,West,Arizona,Furniture,Tables,Corporate,4,262.48,0,1049.92,146.99,3
2023-08-02,South,Texas,Technology,Accessories,Consumer,3,32.90,0,98.70,35.53,4
2023-08-02,Central,Michigan,Technology,Accessories,Consumer,9,51.05,0,459.45,165.40,4
2023-08-02,East,New York,Office Supplies,Art,Corporate,9,15.49,0,139.41,55.76,4
2023-08-02,South,Texas,Technology,Copiers,Corporate,8,1778.11,0,14224.88,2987.22,3
2023-08-02,Northeast,Massachusetts,Technology,Copiers,Consumer,9,1300.39,0,11703.51,2457.74,4
2023-08-02,East,New York,Furniture,Chairs,Consumer,5,159.87,0,799.35,223.82,2
2023-08-02,Central,Missouri,Technology,Accessories,Corporate,6,43.41,0.1,234.41,52.74,2
2023-08-02,East,Georgia,Office Supplies,Art,Consumer,4,25.48,0,101.92,40.77,2
2023-08-03,West,Oregon,Technology,Copiers,Consumer,3,1590.39,0.1,4294.05,322.05,6
2023-08-03,East,Pennsylvania,Furniture,Chairs,Corporate,1,187.87,0,187.87,52.60,2
2023-08-03,West,California,Technology,Phones,Consumer,7,301.62,0,2111.34,506.72,2
2023-08-03,Central,Ohio,Office Supplies,Paper,Consumer,2,10.18,0,20.36,8.55,3
2023-08-03,West,California,Technology,Accessories,Consumer,2,36.86,0.3,51.60,-2.32,4
2023-08-03,Northeast,Massachusetts,Office Supplies,Binders,Corporate,2,20.42,0,40.84,15.52,5
2023-08-03,West,Washington,Office Supplies,Binders,Consumer,1,18.87,0.15,16.04,2.85,3
2023-08-03,East,Pennsylvania,Furniture,Furnishings,Corporate,2,41.03,0,82.06,27.90,3
2023-08-04,East,Florida,Office Supplies,Storage,Corporate,9,86.31,0,776.79,201.97,5
2023-08-04,East,Florida,Furniture,Bookcases,Home Office,2,95.32,0,190.64,36.22,3
2023-08-05,Northeast,New Jersey,Furniture,Bookcases,Consumer,3,137.93,0.2,331.03,-26.48,3
2023-08-05,South,Texas,Technology,Computers,Consumer,2,728.96,0,1457.92,262.43,3
2023-08-06,East,Georgia,Furniture,Chairs,Consumer,8,334.27,0.2,2139.33,21.39,7
2023-08-06,West,Washington,Furniture,Furnishings,Consumer,12,39.05,0,468.60,159.32,4
2023-08-06,East,Florida,Technology,Copiers,Consumer,3,1278.44,0.15,3260.02,24.45,2
2023-08-07,West,Oregon,Furniture,Bookcases,Consumer,1,134.71,0,134.71,25.59,2
2023-08-07,West,California,Technology,Computers,Home Office,2,686.37,0,1372.74,247.09,3
2023-08-07,West,Washington,Furniture,Tables,Consumer,9,321.30,0,2891.70,404.84,3
2023-08-07,East,New York,Technology,Accessories,Consumer,2,37.45,0,74.90,26.96,2
2023-08-07,West,Nevada,Office Supplies,Storage,Consumer,3,72.83,0,218.49,56.81,5
2023-08-08,East,Florida,Technology,Accessories,Consumer,5,33.39,0.1,150.26,33.81,5
2023-08-08,East,Virginia,Office Supplies,Paper,Consumer,2,18.91,0,37.82,15.88,3
2023-08-08,West,California,Office Supplies,Art,Consumer,2,26.72,0.1,48.10,12.75,3
2023-08-08,West,Oregon,Technology,Copiers,Consumer,2,1157.04,0.3,1619.86,-315.87,3
2023-08-08,West,California,Technology,Phones,Consumer,2,230.99,0.1,415.78,43.66,2
2023-08-08,Central,Michigan,Furniture,Tables,Home Office,2,355.18,0,710.36,99.45,2
2023-08-09,East,New York,Furniture,Bookcases,Home Office,3,111.88,0.2,268.51,-21.48,5
2023-08-09,South,Texas,Furniture,Tables,Consumer,2,401.79,0,803.58,112.50,2
2023-08-09,East,Pennsylvania,Technology,Copiers,Consumer,7,1162.07,0,8134.49,1708.24,5
2023-08-09,South,Alabama,Technology,Phones,Corporate,5,292.91,0,1464.55,351.49,2
2023-08-09,Central,Minnesota,Furniture,Furnishings,Home Office,2,45.75,0.15,77.77,10.69,3
2023-08-09,Northeast,Maine,Technology,Copiers,Consumer,10,1599.44,0,15994.40,3358.82,3
2023-08-09,West,California,Furniture,Bookcases,Consumer,4,216.17,0,864.68,164.29,4
2023-08-09,Central,Illinois,Office Supplies,Paper,Corporate,4,16.60,0.15,56.44,12.28,3
2023-08-09,East,New York,Furniture,Tables,Home Office,3,576.03,0,1728.09,241.93,2
2023-08-09,West,California,Office Supplies,Art,Consumer,2,24.05,0,48.10,19.24,7
2023-08-10,East,New York,Office Supplies,Storage,Corporate,3,74.20,0,222.60,57.88,3
2023-08-10,West,Oregon,Technology,Computers,Corporate,4,1209.59,0.15,4112.61,-92.53,3
2023-08-10,East,New York,Technology,Accessories,Home Office,2,32.67,0,65.34,23.52,5
2023-08-10,West,California,Technology,Computers,Consumer,2,868.55,0.15,1476.54,-33.22,4
2023-08-10,Northeast,New Jersey,Technology,Accessories,Home Office,2,44.10,0.1,79.38,17.86,4
2023-08-10,East,Virginia,Technology,Phones,Consumer,3,244.04,0.1,658.91,69.19,2
2023-08-10,South,Texas,Technology,Phones,Consumer,5,235.78,0.15,1002.07,37.58,2
2023-08-11,East,New York,Technology,Phones,Consumer,2,237.66,0.2,380.26,-11.41,1
2023-08-11,East,Virginia,Office Supplies,Paper,Home Office,2,15.82,0,31.64,13.29,4
2023-08-11,Northeast,Massachusetts,Technology,Accessories,Consumer,3,50.20,0.1,135.54,30.50,3
2023-08-11,West,Colorado,Office Supplies,Paper,Home Office,3,9.87,0,29.61,12.44,2
2023-08-12,East,Pennsylvania,Furniture,Chairs,Consumer,2,191.72,0,383.44,107.36,3
2023-08-12,Central,Illinois,Office Supplies,Art,Consumer,4,23.96,0,95.84,38.34,4
2023-08-12,South,North Carolina,Office Supplies,Binders,Consumer,2,13.74,0.15,23.36,4.15,3
2023-08-12,Central,Ohio,Technology,Accessories,Consumer,1,37.12,0,37.12,13.36,3
2023-08-12,South,Texas,Technology,Accessories,Corporate,26,45.20,0,1175.20,423.07,6
2023-08-13,East,Georgia,Technology,Accessories,Home Office,2,32.06,0.1,57.71,12.98,6
2023-08-13,East,Florida,Office Supplies,Binders,Corporate,4,22.32,0,89.28,33.93,3
2023-08-13,Central,Ohio,Office Supplies,Binders,Consumer,3,14.62,0,43.86,16.67,2
2023-08-13,East,Georgia,Office Supplies,Binders,Consumer,2,16.15,0.1,29.07,7.12,3
2023-08-13,East,Georgia,Office Supplies,Binders,Consumer,2,23.68,0.15,40.26,7.15,3
2023-08-14,East,Virginia,Office Supplies,Binders,Consumer,5,29.52,0,147.60,56.09,5
2023-08-14,West,California,Technology,Computers,Home Office,8,783.66,0.2,5015.42,-451.39,2
2023-08-14,Central,Illinois,Office Supplies,Paper,Home Office,8,16.00,0,128.00,53.76,4
2023-08-14,Central,Illinois,Technology,Accessories,Home Office,2,29.95,0,59.90,21.56,5
2023-08-14,West,Colorado,Technology,Phones,Consumer,8,232.41,0.2,1487.42,-44.62,4
2023-08-14,Central,Michigan,Technology,Accessories,Consumer,2,50.99,0,101.98,36.71,3
2023-08-15,South,Tennessee,Technology,Accessories,Corporate,3,47.56,0,142.68,51.36,2
2023-08-15,Central,Michigan,Office Supplies,Storage,Consumer,7,65.93,0.1,415.36,51.92,2
2023-08-15,Central,Missouri,Technology,Computers,Corporate,5,867.56,0.15,3687.13,-82.96,5
2023-08-15,East,Georgia,Office Supplies,Binders,Consumer,3,14.66,0,43.98,16.71,4
2023-08-15,East,New York,Furniture,Furnishings,Home Office,3,52.00,0.15,132.60,18.23,4
2023-08-16,Northeast,Maine,Technology,Phones,Consumer,1,276.11,0.1,248.50,26.09,2
2023-08-16,West,California,Furniture,Chairs,Consumer,4,299.26,0.1,1077.34,156.21,7
2023-08-16,Central,Ohio,Furniture,Chairs,Consumer,1,183.62,0.1,165.26,23.96,6
2023-08-16,West,California,Furniture,Tables,Home Office,2,322.67,0,645.34,90.35,6
2023-08-16,South,Texas,Furniture,Chairs,Corporate,4,226.80,0.2,725.76,7.26,3
2023-08-16,Northeast,Connecticut,Technology,Accessories,Home Office,2,45.04,0,90.08,32.43,4
2023-08-16,East,Florida,Furniture,Furnishings,Corporate,2,46.86,0,93.72,31.86,4
2023-08-17,Central,Minnesota,Technology,Computers,Consumer,2,585.93,0.1,1054.67,47.46,8
2023-08-17,East,New York,Technology,Phones,Consumer,4,265.21,0.15,901.71,33.81,4
2023-08-17,South,Texas,Furniture,Chairs,Consumer,2,228.39,0,456.78,127.90,3
2023-08-17,Central,Illinois,Technology,Copiers,Consumer,2,1459.95,0,2919.90,613.18,3
2023-08-17,East,Georgia,Technology,Computers,Home Office,1,601.35,0.15,511.15,-11.50,1
2023-08-17,West,Washington,Office Supplies,Binders,Corporate,8,23.65,0.3,132.44,-3.31,3
2023-08-17,West,Oregon,Technology,Accessories,Corporate,3,39.68,0.1,107.14,24.11,4
2023-08-17,West,Nevada,Office Supplies,Paper,Consumer,4,14.68,0.1,52.85,15.06,3
2023-08-17,West,California,Furniture,Furnishings,Corporate,5,44.33,0,221.65,75.36,3
2023-08-17,South,North Carolina,Office Supplies,Paper,Corporate,2,13.87,0.1,24.97,7.12,3
2023-08-17,East,Pennsylvania,Technology,Copiers,Consumer,3,1440.10,0,4320.30,907.26,4
2023-08-17,South,Texas,Furniture,Furnishings,Consumer,4,45.63,0,182.52,62.06,3
2023-08-17,Central,Illinois,Technology,Computers,Home Office,9,756.45,0,6808.05,1225.45,2
2023-08-17,Central,Illinois,Furniture,Furnishings,Corporate,2,63.87,0,127.74,43.43,3
2023-08-18,South,Louisiana,Office Supplies,Storage,Corporate,5,60.72,0.1,273.24,34.16,6
2023-08-18,South,Texas,Furniture,Chairs,Corporate,2,177.03,0.1,318.65,46.20,4
2023-08-18,Northeast,Massachusetts,Office Supplies,Art,Consumer,1,35.16,0.1,31.64,8.38,7
2023-08-18,West,Nevada,Technology,Accessories,Consumer,1,44.65,0.2,35.72,3.21,2
2023-08-18,East,New York,Technology,Computers,Consumer,2,1042.47,0,2084.94,375.29,2
2023-08-18,West,Washington,Technology,Computers,Corporate,2,946.54,0,1893.08,340.75,2
2023-08-18,West,California,Furniture,Furnishings,Home Office,4,46.74,0,186.96,63.57,3
2023-08-18,West,Arizona,Technology,Copiers,Consumer,4,1977.17,0.15,6722.38,50.42,3
2023-08-18,West,California,Technology,Computers,Consumer,8,911.76,0.1,6564.67,295.41,5
2023-08-19,Central,Ohio,Office Supplies,Paper,Corporate,1,11.04,0,11.04,4.64,3
2023-08-19,West,Washington,Technology,Accessories,Consumer,2,41.48,0.1,74.66,16.80,2
2023-08-19,West,California,Technology,Computers,Home Office,19,802.12,0,15240.28,2743.25,2
2023-08-20,Central,Minnesota,Furniture,Chairs,Consumer,30,178.25,0,5347.50,1497.30,3
2023-08-20,Central,Illinois,Technology,Computers,Consumer,3,600.45,0,1801.35,324.24,3
2023-08-20,East,New York,Technology,Accessories,Consumer,2,40.14,0.3,56.20,-2.53,2
2023-08-20,West,Oregon,Technology,Accessories,Home Office,1,26.45,0,26.45,9.52,6
2023-08-21,East,Virginia,Technology,Copiers,Consumer,1,1470.96,0,1470.96,308.90,3
2023-08-21,West,California,Technology,Copiers,Consumer,1,1370.60,0.2,1096.48,-65.79,3
2023-08-21,West,Oregon,Office Supplies,Binders,Consumer,1,21.50,0,21.50,8.17,5
2023-08-21,Central,Illinois,Technology,Phones,Home Office,10,175.22,0,1752.20,420.53,1
2023-08-21,West,California,Furniture,Chairs,Home Office,2,179.44,0,358.88,100.49,3
2023-08-21,South,North Carolina,Technology,Computers,Corporate,1,729.27,0,729.27,131.27,4
2023-08-21,West,California,Furniture,Bookcases,Consumer,2,117.25,0.15,199.33,-2.49,6
2023-08-21,East,Florida,Office Supplies,Storage,Home Office,4,54.72,0,218.88,56.91,2
2023-08-21,West,Arizona,Technology,Phones,Consumer,2,217.15,0,434.30,104.23,4
2023-08-21,East,New York,Furniture,Furnishings,Consumer,3,52.79,0,158.37,53.85,3
2023-08-22,Central,Illinois,Technology,Phones,Home Office,2,167.29,0,334.58,80.30,3
2023-08-22,South,Louisiana,Technology,Phones,Corporate,3,236.21,0,708.63,170.07,1
2023-08-22,South,North Carolina,Technology,Accessories,Corporate,3,34.67,0,104.01,37.44,3
2023-08-22,East,Virginia,Furniture,Tables,Consumer,3,391.89,0,1175.67,164.59,7
2023-08-23,Central,Michigan,Office Supplies,Paper,Corporate,3,14.57,0,43.71,18.36,10
2023-08-23,South,Texas,Technology,Computers,Consumer,3,831.23,0,2493.69,448.86,3
2023-08-23,South,Texas,Technology,Copiers,Consumer,8,1514.41,0,12115.28,2544.21,2
2023-08-23,Northeast,Massachusetts,Office Supplies,Paper,Consumer,5,9.02,0.15,38.33,8.34,4
2023-08-23,West,California,Office Supplies,Storage,Home Office,4,70.63,0,282.52,73.46,2
2023-08-23,West,California,Furniture,Chairs,Consumer,1,253.89,0.1,228.50,33.13,1
2023-08-23,Northeast,Connecticut,Technology,Computers,Home Office,8,752.75,0.15,5118.70,-115.17,4
2023-08-23,East,Pennsylvania,Office Supplies,Binders,Corporate,4,22.27,0.1,80.17,19.64,3
2023-08-24,East,Georgia,Office Supplies,Art,Consumer,5,29.74,0,148.70,59.48,3
2023-08-24,East,Virginia,Office Supplies,Binders,Consumer,3,12.06,0,36.18,13.75,2
2023-08-24,East,Florida,Furniture,Furnishings,Consumer,2,39.38,0,78.76,26.78,5
2023-08-24,East,New York,Office Supplies,Paper,Consumer,2,9.44,0.1,16.99,4.84,4
2023-08-24,Northeast,Maine,Office Supplies,Art,Home Office,1,19.53,0,19.53,7.81,1
2023-08-24,Central,Missouri,Office Supplies,Paper,Consumer,3,14.36,0,43.08,18.09,3
2023-08-25,East,Pennsylvania,Technology,Computers,Home Office,5,591.31,0.15,2513.07,-56.54,2
2023-08-25,West,California,Office Supplies,Art,Corporate,4,26.38,0.1,94.97,25.17,2
2023-08-25,East,Florida,Furniture,Chairs,Consumer,4,226.93,0.3,635.40,-79.42,1
2023-08-25,West,California,Technology,Phones,Corporate,3,294.09,0,882.27,211.74,2
2023-08-26,Central,Michigan,Office Supplies,Binders,Corporate,3,16.56,0,49.68,18.88,2
2023-08-26,Central,Illinois,Furniture,Chairs,Consumer,5,188.51,0.1,848.30,123.00,2
2023-08-26,West,Arizona,Furniture,Tables,Corporate,7,232.01,0,1624.07,227.37,3
2023-08-26,Northeast,Connecticut,Office Supplies,Art,Consumer,5,29.52,0,147.60,59.04,3
2023-08-27,South,Texas,Technology,Accessories,Corporate,3,39.45,0.1,106.52,23.97,4
2023-08-27,West,California,Technology,Phones,Corporate,3,218.71,0,656.13,157.47,5
2023-08-28,Central,Ohio,Furniture,Chairs,Corporate,2,250.33,0,500.66,140.18,2
2023-08-28,Central,Illinois,Furniture,Chairs,Consumer,2,362.63,0,725.26,203.07,2
2023-08-28,South,Louisiana,Technology,Computers,Corporate,3,780.73,0,2342.19,421.59,4
2023-08-28,West,Nevada,Office Supplies,Paper,Home Office,3,13.74,0.15,35.04,7.62,2
2023-08-29,East,Florida,Office Supplies,Storage,Consumer,1,77.88,0,77.88,20.25,4
2023-08-29,West,Arizona,Technology,Phones,Home Office,1,245.63,0,245.63,58.95,3
2023-08-29,Central,Ohio,Furniture,Furnishings,Consumer,8,52.61,0,420.88,143.10,3
2023-08-29,East,Georgia,Furniture,Bookcases,Consumer,4,202.44,0,809.76,153.85,2
2023-08-29,South,Texas,Technology,Accessories,Consumer,1,34.75,0,34.75,12.51,2
2023-08-29,East,Virginia,Office Supplies,Storage,Consumer,2,71.22,0,142.44,37.03,1
2023-08-29,West,Arizona,Furniture,Tables,Consumer,4,241.57,0.15,821.34,-51.33,3
2023-08-30,West,California,Furniture,Furnishings,Home Office,4,39.10,0,156.40,53.18,3
2023-08-30,West,Oregon,Technology,Computers,Corporate,2,970.71,0,1941.42,349.46,10
2023-08-30,West,Washington,Office Supplies,Art,Consumer,5,31.56,0,157.80,63.12,6
2023-08-30,East,Florida,Furniture,Tables,Consumer,2,371.05,0.3,519.47,-137.66,2
2023-08-30,East,Pennsylvania,Furniture,Tables,Home Office,8,403.48,0.1,2905.06,14.53,6
2023-08-30,South,Louisiana,Furniture,Tables,Consumer,10,274.89,0,2748.90,384.85,5
2023-08-30,Northeast,Maine,Furniture,Chairs,Corporate,2,162.28,0.2,259.65,2.60,2
2023-08-30,East,Virginia,Furniture,Bookcases,Consumer,2,142.62,0,285.24,54.20,3
2023-08-30,East,Florida,Technology,Phones,Home Office,3,266.52,0,799.56,191.89,2
2023-08-30,West,Colorado,Office Supplies,Binders,Consumer,6,17.27,0,103.62,39.38,5
2023-08-30,West,California,Furniture,Bookcases,Consumer,3,156.60,0,469.80,89.26,3
2023-08-30,East,Virginia,Technology,Accessories,Consumer,3,34.51,0,103.53,37.27,4
2023-08-31,West,Arizona,Furniture,Tables,Home Office,4,243.77,0,975.08,136.51,2
2023-08-31,East,Pennsylvania,Technology,Computers,Corporate,1,631.03,0,631.03,113.59,10
2023-08-31,Central,Ohio,Office Supplies,Binders,Consumer,3,15.18,0,45.54,17.31,3
2023-08-31,East,Florida,Office Supplies,Binders,Consumer,1,11.96,0.1,10.76,2.64,2
2023-09-01,East,Pennsylvania,Technology,Accessories,Corporate,3,32.79,0,98.37,35.41,3
2023-09-01,Central,Illinois,Office Supplies,Art,Consumer,2,20.13,0,40.26,16.10,5
2023-09-01,Central,Illinois,Technology,Phones,Consumer,4,264.94,0,1059.76,254.34,4
2023-09-01,West,Washington,Technology,Copiers,Corporate,2,1367.08,0,2734.16,574.17,3
2023-09-01,East,Georgia,Technology,Accessories,Corporate,1,42.10,0.15,35.79,5.64,3
2023-09-01,West,Washington,Technology,Accessories,Consumer,2,36.14,0,72.28,26.02,3
2023-09-01,East,New York,Technology,Copiers,Consumer,2,1036.93,0,2073.86,435.51,2
2023-09-01,Northeast,Maine,Furniture,Chairs,Corporate,8,256.80,0,2054.40,575.23,3
2023-09-01,Central,Illinois,Office Supplies,Art,Corporate,2,25.53,0,51.06,20.42,2
2023-09-02,Central,Illinois,Furniture,Furnishings,Consumer,8,47.83,0.15,325.24,44.72,3
2023-09-02,West,Colorado,Furniture,Chairs,Corporate,4,272.14,0.1,979.70,142.06,1
2023-09-03,West,Oregon,Office Supplies,Art,Consumer,17,24.67,0,419.39,167.76,2
2023-09-03,Central,Missouri,Technology,Phones,Home Office,3,278.16,0,834.48,200.28,3
2023-09-04,East,New York,Office Supplies,Paper,Home Office,9,9.02,0,81.18,34.10,5
2023-09-04,West,California,Furniture,Chairs,Consumer,5,224.03,0,1120.15,313.64,4
2023-09-04,West,Arizona,Furniture,Chairs,Home Office,3,180.11,0.1,486.30,70.51,4
2023-09-04,South,North Carolina,Furniture,Furnishings,Corporate,6,37.97,0,227.82,77.46,4
2023-09-04,West,California,Office Supplies,Storage,Home Office,1,81.42,0,81.42,21.17,2
2023-09-04,East,New York,Office Supplies,Paper,Home Office,3,11.29,0,33.87,14.23,1
2023-09-05,Central,Minnesota,Furniture,Chairs,Consumer,11,178.03,0.1,1762.50,255.56,4
2023-09-05,East,Pennsylvania,Office Supplies,Storage,Consumer,2,64.34,0,128.68,33.46,2
2023-09-05,East,Georgia,Office Supplies,Storage,Home Office,3,68.14,0.15,173.76,9.99,4
2023-09-05,Central,Illinois,Office Supplies,Paper,Corporate,3,9.46,0.15,24.12,5.25,2
2023-09-05,West,California,Office Supplies,Storage,Consumer,1,67.24,0.15,57.15,3.29,1
2023-09-05,Central,Minnesota,Office Supplies,Binders,Corporate,3,25.79,0,77.37,29.40,5
2023-09-05,Central,Missouri,Office Supplies,Storage,Consumer,7,59.98,0.1,377.87,47.23,2
2023-09-05,West,California,Furniture,Furnishings,Consumer,1,31.94,0,31.94,10.86,1
2023-09-05,Northeast,Massachusetts,Furniture,Tables,Consumer,5,346.53,0,1732.65,242.57,3
2023-09-05,Central,Michigan,Furniture,Tables,Corporate,3,316.44,0,949.32,132.90,3
2023-09-06,West,Washington,Technology,Phones,Home Office,2,236.81,0,473.62,113.67,1
2023-09-06,East,New York,Furniture,Tables,Consumer,6,496.79,0.2,2384.59,-310.00,4
2023-09-06,South,Texas,Technology,Copiers,Consumer,2,1518.74,0,3037.48,637.87,3
2023-09-06,Central,Minnesota,Furniture,Tables,Consumer,1,254.77,0,254.77,35.67,4
2023-09-06,South,Tennessee,Furniture,Furnishings,Consumer,3,61.40,0.1,165.78,33.98,1
2023-09-06,West,Washington,Furniture,Bookcases,Home Office,1,114.78,0.1,103.30,5.68,3
2023-09-07,East,Georgia,Furniture,Chairs,Home Office,1,277.54,0.1,249.79,36.22,2
2023-09-07,West,Oregon,Technology,Copiers,Consumer,3,1340.28,0,4020.84,844.38,3
2023-09-07,South,Texas,Furniture,Tables,Corporate,3,335.51,0,1006.53,140.91,4
2023-09-08,West,Arizona,Office Supplies,Paper,Consumer,2,10.67,0,21.34,8.96,2
2023-09-08,West,Washington,Furniture,Bookcases,Home Office,1,95.59,0,95.59,18.16,3
2023-09-08,Central,Ohio,Technology,Phones,Corporate,1,155.40,0.15,132.09,4.95,3
2023-09-08,East,Florida,Technology,Copiers,Corporate,1,1512.37,0,1512.37,317.60,2
2023-09-08,West,Washington,Office Supplies,Binders,Consumer,2,16.85,0.15,28.65,5.09,3
2023-09-08,East,Florida,Furniture,Tables,Consumer,8,441.65,0.15,3003.22,-187.70,5
2023-09-08,South,Alabama,Office Supplies,Paper,Corporate,6,9.84,0,59.04,24.80,2
2023-09-08,Central,Minnesota,Furniture,Chairs,Consumer,3,162.28,0,486.84,136.32,4
2023-09-08,Central,Ohio,Technology,Phones,Consumer,2,293.97,0,587.94,141.11,1
2023-09-08,South,Texas,Office Supplies,Paper,Consumer,7,10.66,0,74.62,31.34,4
2023-09-08,East,New York,Technology,Phones,Consumer,2,274.68,0,549.36,131.85,3
2023-09-09,West,California,Furniture,Bookcases,Home Office,3,183.47,0,550.41,104.58,4
2023-09-09,South,Louisiana,Furniture,Bookcases,Corporate,1,131.38,0,131.38,24.96,6
2023-09-09,East,New York,Technology,Phones,Consumer,3,283.52,0.1,765.50,80.38,3
2023-09-09,East,Pennsylvania,Office Supplies,Binders,Consumer,1,21.74,0,21.74,8.26,4
2023-09-10,West,Oregon,Office Supplies,Storage,Consumer,2,61.32,0,122.64,31.89,1
2023-09-10,East,New York,Furniture,Bookcases,Consumer,4,140.18,0.1,504.65,27.76,6
2023-09-11,West,California,Technology,Computers,Corporate,11,894.42,0,9838.62,1770.95,3
2023-09-11,East,Georgia,Technology,Accessories,Corporate,1,31.77,0,31.77,11.44,7
2023-09-11,West,California,Office Supplies,Binders,Corporate,1,20.81,0.15,17.69,3.14,2
2023-09-11,West,Arizona,Furniture,Chairs,Consumer,7,282.35,0,1976.45,553.41,2
2023-09-11,East,Pennsylvania,Office Supplies,Storage,Home Office,1,94.68,0,94.68,24.62,2
2023-09-11,West,California,Technology,Phones,Corporate,3,324.76,0.1,876.85,92.07,4
2023-09-12,West,Oregon,Furniture,Chairs,Consumer,2,265.44,0.1,477.79,69.28,2
2023-09-12,South,Texas,Office Supplies,Art,Corporate,2,20.29,0,40.58,16.23,5
2023-09-12,Northeast,New Jersey,Technology,Computers,Consumer,2,586.48,0,1172.96,211.13,5
2023-09-12,West,California,Technology,Computers,Home Office,3,782.90,0,2348.70,422.77,3
2023-09-13,Central,Illinois,Furniture,Bookcases,Consumer,1,157.52,0.1,141.77,7.80,1
2023-09-13,South,Texas,Furniture,Chairs,Consumer,5,220.64,0.1,992.88,143.97,1
2023-09-13,East,New York,Technology,Phones,Corporate,4,151.38,0,605.52,145.32,5
2023-09-13,East,Virginia,Office Supplies,Paper,Home Office,4,8.02,0,32.08,13.47,3
2023-09-13,South,Texas,Office Supplies,Paper,Corporate,21,9.79,0,205.59,86.35,4
2023-09-14,West,Colorado,Office Supplies,Paper,Home Office,5,15.07,0.1,67.82,19.33,5
2023-09-14,West,California,Furniture,Bookcases,Consumer,2,191.04,0.2,305.66,-24.45,5
2023-09-14,East,Pennsylvania,Technology,Accessories,Consumer,4,54.29,0.3,152.01,-6.84,3
2023-09-14,East,Pennsylvania,Furniture,Bookcases,Corporate,5,143.01,0,715.05,135.86,3
2023-09-15,Northeast,Massachusetts,Office Supplies,Paper,Corporate,4,13.88,0.1,49.97,14.24,9
2023-09-15,East,Pennsylvania,Office Supplies,Art,Consumer,1,23.56,0,23.56,9.42,3
2023-09-15,Central,Illinois,Technology,Accessories,Consumer,2,38.52,0.15,65.48,10.31,5
2023-09-15,Central,Ohio,Technology,Computers,Consumer,4,856.30,0.15,2911.42,-65.51,2
2023-09-15,East,Virginia,Technology,Phones,Consumer,3,477.27,0,1431.81,343.63,6
2023-09-15,West,California,Technology,Accessories,Consumer,3,27.61,0.1,74.55,16.77,3
2023-09-15,South,Texas,Furniture,Tables,Consumer,2,452.39,0,904.78,126.67,5
2023-09-15,Northeast,Massachusetts,Furniture,Chairs,Consumer,3,223.20,0.2,535.68,5.36,3
2023-09-15,East,New York,Office Supplies,Paper,Consumer,2,12.74,0.2,20.38,3.06,5
2023-09-15,West,California,Furniture,Bookcases,Corporate,6,151.55,0,909.30,172.77,3
2023-09-16,West,Arizona,Office Supplies,Storage,Corporate,2,64.63,0.1,116.33,14.54,5
2023-09-16,West,Oregon,Furniture,Furnishings,Corporate,5,36.83,0.1,165.74,33.98,2
2023-09-16,East,Virginia,Furniture,Chairs,Consumer,3,177.20,0,531.60,148.85,2
2023-09-16,East,Pennsylvania,Furniture,Bookcases,Home Office,5,121.69,0,608.45,115.61,2
2023-09-16,South,Texas,Furniture,Furnishings,Consumer,5,53.68,0.15,228.14,31.37,3
2023-09-17,West,Oregon,Office Supplies,Paper,Consumer,2,12.31,0,24.62,10.34,3
2023-09-17,South,Tennessee,Furniture,Furnishings,Corporate,6,79.96,0.2,383.81,26.87,2
2023-09-18,South,Texas,Technology,Computers,Consumer,2,975.94,0.1,1756.69,79.05,4
2023-09-18,Central,Missouri,Technology,Accessories,Consumer,2,30.82,0.2,49.31,4.44,9
2023-09-18,South,Tennessee,Office Supplies,Art,Corporate,4,23.30,0.15,79.22,15.65,10
2023-09-18,West,Washington,Technology,Accessories,Home Office,9,51.12,0,460.08,165.63,3
2023-09-19,South,Alabama,Office Supplies,Paper,Consumer,3,7.24,0,21.72,9.12,2
2023-09-19,West,Oregon,Office Supplies,Paper,Corporate,3,10.04,0.1,27.11,7.73,7
2023-09-19,West,California,Furniture,Tables,Corporate,1,322.03,0.1,289.83,1.45,3
2023-09-19,East,Georgia,Technology,Phones,Consumer,3,236.34,0,709.02,170.16,7
2023-09-19,Central,Ohio,Furniture,Furnishings,Consumer,9,60.55,0.1,490.45,100.54,1
2023-09-19,West,Arizona,Furniture,Chairs,Consumer,3,168.31,0,504.93,141.38,8
2023-09-19,South,Texas,Technology,Copiers,Corporate,2,1337.36,0,2674.72,561.69,4
2023-09-19,South,Texas,Technology,Copiers,Consumer,2,1248.60,0.1,2247.48,168.56,2
2023-09-19,Central,Minnesota,Technology,Phones,Home Office,3,204.51,0.15,521.50,19.56,3
2023-09-19,West,California,Office Supplies,Storage,Corporate,4,55.98,0,223.92,58.22,3
2023-09-20,West,Nevada,Furniture,Furnishings,Consumer,2,40.97,0.2,65.55,4.59,5
2023-09-20,Central,Illinois,Office Supplies,Storage,Consumer,3,60.84,0.15,155.14,8.92,6
2023-09-20,West,California,Technology,Phones,Corporate,5,196.14,0.1,882.63,92.68,7
2023-09-20,Central,Illinois,Technology,Computers,Home Office,9,775.92,0,6983.28,1256.99,3
2023-09-20,East,Virginia,Furniture,Bookcases,Consumer,7,195.20,0.15,1161.44,-14.52,5
2023-09-21,Central,Missouri,Furniture,Tables,Home Office,4,329.13,0.1,1184.87,5.92,1
2023-09-21,East,New York,Technology,Phones,Consumer,5,187.91,0.3,657.69,-108.52,3
2023-09-21,East,Pennsylvania,Furniture,Tables,Consumer,5,387.23,0,1936.15,271.06,2
2023-09-21,East,Pennsylvania,Furniture,Furnishings,Consumer,3,32.77,0,98.31,33.43,6
2023-09-21,Northeast,Maine,Technology,Accessories,Consumer,1,43.29,0.1,38.96,8.77,2
2023-09-21,Central,Minnesota,Furniture,Chairs,Corporate,2,222.48,0,444.96,124.59,2
2023-09-22,Central,Michigan,Furniture,Furnishings,Consumer,2,53.39,0,106.78,36.31,2
2023-09-22,Central,Ohio,Technology,Phones,Home Office,3,227.07,0,681.21,163.49,2
2023-09-22,East,Georgia,Technology,Accessories,Corporate,5,27.02,0.1,121.59,27.36,3
2023-09-22,South,Alabama,Office Supplies,Paper,Corporate,1,10.16,0.15,8.64,1.88,1
2023-09-22,Central,Minnesota,Office Supplies,Paper,Home Office,3,10.47,0,31.41,13.19,3
2023-09-22,South,Tennessee,Technology,Phones,Consumer,6,198.28,0.15,1011.23,37.92,4
2023-09-22,East,Virginia,Office Supplies,Storage,Consumer,5,72.23,0,361.15,93.90,3
2023-09-23,West,Nevada,Furniture,Bookcases,Consumer,2,183.26,0.15,311.54,-3.89,3
2023-09-23,East,New York,Technology,Accessories,Consumer,3,40.43,0.2,97.03,8.73,6
2023-09-23,West,Arizona,Technology,Copiers,Corporate,4,1803.60,0,7214.40,1515.02,4
2023-09-23,West,Washington,Technology,Copiers,Consumer,1,1226.34,0.1,1103.71,82.78,6
2023-09-23,East,Georgia,Furniture,Furnishings,Corporate,3,44.59,0,133.77,45.48,4
2023-09-24,South,North Carolina,Technology,Computers,Consumer,2,1028.02,0.1,1850.44,83.27,7
2023-09-24,East,Virginia,Furniture,Tables,Consumer,10,353.58,0,3535.80,495.01,2
2023-09-24,East,Virginia,Technology,Copiers,Corporate,3,1573.34,0.2,3776.02,-226.56,3
2023-09-25,West,Oregon,Furniture,Chairs,Corporate,4,389.20,0.1,1401.12,203.16,5
2023-09-25,South,North Carolina,Office Supplies,Paper,Consumer,9,10.01,0,90.09,37.84,2
2023-09-25,East,New York,Furniture,Tables,Consumer,2,171.26,0,342.52,47.95,1
2023-09-25,East,Virginia,Furniture,Bookcases,Consumer,3,187.57,0.1,506.44,27.85,4
2023-09-26,Central,Illinois,Furniture,Tables,Consumer,3,360.50,0,1081.50,151.41,3
2023-09-26,Northeast,Connecticut,Technology,Computers,Corporate,6,907.64,0,5445.84,980.25,2
2023-09-26,Central,Minnesota,Furniture,Bookcases,Consumer,6,128.37,0.2,616.18,-49.29,2
2023-09-26,Central,Minnesota,Technology,Accessories,Consumer,5,34.76,0,173.80,62.57,3
2023-09-26,Central,Ohio,Office Supplies,Paper,Corporate,4,12.84,0.1,46.22,13.17,7
2023-09-26,South,Tennessee,Office Supplies,Binders,Consumer,1,11.10,0,11.10,4.22,4
2023-09-26,West,Arizona,Technology,Phones,Corporate,3,258.72,0.1,698.54,73.35,1
2023-09-26,Central,Michigan,Technology,Phones,Consumer,2,262.58,0,525.16,126.04,4
2023-09-27,East,Pennsylvania,Office Supplies,Storage,Home Office,6,38.98,0,233.88,60.81,2
2023-09-27,East,New York,Furniture,Furnishings,Consumer,3,44.16,0.15,112.61,15.48,6
2023-09-27,West,Colorado,Furniture,Furnishings,Corporate,4,42.38,0,169.52,57.64,4
2023-09-27,West,Washington,Office Supplies,Storage,Consumer,4,63.09,0,252.36,65.61,3
2023-09-27,Central,Illinois,Technology,Accessories,Corporate,1,41.14,0,41.14,14.81,2
2023-09-27,West,California,Furniture,Furnishings,Home Office,4,46.60,0,186.40,63.38,3
2023-09-27,Northeast,Connecticut,Technology,Accessories,Consumer,3,29.27,0,87.81,31.61,2
2023-09-28,West,Nevada,Technology,Accessories,Consumer,8,38.40,0.1,276.48,62.21,2
2023-09-28,South,North Carolina,Furniture,Tables,Consumer,7,312.58,0,2188.06,306.33,4
2023-09-28,South,Tennessee,Office Supplies,Art,Consumer,6,27.97,0.15,142.65,28.17,2
2023-09-28,West,Nevada,Furniture,Tables,Corporate,4,438.95,0.15,1492.43,-93.28,3
2023-09-28,Northeast,Maine,Technology,Phones,Consumer,2,189.88,0,379.76,91.14,4
2023-09-28,West,Colorado,Furniture,Tables,Home Office,5,352.75,0,1763.75,246.93,3
2023-09-28,South,Texas,Furniture,Bookcases,Home Office,1,136.47,0,136.47,25.93,2
2023-09-28,Central,Michigan,Office Supplies,Paper,Consumer,4,11.70,0,46.80,19.66,3
2023-09-29,West,Washington,Technology,Accessories,Corporate,7,39.30,0,275.10,99.04,2
2023-09-29,Central,Ohio,Technology,Accessories,Corporate,5,38.83,0.1,174.74,39.32,7
2023-09-29,East,Pennsylvania,Technology,Computers,Consumer,3,768.39,0,2305.17,414.93,4
2023-09-29,West,Oregon,Technology,Copiers,Corporate,2,1266.46,0,2532.92,531.91,3
2023-09-29,East,Pennsylvania,Technology,Copiers,Corporate,4,1248.21,0.1,4493.56,337.02,2
2023-09-30,East,Virginia,Office Supplies,Storage,Corporate,3,68.29,0,204.87,53.27,1
2023-09-30,Northeast,Connecticut,Furniture,Bookcases,Corporate,2,107.24,0.1,193.03,10.62,1
2023-09-30,Central,Ohio,Technology,Computers,Corporate,6,841.22,0.1,4542.59,204.42,2
2023-09-30,Northeast,New Jersey,Technology,Phones,Corporate,5,273.72,0.15,1163.31,43.62,3
2023-09-30,East,New York,Technology,Phones,Corporate,4,203.88,0.1,733.97,77.07,2
2023-10-01,West,Nevada,Furniture,Tables,Consumer,1,369.45,0,369.45,51.72,2
2023-10-01,South,Texas,Technology,Copiers,Consumer,7,1922.06,0,13454.42,2825.43,3
2023-10-01,East,New York,Technology,Copiers,Consumer,1,1638.63,0,1638.63,344.11,3
2023-10-02,East,Florida,Furniture,Chairs,Consumer,4,289.25,0.1,1041.30,150.99,3
2023-10-02,East,Pennsylvania,Office Supplies,Storage,Consumer,2,72.53,0,145.06,37.72,3
2023-10-02,Northeast,Massachusetts,Office Supplies,Storage,Consumer,7,52.98,0.1,333.77,41.72,4
2023-10-02,East,Florida,Office Supplies,Art,Consumer,2,22.95,0.1,41.31,10.95,3
2023-10-02,Central,Ohio,Technology,Phones,Consumer,9,314.67,0.1,2548.83,267.63,2
2023-10-02,East,Florida,Furniture,Bookcases,Corporate,1,141.30,0,141.30,26.85,3
2023-10-02,South,Alabama,Office Supplies,Binders,Consumer,3,22.21,0.2,53.30,5.86,4
2023-10-02,South,Texas,Technology,Phones,Consumer,2,277.79,0.15,472.24,17.71,6
2023-10-02,Central,Ohio,Technology,Phones,Corporate,3,227.01,0,681.03,163.45,2
2023-10-02,Northeast,Maine,Furniture,Chairs,Consumer,1,220.88,0.1,198.79,28.82,2
2023-10-02,South,Alabama,Technology,Computers,Consumer,3,836.86,0,2510.58,451.90,4
2023-10-03,East,New York,Office Supplies,Art,Corporate,1,20.66,0.2,16.53,2.15,3
2023-10-03,West,California,Office Supplies,Binders,Consumer,1,26.67,0.1,24.00,5.88,2
2023-10-03,East,New York,Technology,Computers,Corporate,3,780.22,0.15,1989.56,-44.77,2
2023-10-03,Central,Missouri,Technology,Phones,Home Office,1,284.61,0,284.61,68.31,2
2023-10-03,East,Florida,Technology,Copiers,Consumer,9,1120.33,0,10082.97,2117.42,8
2023-10-03,Northeast,Massachusetts,Office Supplies,Art,Corporate,3,25.65,0.1,69.26,18.35,1
2023-10-03,East,New York,Technology,Accessories,Consumer,2,24.70,0.1,44.46,10.00,3
2023-10-03,Central,Michigan,Office Supplies,Storage,Corporate,5,62.01,0,310.05,80.61,2
2023-10-04,East,Florida,Furniture,Furnishings,Consumer,2,40.64,0,81.28,27.64,2
2023-10-04,East,Georgia,Technology,Accessories,Consumer,4,36.94,0,147.76,53.19,6
2023-10-04,West,Arizona,Technology,Computers,Home Office,1,745.38,0,745.38,134.17,3
2023-10-04,South,Alabama,Technology,Phones,Consumer,7,249.28,0.1,1570.46,164.90,2
2023-10-04,South,Texas,Furniture,Chairs,Consumer,3,254.53,0,763.59,213.81,3
2023-10-04,West,Oregon,Furniture,Bookcases,Home Office,4,168.43,0,673.72,128.01,3
2023-10-04,West,Arizona,Office Supplies,Storage,Consumer,1,59.70,0,59.70,15.52,4
2023-10-04,Central,Illinois,Furniture,Furnishings,Consumer,5,40.18,0.15,170.77,23.48,3
2023-10-05,West,Arizona,Furniture,Chairs,Corporate,1,246.79,0,246.79,69.10,4
2023-10-05,West,California,Technology,Phones,Home Office,6,172.41,0,1034.46,248.27,2
2023-10-05,East,Florida,Technology,Accessories,Consumer,7,46.87,0,328.09,118.11,4
2023-10-05,East,New York,Technology,Computers,Consumer,3,703.12,0,2109.36,379.68,1
2023-10-05,Central,Illinois,Office Supplies,Paper,Corporate,3,10.35,0.15,26.39,5.74,7
2023-10-05,Central,Missouri,Office Supplies,Storage,Consumer,1,58.86,0.1,52.97,6.62,8
2023-10-05,West,Arizona,Furniture,Chairs,Home Office,4,134.21,0,536.84,150.32,3
2023-10-05,West,Nevada,Technology,Computers,Home Office,15,787.72,0.1,10634.22,478.54,3
2023-10-05,East,Florida,Furniture,Chairs,Home Office,2,166.48,0,332.96,93.23,2
2023-10-05,West,California,Office Supplies,Art,Corporate,11,16.46,0,181.06,72.42,4
2023-10-05,South,Texas,Office Supplies,Binders,Consumer,6,16.97,0.15,86.55,15.36,4
2023-10-05,West,California,Furniture,Furnishings,Corporate,4,52.04,0,208.16,70.77,2
2023-10-05,South,Texas,Furniture,Tables,Consumer,10,302.02,0.15,2567.17,-160.45,3
2023-10-06,East,Florida,Furniture,Tables,Consumer,1,347.63,0.15,295.49,-18.47,8
2023-10-06,East,Georgia,Office Supplies,Paper,Corporate,1,11.96,0,11.96,5.02,5
2023-10-06,South,North Carolina,Office Supplies,Storage,Consumer,2,52.25,0,104.50,27.17,1
2023-10-06,South,Texas,Technology,Computers,Corporate,6,940.27,0.15,4795.38,-107.90,8
2023-10-06,Central,Minnesota,Furniture,Tables,Home Office,2,361.18,0,722.36,101.13,2
2023-10-06,Central,Minnesota,Office Supplies,Art,Consumer,4,22.15,0,88.60,35.44,4
2023-10-06,West,California,Office Supplies,Binders,Consumer,10,14.39,0.2,115.12,12.66,2
2023-10-06,West,Oregon,Office Supplies,Binders,Home Office,2,16.52,0.1,29.74,7.29,2
2023-10-06,Central,Michigan,Technology,Computers,Consumer,1,845.88,0,845.88,152.26,3
2023-10-07,West,California,Technology,Computers,Corporate,10,996.76,0,9967.60,1794.17,5
2023-10-07,West,Oregon,Furniture,Tables,Consumer,2,313.05,0,626.10,87.65,2
2023-10-07,Northeast,Massachusetts,Office Supplies,Binders,Home Office,6,13.75,0.2,66.00,7.26,5
2023-10-07,East,Georgia,Technology,Phones,Corporate,6,215.90,0.1,1165.86,122.42,2
2023-10-07,East,Georgia,Furniture,Chairs,Corporate,5,258.38,0,1291.90,361.73,5
2023-10-07,South,North Carolina,Furniture,Bookcases,Corporate,2,124.75,0.1,224.55,12.35,3
2023-10-08,East,Georgia,Technology,Phones,Corporate,3,333.46,0,1000.38,240.09,2
2023-10-09,East,Florida,Technology,Copiers,Consumer,2,1273.92,0.1,2293.06,171.98,6
2023-10-09,South,Tennessee,Office Supplies,Art,Consumer,6,25.17,0.1,135.92,36.02,1
2023-10-09,Central,Illinois,Office Supplies,Paper,Consumer,5,9.32,0,46.60,19.57,3
2023-10-09,South,Tennessee,Office Supplies,Binders,Consumer,4,21.46,0,85.84,32.62,5
2023-10-09,Central,Ohio,Office Supplies,Storage,Consumer,3,60.58,0,181.74,47.25,4
2023-10-09,East,New York,Office Supplies,Paper,Consumer,3,8.20,0.1,22.14,6.31,5
2023-10-09,East,Georgia,Furniture,Bookcases,Consumer,5,144.58,0.1,650.61,35.78,7
2023-10-09,Northeast,New Jersey,Furniture,Bookcases,Consumer,2,107.56,0,215.12,40.87,4
2023-10-09,Northeast,New Jersey,Furniture,Chairs,Consumer,8,237.79,0,1902.32,532.65,5
2023-10-10,East,Georgia,Furniture,Tables,Home Office,2,242.06,0.3,338.88,-89.80,4
2023-10-10,West,California,Technology,Copiers,Home Office,2,1520.47,0,3040.94,638.60,3
2023-10-10,Central,Ohio,Office Supplies,Binders,Home Office,1,21.66,0,21.66,8.23,3
2023-10-10,East,Florida,Technology,Computers,Corporate,2,673.51,0,1347.02,242.46,6
2023-10-10,West,California,Technology,Computers,Consumer,15,565.78,0,8486.70,1527.61,3
2023-10-10,South,North Carolina,Furniture,Tables,Consumer,4,378.38,0,1513.52,211.89,1
2023-10-10,Central,Illinois,Technology,Phones,Corporate,3,256.33,0,768.99,184.56,2
2023-10-10,East,Pennsylvania,Office Supplies,Binders,Corporate,7,21.78,0,152.46,57.93,6
2023-10-10,Central,Missouri,Technology,Accessories,Consumer,2,27.15,0,54.30,19.55,2
2023-10-11,East,New York,Office Supplies,Binders,Corporate,2,15.70,0.15,26.69,4.74,4
2023-10-11,East,Virginia,Technology,Phones,Home Office,3,232.85,0,698.55,167.65,2
2023-10-11,East,New York,Technology,Phones,Corporate,2,280.63,0,561.26,134.70,2
2023-10-11,West,California,Technology,Copiers,Home Office,4,1271.87,0,5087.48,1068.37,6
2023-10-11,Central,Illinois,Office Supplies,Binders,Consumer,9,13.09,0,117.81,44.77,2
2023-10-11,South,North Carolina,Furniture,Chairs,Consumer,1,244.26,0.2,195.41,1.95,3
2023-10-11,West,Oregon,Technology,Accessories,Consumer,7,37.80,0,264.60,95.26,2
2023-10-11,East,New York,Technology,Computers,Corporate,7,691.51,0,4840.57,871.30,4
2023-10-11,Northeast,New Jersey,Furniture,Bookcases,Home Office,5,127.65,0,638.25,121.27,3
2023-10-11,West,California,Furniture,Chairs,Consumer,5,298.23,0.1,1342.04,194.60,4
2023-10-11,Northeast,New Jersey,Technology,Phones,Corporate,2,285.77,0.2,457.23,-13.72,6
2023-10-11,South,North Carolina,Furniture,Furnishings,Corporate,4,42.74,0,170.96,58.13,7
2023-10-12,West,Washington,Technology,Accessories,Consumer,3,34.52,0,103.56,37.28,2
2023-10-12,Central,Michigan,Technology,Accessories,Corporate,5,31.51,0.1,141.80,31.91,2
2023-10-12,East,New York,Technology,Copiers,Consumer,4,2299.14,0,9196.56,1931.28,5
2023-10-12,East,New York,Furniture,Bookcases,Consumer,5,158.95,0.15,675.54,-8.44,3
2023-10-12,East,New York,Office Supplies,Art,Corporate,4,16.23,0,64.92,25.97,6
2023-10-12,Northeast,Connecticut,Office Supplies,Paper,Home Office,5,16.46,0,82.30,34.57,2
2023-10-12,South,Texas,Furniture,Chairs,Corporate,1,163.78,0.15,139.21,10.79,2
2023-10-12,West,California,Furniture,Tables,Consumer,5,334.48,0,1672.40,234.14,1
2023-10-12,Northeast,Massachusetts,Furniture,Chairs,Consumer,4,193.65,0,774.60,216.89,3
2023-10-13,West,California,Office Supplies,Storage,Corporate,4,72.81,0,291.24,75.72,5
2023-10-13,Central,Minnesota,Office Supplies,Paper,Corporate,4,9.57,0.15,32.54,7.08,4
2023-10-13,Central,Ohio,Technology,Accessories,Consumer,4,57.73,0,230.92,83.13,3
2023-10-13,East,New York,Office Supplies,Paper,Consumer,3,13.29,0,39.87,16.75,2
2023-10-13,South,Tennessee,Technology,Copiers,Consumer,11,1075.27,0,11827.97,2483.87,2
2023-10-13,East,Georgia,Furniture,Furnishings,Consumer,5,43.28,0,216.40,73.58,4
2023-10-13,East,New York,Technology,Accessories,Consumer,2,44.49,0,88.98,32.03,3
2023-10-13,East,Georgia,Furniture,Tables,Home Office,1,269.42,0,269.42,37.72,3
2023-10-13,Central,Ohio,Furniture,Bookcases,Consumer,2,197.57,0,395.14,75.08,4
2023-10-13,West,Oregon,Office Supplies,Paper,Consumer,4,19.56,0.1,70.42,20.07,5
2023-10-13,Central,Michigan,Office Supplies,Storage,Home Office,9,40.32,0,362.88,94.35,4
2023-10-14,South,Tennessee,Furniture,Tables,Consumer,3,289.78,0,869.34,121.71,3
2023-10-14,Central,Minnesota,Office Supplies,Binders,Corporate,1,12.25,0.1,11.03,2.70,2
2023-10-14,Northeast,Connecticut,Furniture,Bookcases,Consumer,2,190.61,0.1,343.10,18.87,1
2023-10-15,East,Florida,Furniture,Chairs,Consumer,7,145.52,0.1,916.78,132.93,4
2023-10-16,West,California,Furniture,Furnishings,Consumer,2,40.29,0,80.58,27.40,5
2023-10-16,East,New York,Furniture,Chairs,Home Office,3,309.25,0.15,788.59,61.12,2
2023-10-16,Central,Illinois,Technology,Phones,Corporate,3,229.13,0.15,584.28,21.91,2
2023-10-16,West,California,Office Supplies,Binders,Corporate,4,18.87,0,75.48,28.68,4
2023-10-16,South,Texas,Furniture,Tables,Consumer,5,285.78,0,1428.90,200.05,2
2023-10-17,South,Tennessee,Furniture,Furnishings,Home Office,3,41.57,0.1,112.24,23.01,4
2023-10-17,South,Texas,Office Supplies,Art,Corporate,8,23.58,0.15,160.34,31.67,3
2023-10-17,South,North Carolina,Technology,Accessories,Consumer,1,51.12,0.1,46.01,10.35,3
2023-10-17,East,Georgia,Office Supplies,Storage,Consumer,3,67.54,0.1,182.36,22.80,1
2023-10-17,East,New York,Technology,Computers,Consumer,3,1296.27,0,3888.81,699.99,6
2023-10-17,Central,Missouri,Furniture,Chairs,Consumer,4,216.10,0,864.40,242.03,1
2023-10-17,East,New York,Office Supplies,Art,Corporate,3,22.60,0.1,61.02,16.17,4
2023-10-18,West,Oregon,Technology,Computers,Home Office,1,590.86,0,590.86,106.35,2
2023-10-18,East,Pennsylvania,Furniture,Bookcases,Corporate,6,187.51,0.15,956.30,-11.95,4
2023-10-18,West,Colorado,Furniture,Tables,Corporate,3,392.69,0,1178.07,164.93,3
2023-10-18,West,Arizona,Technology,Accessories,Consumer,2,40.41,0.1,72.74,16.37,3
2023-10-18,West,Arizona,Office Supplies,Paper,Consumer,3,10.81,0,32.43,13.62,3
2023-10-19,East,Florida,Technology,Computers,Corporate,1,991.38,0,991.38,178.45,2
2023-10-19,Central,Illinois,Technology,Computers,Corporate,4,893.04,0,3572.16,642.99,4
2023-10-19,West,Nevada,Technology,Phones,Corporate,1,286.67,0,286.67,68.80,3
2023-10-19,West,California,Furniture,Chairs,Corporate,1,246.02,0.1,221.42,32.11,5
2023-10-19,East,Pennsylvania,Office Supplies,Art,Corporate,2,24.06,0.15,40.90,8.08,5
2023-10-19,West,Nevada,Furniture,Bookcases,Home Office,3,188.16,0.2,451.58,-36.13,4
2023-10-19,West,California,Furniture,Chairs,Consumer,3,202.85,0,608.55,170.39,3
2023-10-19,Central,Ohio,Office Supplies,Art,Consumer,5,15.99,0,79.95,31.98,3
2023-10-19,Central,Michigan,Furniture,Chairs,Corporate,7,224.97,0,1574.79,440.94,4
2023-10-20,East,Pennsylvania,Furniture,Chairs,Consumer,1,280.31,0.1,252.28,36.58,4
2023-10-20,East,Pennsylvania,Technology,Phones,Consumer,7,253.68,0.1,1598.18,167.81,4
2023-10-20,East,Virginia,Office Supplies,Paper,Home Office,4,7.80,0,31.20,13.10,4
2023-10-20,West,California,Technology,Phones,Home Office,2,141.24,0,282.48,67.80,4
2023-10-20,East,Pennsylvania,Office Supplies,Art,Corporate,1,26.30,0.1,23.67,6.27,2
2023-10-20,South,North Carolina,Office Supplies,Paper,Corporate,4,8.86,0,35.44,14.88,7
2023-10-21,Central,Missouri,Furniture,Tables,Consumer,4,265.98,0.2,851.14,-110.65,4
2023-10-21,South,North Carolina,Furniture,Bookcases,Consumer,11,139.50,0.15,1304.33,-16.30,7
2023-10-21,East,New York,Office Supplies,Binders,Consumer,4,15.27,0,61.08,23.21,10
2023-10-21,West,Colorado,Technology,Phones,Consumer,8,158.72,0.15,1079.30,40.47,4
2023-10-22,Central,Illinois,Office Supplies,Paper,Corporate,2,15.94,0.1,28.69,8.18,4
2023-10-23,Central,Minnesota,Furniture,Furnishings,Corporate,9,48.62,0.1,393.82,80.73,3
2023-10-23,East,Georgia,Office Supplies,Paper,Home Office,2,9.57,0.1,17.23,4.91,4
2023-10-23,East,Pennsylvania,Technology,Phones,Consumer,5,299.47,0.15,1272.75,47.73,2
2023-10-23,West,California,Furniture,Tables,Corporate,2,379.61,0,759.22,106.29,3
2023-10-23,East,New York,Furniture,Chairs,Consumer,2,253.93,0,507.86,142.20,3
2023-10-23,West,California,Furniture,Chairs,Consumer,5,223.11,0,1115.55,312.35,3
2023-10-23,West,California,Office Supplies,Binders,Home Office,2,26.97,0,53.94,20.50,3
2023-10-23,Central,Michigan,Furniture,Furnishings,Corporate,3,45.93,0.15,117.12,16.10,4
2023-10-23,West,Colorado,Technology,Accessories,Home Office,4,33.77,0.1,121.57,27.35,2
2023-10-24,Northeast,Maine,Technology,Phones,Consumer,2,233.34,0.15,396.68,14.88,7
2023-10-24,West,Washington,Furniture,Tables,Consumer,8,208.28,0,1666.24,233.27,3
2023-10-24,South,Texas,Technology,Accessories,Home Office,2,42.39,0,84.78,30.52,2
2023-10-24,East,Virginia,Furniture,Tables,Corporate,4,301.80,0,1207.20,169.01,1
2023-10-24,South,Tennessee,Furniture,Chairs,Consumer,1,217.13,0.15,184.56,14.30,3
2023-10-25,West,California,Furniture,Furnishings,Consumer,4,43.25,0.15,147.05,20.22,4
2023-10-25,Central,Michigan,Technology,Phones,Consumer,8,253.29,0,2026.32,486.32,6
2023-10-25,Northeast,Massachusetts,Furniture,Bookcases,Home Office,6,270.55,0.1,1460.97,80.35,8
2023-10-25,West,Colorado,Technology,Computers,Consumer,3,921.51,0.3,1935.17,-435.41,2
2023-10-25,Central,Ohio,Office Supplies,Paper,Corporate,5,13.28,0.1,59.76,17.03,4
2023-10-25,Northeast,New Jersey,Office Supplies,Paper,Consumer,3,12.44,0,37.32,15.67,3
2023-10-25,East,Florida,Office Supplies,Paper,Corporate,10,10.27,0,102.70,43.13,4
2023-10-26,Central,Ohio,Office Supplies,Storage,Consumer,4,62.76,0.1,225.94,28.24,3
2023-10-26,West,Arizona,Furniture,Tables,Consumer,2,266.49,0.15,453.03,-28.31,2
2023-10-26,Central,Michigan,Technology,Computers,Corporate,2,778.31,0.15,1323.13,-29.77,3
2023-10-26,East,Virginia,Office Supplies,Storage,Consumer,1,68.94,0,68.94,17.92,2
2023-10-26,East,New York,Technology,Accessories,Consumer,1,35.88,0,35.88,12.92,6
2023-10-26,Central,Michigan,Technology,Copiers,Consumer,1,1205.15,0.15,1024.38,7.68,3
2023-10-26,East,Georgia,Furniture,Bookcases,Home Office,1,132.38,0.2,105.90,-8.47,2
2023-10-27,Central,Michigan,Furniture,Tables,Consumer,3,307.50,0,922.50,129.15,5
2023-10-27,South,Alabama,Furniture,Chairs,Consumer,2,171.37,0,342.74,95.97,5
2023-10-27,East,New York,Furniture,Bookcases,Corporate,4,122.08,0.1,439.49,24.17,4
2023-10-27,Central,Michigan,Technology,Accessories,Consumer,1,28.82,0.15,24.50,3.86,4
2023-10-27,South,Texas,Technology,Phones,Consumer,3,292.24,0.1,789.05,82.85,2
2023-10-27,East,Florida,Office Supplies,Storage,Consumer,3,58.22,0.2,139.73,-1.40,2
2023-10-28,East,Virginia,Technology,Phones,Consumer,3,169.42,0,508.26,121.98,2
2023-10-28,West,California,Furniture,Bookcases,Consumer,8,125.07,0.3,700.39,-150.58,2
2023-10-28,Northeast,New Jersey,Technology,Computers,Home Office,3,618.68,0,1856.04,334.09,3
2023-10-29,West,Washington,Office Supplies,Binders,Consumer,4,17.78,0,71.12,27.03,5
2023-10-29,South,Louisiana,Technology,Computers,Consumer,3,480.00,0.2,1152.00,-103.68,10
2023-10-29,Central,Minnesota,Furniture,Chairs,Consumer,3,188.56,0.15,480.83,37.26,4
2023-10-30,West,California,Technology,Computers,Corporate,3,863.20,0,2589.60,466.13,6
2023-10-30,Central,Ohio,Technology,Phones,Consumer,1,271.53,0.15,230.80,8.65,4
2023-10-30,West,Washington,Office Supplies,Paper,Corporate,2,12.56,0.1,22.61,6.44,3
2023-10-30,East,Virginia,Office Supplies,Binders,Home Office,1,19.79,0,19.79,7.52,3
2023-10-30,West,Colorado,Furniture,Chairs,Corporate,3,197.82,0.15,504.44,39.09,5
2023-10-30,East,New York,Furniture,Tables,Consumer,4,402.80,0,1611.20,225.57,4
2023-10-30,Central,Illinois,Furniture,Bookcases,Consumer,1,232.35,0.1,209.12,11.50,3
2023-10-30,South,Texas,Furniture,Furnishings,Consumer,10,26.49,0,264.90,90.07,3
2023-10-30,West,California,Furniture,Tables,Consumer,1,285.12,0,285.12,39.92,4
2023-10-30,East,New York,Office Supplies,Art,Corporate,14,15.23,0,213.22,85.29,6
2023-10-30,East,Florida,Furniture,Tables,Consumer,7,514.33,0,3600.31,504.04,4
2023-10-30,Central,Illinois,Office Supplies,Paper,Corporate,1,14.32,0,14.32,6.01,3
2023-10-30,West,California,Furniture,Bookcases,Consumer,3,114.76,0,344.28,65.41,4
2023-10-30,Central,Missouri,Office Supplies,Art,Home Office,2,19.24,0,38.48,15.39,3
2023-10-31,Central,Missouri,Furniture,Chairs,Consumer,5,211.70,0,1058.50,296.38,1
2023-10-31,East,Pennsylvania,Technology,Accessories,Consumer,1,41.12,0,41.12,14.80,4
2023-10-31,West,Colorado,Technology,Phones,Home Office,2,330.60,0,661.20,158.69,7
2023-10-31,West,California,Office Supplies,Art,Corporate,10,27.14,0.1,244.26,64.73,2
2023-10-31,Central,Michigan,Technology,Copiers,Consumer,2,1152.07,0.1,2073.73,155.53,1
2023-10-31,West,California,Furniture,Chairs,Corporate,5,299.68,0.15,1273.64,98.71,2
2023-10-31,West,Nevada,Furniture,Tables,Consumer,1,429.16,0.3,300.41,-79.61,3
2023-10-31,South,Texas,Technology,Phones,Corporate,14,147.19,0.2,1648.53,-49.46,3
2023-10-31,Northeast,New Jersey,Office Supplies,Art,Corporate,3,24.18,0,72.54,29.02,3
2023-10-31,South,Texas,Office Supplies,Art,Corporate,1,18.36,0.15,15.61,3.08,1
2023-10-31,Central,Ohio,Furniture,Tables,Consumer,10,281.83,0,2818.30,394.56,2
2023-10-31,South,Louisiana,Office Supplies,Paper,Consumer,2,12.01,0,24.02,10.09,4
2023-10-31,Central,Illinois,Office Supplies,Storage,Corporate,8,59.05,0.1,425.16,53.15,6
2023-10-31,West,Colorado,Furniture,Chairs,Consumer,2,242.98,0,485.96,136.07,3
2023-10-31,West,Oregon,Furniture,Bookcases,Consumer,5,171.75,0,858.75,163.16,4
2023-10-31,East,Pennsylvania,Office Supplies,Binders,Corporate,4,17.52,0,70.08,26.63,3
2023-11-01,West,Washington,Furniture,Bookcases,Consumer,3,159.90,0,479.70,91.14,6
2023-11-01,East,New York,Office Supplies,Binders,Consumer,1,19.03,0,19.03,7.23,2
2023-11-01,Central,Minnesota,Technology,Computers,Consumer,1,797.73,0,797.73,143.59,7
2023-11-01,Northeast,Maine,Technology,Phones,Consumer,5,268.95,0.1,1210.28,127.08,4
2023-11-01,South,Alabama,Technology,Computers,Home Office,1,475.86,0,475.86,85.65,4
2023-11-01,West,Oregon,Office Supplies,Art,Consumer,2,17.03,0,34.06,13.62,4
2023-11-02,East,New York,Furniture,Tables,Consumer,5,210.14,0,1050.70,147.10,4
2023-11-02,West,Oregon,Technology,Phones,Corporate,6,219.67,0,1318.02,316.32,8
2023-11-02,South,North Carolina,Technology,Phones,Home Office,2,195.73,0,391.46,93.95,4
2023-11-02,South,Tennessee,Furniture,Bookcases,Consumer,2,167.74,0.1,301.93,16.61,4
2023-11-02,Central,Ohio,Office Supplies,Binders,Corporate,1,23.33,0.1,21.00,5.15,2
2023-11-02,South,Texas,Furniture,Bookcases,Corporate,7,159.86,0,1119.02,212.61,2
2023-11-02,Northeast,New Jersey,Technology,Phones,Home Office,7,267.02,0,1869.14,448.59,5
2023-11-03,West,California,Office Supplies,Storage,Consumer,4,90.76,0.1,326.74,40.84,2
2023-11-03,South,Tennessee,Technology,Copiers,Corporate,6,1155.08,0,6930.48,1455.40,4
2023-11-03,West,Nevada,Technology,Accessories,Consumer,2,59.09,0,118.18,42.54,2
2023-11-03,Central,Illinois,Technology,Computers,Consumer,3,902.30,0,2706.90,487.24,4
2023-11-03,South,Texas,Technology,Phones,Consumer,5,201.49,0,1007.45,241.79,7
2023-11-03,South,Texas,Technology,Accessories,Corporate,2,49.26,0.15,83.74,13.19,3
2023-11-05,West,Nevada,Furniture,Chairs,Home Office,2,162.27,0,324.54,90.87,5
2023-11-05,East,New York,Furniture,Furnishings,Home Office,6,48.99,0,293.94,99.94,5
2023-11-05,Central,Missouri,Furniture,Chairs,Home Office,6,155.94,0.15,795.29,61.63,3
2023-11-06,Central,Ohio,Furniture,Furnishings,Corporate,3,48.19,0,144.57,49.15,5
2023-11-06,Central,Illinois,Technology,Phones,Home Office,1,252.32,0.3,176.62,-29.14,10
2023-11-06,West,Colorado,Furniture,Bookcases,Corporate,3,194.02,0,582.06,110.59,2
2023-11-06,West,Arizona,Office Supplies,Paper,Consumer,3,7.10,0,21.30,8.95,2
2023-11-06,West,Oregon,Furniture,Chairs,Consumer,1,280.46,0,280.46,78.53,7
2023-11-07,West,Oregon,Furniture,Bookcases,Consumer,7,129.72,0,908.04,172.53,3
2023-11-07,East,New York,Furniture,Bookcases,Home Office,3,163.36,0,490.08,93.12,3
2023-11-07,Northeast,Massachusetts,Furniture,Bookcases,Corporate,3,108.33,0.1,292.49,16.09,3
2023-11-07,East,Pennsylvania,Technology,Computers,Corporate,1,572.41,0,572.41,103.03,8
2023-11-07,Central,Ohio,Furniture,Furnishings,Consumer,1,41.09,0.15,34.93,4.80,4
2023-11-07,Northeast,Connecticut,Furniture,Furnishings,Consumer,2,51.97,0,103.94,35.34,6
2023-11-07,West,California,Furniture,Furnishings,Corporate,6,36.90,0.1,199.26,40.85,4
2023-11-07,South,Louisiana,Furniture,Chairs,Consumer,12,195.81,0,2349.72,657.92,3
2023-11-07,Central,Ohio,Technology,Accessories,Home Office,11,40.37,0,444.07,159.87,6
2023-11-07,Central,Minnesota,Technology,Accessories,Consumer,6,27.61,0,165.66,59.64,4
2023-11-07,West,Washington,Technology,Accessories,Corporate,6,27.24,0,163.44,58.84,5
2023-11-08,East,New York,Technology,Phones,Home Office,4,227.85,0,911.40,218.74,4
2023-11-08,East,New York,Furniture,Bookcases,Consumer,1,189.46,0.3,132.62,-28.51,2
2023-11-08,Central,Michigan,Office Supplies,Binders,Consumer,5,18.01,0.2,72.04,7.92,4
2023-11-08,East,New York,Furniture,Tables,Home Office,2,348.42,0,696.84,97.56,3
2023-11-08,East,Virginia,Technology,Phones,Corporate,5,317.69,0.2,1270.76,-38.12,3
2023-11-08,West,Nevada,Furniture,Tables,Consumer,3,399.01,0.15,1017.48,-63.59,3
2023-11-08,West,California,Technology,Phones,Consumer,6,385.22,0,2311.32,554.72,1
2023-11-09,South,Alabama,Technology,Computers,Consumer,4,703.63,0,2814.52,506.61,2
2023-11-09,Northeast,Maine,Technology,Accessories,Corporate,1,54.93,0,54.93,19.77,4
2023-11-09,East,Florida,Technology,Phones,Consumer,13,330.36,0.3,3006.28,-496.04,2
2023-11-10,South,North Carolina,Technology,Copiers,Consumer,6,1169.02,0.1,6312.71,473.45,6
2023-11-10,Northeast,New Jersey,Office Supplies,Paper,Consumer,5,13.09,0.1,58.91,16.79,10
2023-11-10,West,Washington,Technology,Computers,Corporate,3,893.75,0,2681.25,482.63,4
2023-11-10,East,New York,Furniture,Furnishings,Consumer,4,59.01,0,236.04,80.25,3
2023-11-10,South,Tennessee,Furniture,Chairs,Consumer,2,230.21,0,460.42,128.92,5
2023-11-10,Central,Missouri,Office Supplies,Storage,Consumer,4,46.45,0.2,148.64,-1.49,4
2023-11-10,South,Tennessee,Furniture,Tables,Consumer,1,288.87,0,288.87,40.44,4
2023-11-11,South,Texas,Office Supplies,Art,Corporate,4,20.64,0,82.56,33.02,1
2023-11-11,West,Washington,Technology,Computers,Home Office,7,952.02,0,6664.14,1199.55,2
2023-11-12,East,Florida,Office Supplies,Paper,Corporate,6,11.63,0.1,62.80,17.90,3
2023-11-13,South,Louisiana,Furniture,Bookcases,Corporate,1,216.95,0,216.95,41.22,4
2023-11-13,East,Georgia,Office Supplies,Storage,Corporate,7,42.44,0,297.08,77.24,3
2023-11-13,South,Texas,Technology,Phones,Home Office,3,241.40,0.1,651.78,68.44,3
2023-11-13,West,Arizona,Furniture,Bookcases,Home Office,1,162.77,0,162.77,30.93,2
2023-11-13,East,New York,Technology,Phones,Consumer,4,235.54,0,942.16,226.12,2
2023-11-13,West,Nevada,Technology,Phones,Home Office,12,262.07,0,3144.84,754.76,6
2023-11-14,Central,Illinois,Technology,Accessories,Corporate,2,45.41,0,90.82,32.70,3
2023-11-14,Central,Ohio,Furniture,Bookcases,Consumer,2,163.74,0,327.48,62.22,3
2023-11-14,Central,Minnesota,Technology,Phones,Home Office,2,220.23,0,440.46,105.71,4
2023-11-14,West,Arizona,Office Supplies,Art,Corporate,3,27.36,0,82.08,32.83,3
2023-11-15,West,California,Office Supplies,Paper,Corporate,6,11.70,0,70.20,29.48,7
2023-11-15,West,Oregon,Technology,Computers,Consumer,2,633.86,0,1267.72,228.19,4
2023-11-15,East,Georgia,Technology,Copiers,Consumer,5,1495.21,0,7476.05,1569.97,6
2023-11-15,West,Oregon,Furniture,Chairs,Corporate,7,241.07,0,1687.49,472.50,2
2023-11-15,South,Tennessee,Office Supplies,Paper,Consumer,2,8.99,0.2,14.38,2.16,1
2023-11-15,South,Texas,Furniture,Tables,Corporate,4,369.54,0,1478.16,206.94,4
2023-11-16,West,Washington,Office Supplies,Storage,Consumer,7,69.76,0,488.32,126.96,2
2023-11-16,West,California,Office Supplies,Art,Corporate,1,22.21,0.15,18.88,3.73,3
2023-11-16,East,New York,Office Supplies,Storage,Home Office,2,40.42,0.15,68.71,3.95,1
2023-11-16,West,Colorado,Furniture,Furnishings,Consumer,2,38.88,0,77.76,26.44,2
2023-11-16,Central,Illinois,Furniture,Furnishings,Consumer,5,55.82,0,279.10,94.89,4
2023-11-16,West,California,Furniture,Bookcases,Consumer,1,161.86,0,161.86,30.75,2
2023-11-16,Central,Ohio,Office Supplies,Art,Consumer,8,22.78,0,182.24,72.90,3
2023-11-16,East,New York,Technology,Accessories,Home Office,1,32.88,0.1,29.59,6.66,4
2023-11-16,Central,Michigan,Technology,Phones,Corporate,4,423.28,0.15,1439.15,53.97,4
2023-11-16,Northeast,New Jersey,Technology,Computers,Consumer,3,712.77,0.1,1924.48,86.60,2
2023-11-17,East,Georgia,Technology,Accessories,Consumer,5,31.80,0,159.00,57.24,5
2023-11-17,East,Florida,Office Supplies,Paper,Corporate,4,11.46,0,45.84,19.25,6
2023-11-17,South,North Carolina,Technology,Computers,Corporate,2,907.32,0,1814.64,326.64,5
2023-11-17,Central,Illinois,Furniture,Chairs,Corporate,3,330.56,0,991.68,277.67,8
2023-11-17,South,Tennessee,Technology,Accessories,Consumer,2,38.06,0,76.12,27.40,3
2023-11-17,Northeast,Massachusetts,Technology,Phones,Corporate,1,311.29,0,311.29,74.71,8
2023-11-17,West,Colorado,Furniture,Bookcases,Consumer,6,134.24,0.15,684.62,-8.56,2
2023-11-17,South,North Carolina,Technology,Phones,Consumer,1,177.67,0,177.67,42.64,6
2023-11-18,Northeast,Massachusetts,Furniture,Furnishings,Consumer,3,52.77,0.2,126.65,8.87,1
2023-11-18,Central,Illinois,Technology,Accessories,Consumer,2,31.41,0,62.82,22.62,2
2023-11-18,East,Pennsylvania,Office Supplies,Storage,Consumer,2,54.89,0.1,98.80,12.35,3
2023-11-18,West,California,Furniture,Bookcases,Home Office,6,128.87,0.1,695.90,38.27,5
2023-11-18,Central,Ohio,Furniture,Tables,Consumer,2,356.73,0,713.46,99.88,2
2023-11-18,Central,Ohio,Office Supplies,Art,Corporate,3,21.87,0,65.61,26.24,7
2023-11-19,Central,Illinois,Furniture,Bookcases,Corporate,5,158.72,0.2,634.88,-50.79,4
2023-11-19,West,Oregon,Office Supplies,Storage,Corporate,3,40.33,0,120.99,31.46,2
2023-11-20,West,California,Office Supplies,Binders,Corporate,6,21.61,0,129.66,49.27,3
2023-11-20,East,New York,Office Supplies,Art,Consumer,1,25.29,0,25.29,10.12,5
2023-11-20,West,Nevada,Office Supplies,Binders,Home Office,9,20.62,0,185.58,70.52,2
2023-11-20,South,Texas,Office Supplies,Paper,Corporate,3,11.11,0.1,30.00,8.55,8
2023-11-20,Central,Minnesota,Technology,Accessories,Corporate,5,50.00,0.1,225.00,50.62,3
2023-11-20,East,Georgia,Technology,Phones,Home Office,3,254.39,0.1,686.85,72.12,5
2023-11-20,Central,Michigan,Furniture,Tables,Consumer,3,503.05,0,1509.15,211.28,2
2023-11-20,West,California,Technology,Accessories,Corporate,4,37.90,0.3,106.12,-4.78,2
2023-11-20,Northeast,Massachusetts,Furniture,Bookcases,Consumer,2,187.47,0,374.94,71.24,3
2023-11-20,West,California,Technology,Phones,Corporate,12,182.17,0.1,1967.44,206.58,3
2023-11-20,West,Oregon,Office Supplies,Binders,Consumer,2,13.97,0.1,25.15,6.16,7
2023-11-20,West,Oregon,Furniture,Furnishings,Consumer,3,45.98,0.1,124.15,25.45,2
2023-11-20,West,Oregon,Office Supplies,Storage,Consumer,7,70.57,0.15,419.89,24.14,3
2023-11-20,West,California,Technology,Accessories,Home Office,6,50.41,0.1,272.21,61.25,2
2023-11-21,East,Virginia,Technology,Copiers,Consumer,2,1933.35,0.1,3480.03,261.00,5
2023-11-21,East,New York,Furniture,Chairs,Consumer,4,247.00,0.2,790.40,7.90,3
2023-11-21,Central,Ohio,Furniture,Furnishings,Consumer,5,39.51,0,197.55,67.17,4
2023-11-21,East,Virginia,Furniture,Bookcases,Consumer,2,112.19,0.3,157.07,-33.77,6
2023-11-21,Central,Minnesota,Office Supplies,Binders,Corporate,4,17.63,0,70.52,26.80,5
2023-11-21,East,Virginia,Furniture,Chairs,Home Office,9,258.40,0.1,2093.04,303.49,3
2023-11-21,Central,Michigan,Furniture,Furnishings,Consumer,3,37.48,0,112.44,38.23,4
2023-11-21,West,California,Furniture,Tables,Consumer,1,262.99,0.2,210.39,-27.35,4
2023-11-21,West,Oregon,Office Supplies,Paper,Consumer,4,7.17,0,28.68,12.05,4
2023-11-21,Central,Ohio,Furniture,Furnishings,Home Office,4,78.21,0,312.84,106.37,2
2023-11-21,West,Oregon,Furniture,Bookcases,Consumer,11,157.04,0.2,1381.95,-110.56,3
2023-11-21,South,North Carolina,Office Supplies,Storage,Consumer,4,61.05,0,244.20,63.49,3
2023-11-21,West,Nevada,Furniture,Tables,Consumer,11,301.10,0,3312.10,463.69,6
2023-11-21,East,Georgia,Furniture,Furnishings,Home Office,4,72.08,0,288.32,98.03,10
2023-11-22,East,New York,Furniture,Furnishings,Consumer,3,49.95,0,149.85,50.95,3
2023-11-22,Central,Illinois,Furniture,Chairs,Corporate,1,156.80,0.1,141.12,20.46,8
2023-11-22,West,Oregon,Technology,Accessories,Home Office,1,35.18,0,35.18,12.66,6
2023-11-22,West,California,Technology,Copiers,Corporate,1,1781.12,0,1781.12,374.04,5
2023-11-22,West,Arizona,Technology,Copiers,Consumer,2,1346.07,0.3,1884.50,-367.48,7
2023-11-22,South,Texas,Furniture,Chairs,Consumer,2,184.14,0,368.28,103.12,4
2023-11-22,West,Arizona,Technology,Copiers,Consumer,2,1403.47,0.3,1964.86,-383.15,3
2023-11-22,West,Oregon,Furniture,Furnishings,Consumer,4,47.93,0.1,172.55,35.37,2
2023-11-22,East,Florida,Office Supplies,Storage,Corporate,10,52.11,0.1,468.99,58.62,4
2023-11-23,West,California,Technology,Accessories,Corporate,2,40.50,0.1,72.90,16.40,5
2023-11-23,Central,Minnesota,Technology,Phones,Home Office,7,275.16,0.15,1637.20,61.39,2
2023-11-23,South,North Carolina,Technology,Accessories,Consumer,2,33.40,0,66.80,24.05,6
2023-11-23,East,Pennsylvania,Furniture,Tables,Consumer,10,373.08,0,3730.80,522.31,4
2023-11-23,West,California,Furniture,Furnishings,Home Office,1,46.42,0.15,39.46,5.43,3
2023-11-23,East,Virginia,Technology,Accessories,Consumer,1,30.05,0,30.05,10.82,5
2023-11-23,Northeast,Connecticut,Office Supplies,Paper,Consumer,3,13.51,0.1,36.48,10.40,3
2023-11-23,West,California,Technology,Accessories,Consumer,2,30.85,0.2,49.36,4.44,3
2023-11-23,Central,Illinois,Technology,Computers,Corporate,3,622.15,0,1866.45,335.96,2
2023-11-23,West,California,Furniture,Chairs,Home Office,4,210.09,0,840.36,235.30,4
2023-11-23,West,Arizona,Furniture,Tables,Consumer,2,330.42,0,660.84,92.52,3
2023-11-23,West,California,Technology,Computers,Corporate,3,962.33,0,2886.99,519.66,3
2023-11-23,East,Florida,Technology,Copiers,Consumer,2,1660.55,0,3321.10,697.43,3
2023-11-24,Central,Michigan,Technology,Phones,Consumer,1,242.12,0,242.12,58.11,4
2023-11-24,East,Pennsylvania,Technology,Phones,Consumer,3,176.41,0.1,476.31,50.01,2
2023-11-24,South,North Carolina,Furniture,Furnishings,Corporate,2,48.54,0.1,87.37,17.91,2
2023-11-24,Northeast,New Jersey,Office Supplies,Storage,Corporate,5,61.46,0,307.30,79.90,2
2023-11-24,East,New York,Furniture,Chairs,Corporate,3,235.32,0,705.96,197.67,4
2023-11-24,Central,Missouri,Office Supplies,Art,Corporate,3,27.06,0,81.18,32.47,5
2023-11-24,West,California,Technology,Accessories,Consumer,5,23.97,0.1,107.87,24.27,7
2023-11-24,Northeast,Massachusetts,Furniture,Tables,Corporate,1,476.97,0.15,405.42,-25.34,3
2023-11-24,East,New York,Furniture,Chairs,Consumer,2,188.68,0.15,320.76,24.86,6
2023-11-24,East,New York,Office Supplies,Paper,Consumer,6,17.47,0,104.82,44.02,2
2023-11-24,Northeast,Massachusetts,Office Supplies,Storage,Home Office,2,94.38,0,188.76,49.08,5
2023-11-24,East,Pennsylvania,Office Supplies,Binders,Consumer,9,11.22,0.3,70.69,-1.77,2
2023-11-24,East,Florida,Technology,Computers,Corporate,1,1009.27,0,1009.27,181.67,7
2023-11-24,South,Alabama,Furniture,Furnishings,Corporate,3,49.36,0,148.08,50.35,2
2023-11-24,Central,Minnesota,Office Supplies,Binders,Corporate,5,16.73,0.1,75.29,18.45,3
2023-11-25,South,Louisiana,Technology,Accessories,Corporate,6,40.96,0,245.76,88.47,3
2023-11-25,East,New York,Furniture,Tables,Corporate,19,331.45,0,6297.55,881.66,4
2023-11-25,West,California,Furniture,Tables,Consumer,4,235.14,0.15,799.48,-49.97,8
2023-11-25,West,Arizona,Technology,Accessories,Home Office,2,47.01,0.2,75.22,6.77,2
2023-11-25,West,California,Technology,Computers,Consumer,2,648.89,0.2,1038.22,-93.44,4
2023-11-25,East,Florida,Office Supplies,Storage,Corporate,2,76.71,0,153.42,39.89,2
2023-11-25,South,Texas,Office Supplies,Binders,Consumer,4,19.99,0,79.96,30.38,2
2023-11-25,Northeast,Connecticut,Technology,Phones,Consumer,3,215.50,0.15,549.53,20.61,5
2023-11-25,West,Washington,Office Supplies,Art,Corporate,9,20.86,0.3,131.42,-0.66,6
2023-11-25,Central,Minnesota,Technology,Accessories,Consumer,6,26.02,0,156.12,56.20,6
2023-11-25,South,Alabama,Technology,Phones,Corporate,6,298.97,0,1793.82,430.52,2
2023-11-26,Central,Ohio,Technology,Accessories,Consumer,4,34.84,0,139.36,50.17,3
2023-11-26,South,North Carolina,Office Supplies,Art,Home Office,3,32.55,0,97.65,39.06,2
2023-11-26,East,Georgia,Office Supplies,Binders,Consumer,5,19.43,0,97.15,36.92,5
2023-11-26,East,Georgia,Office Supplies,Binders,Consumer,1,16.25,0,16.25,6.18,2
2023-11-27,Central,Michigan,Office Supplies,Paper,Corporate,9,14.86,0.15,113.68,24.73,4
2023-11-27,West,Washington,Technology,Copiers,Consumer,1,2435.12,0.15,2069.85,15.52,2
2023-11-27,Central,Ohio,Technology,Computers,Consumer,4,965.38,0,3861.52,695.07,4
2023-11-27,South,Louisiana,Technology,Phones,Corporate,2,262.74,0,525.48,126.12,3
2023-11-27,East,Virginia,Technology,Copiers,Corporate,1,1228.10,0.1,1105.29,82.90,7
2023-11-27,West,Washington,Furniture,Chairs,Consumer,5,255.39,0,1276.95,357.55,3
2023-11-27,Northeast,Maine,Furniture,Furnishings,Consumer,1,54.24,0.2,43.39,3.04,3
2023-11-28,Central,Michigan,Office Supplies,Storage,Consumer,6,92.00,0,552.00,143.52,3
2023-11-28,Central,Ohio,Technology,Phones,Consumer,3,159.09,0.1,429.54,45.10,7
2023-11-28,Central,Illinois,Technology,Phones,Home Office,3,244.10,0,732.30,175.75,2
2023-11-28,Central,Missouri,Office Supplies,Art,Consumer,2,26.06,0.1,46.91,12.43,2
2023-11-28,East,Georgia,Technology,Phones,Corporate,1,178.20,0,178.20,42.77,2
2023-11-28,Central,Minnesota,Technology,Accessories,Consumer,4,52.77,0,211.08,75.99,3
2023-11-28,East,Virginia,Furniture,Tables,Consumer,3,304.07,0.3,638.55,-169.22,3
2023-11-28,West,California,Technology,Phones,Consumer,6,276.97,0.15,1412.55,52.97,7
2023-11-28,West,Colorado,Office Supplies,Storage,Consumer,4,105.49,0.1,379.76,47.47,2
2023-11-28,East,Florida,Furniture,Bookcases,Consumer,5,123.83,0,619.15,117.64,7
2023-11-28,West,Washington,Technology,Computers,Consumer,13,965.93,0.2,10045.67,-904.11,2
2023-11-28,East,Pennsylvania,Office Supplies,Paper,Consumer,9,10.04,0,90.36,37.95,2
2023-11-29,East,Georgia,Technology,Computers,Corporate,3,478.24,0,1434.72,258.25,4
2023-11-29,West,Washington,Furniture,Chairs,Corporate,3,216.71,0,650.13,182.04,3
2023-11-29,Central,Michigan,Office Supplies,Binders,Consumer,4,22.95,0.1,82.62,20.24,2
2023-11-29,West,California,Technology,Accessories,Home Office,4,31.04,0,124.16,44.70,2
2023-11-29,West,Arizona,Furniture,Furnishings,Consumer,4,37.91,0.15,128.89,17.72,4
2023-11-29,West,Nevada,Office Supplies,Binders,Consumer,2,15.69,0.1,28.24,6.92,3
2023-11-29,East,Pennsylvania,Furniture,Furnishings,Consumer,3,90.22,0,270.66,92.02,3
2023-11-29,East,New York,Furniture,Tables,Consumer,4,303.91,0.3,850.95,-225.50,5
2023-11-29,South,Texas,Technology,Copiers,Consumer,3,1392.93,0,4178.79,877.55,2
2023-11-29,South,North Carolina,Technology,Phones,Consumer,2,187.92,0.2,300.67,-9.02,4
2023-11-29,West,Colorado,Office Supplies,Art,Home Office,5,13.63,0,68.15,27.26,3
2023-11-30,Northeast,New Jersey,Office Supplies,Paper,Corporate,1,12.49,0,12.49,5.25,3
2023-11-30,Central,Ohio,Technology,Phones,Consumer,2,244.72,0,489.44,117.47,2
2023-11-30,East,Georgia,Technology,Computers,Consumer,4,835.83,0,3343.32,601.80,2
2023-11-30,Central,Minnesota,Furniture,Furnishings,Corporate,4,51.16,0.1,184.18,37.76,6
2023-11-30,West,Colorado,Furniture,Bookcases,Consumer,3,187.70,0,563.10,106.99,4
2023-11-30,Central,Ohio,Furniture,Bookcases,Corporate,4,248.22,0.15,843.95,-10.55,2
2023-11-30,Central,Ohio,Furniture,Bookcases,Corporate,8,124.91,0,999.28,189.86,5
2023-11-30,Northeast,Massachusetts,Furniture,Chairs,Corporate,3,329.74,0.3,692.45,-86.56,4
2023-11-30,Central,Illinois,Office Supplies,Binders,Consumer,2,15.53,0,31.06,11.80,3
2023-11-30,East,Florida,Office Supplies,Storage,Consumer,1,107.17,0,107.17,27.86,2
2023-12-01,Northeast,Massachusetts,Furniture,Bookcases,Corporate,3,131.67,0,395.01,75.05,2
2023-12-01,Northeast,New Jersey,Furniture,Chairs,Corporate,3,214.99,0,644.97,180.59,4
2023-12-01,South,Tennessee,Furniture,Bookcases,Consumer,2,155.84,0.1,280.51,15.43,3
2023-12-01,Central,Minnesota,Office Supplies,Binders,Corporate,7,22.08,0,154.56,58.73,4
2023-12-01,South,North Carolina,Technology,Phones,Consumer,6,345.09,0,2070.54,496.93,9
2023-12-01,Northeast,Massachusetts,Office Supplies,Binders,Consumer,2,22.99,0.1,41.38,10.14,2
2023-12-01,South,North Carolina,Furniture,Furnishings,Home Office,1,49.03,0,49.03,16.67,6
2023-12-01,East,Georgia,Technology,Computers,Corporate,2,892.07,0.1,1605.73,72.26,3
2023-12-01,East,New York,Furniture,Furnishings,Consumer,3,42.07,0.15,107.28,14.75,4
2023-12-01,South,Texas,Furniture,Bookcases,Consumer,3,193.14,0,579.42,110.09,2
2023-12-01,West,Washington,Furniture,Chairs,Consumer,8,281.43,0,2251.44,630.40,4
2023-12-02,Central,Illinois,Furniture,Furnishings,Consumer,6,68.58,0.15,349.76,48.09,3
2023-12-02,Central,Illinois,Furniture,Bookcases,Consumer,6,149.22,0.1,805.79,44.32,2
2023-12-02,South,Texas,Technology,Accessories,Corporate,5,44.21,0.1,198.95,44.76,3
2023-12-02,South,Texas,Furniture,Furnishings,Corporate,1,64.40,0.1,57.96,11.88,4
2023-12-02,South,Tennessee,Furniture,Furnishings,Consumer,1,61.99,0,61.99,21.08,6
2023-12-02,West,Washington,Furniture,Chairs,Consumer,5,145.63,0.15,618.93,47.97,7
2023-12-02,East,New York,Furniture,Bookcases,Consumer,2,179.05,0.3,250.67,-53.89,3
2023-12-02,Central,Illinois,Office Supplies,Storage,Consumer,1,44.35,0,44.35,11.53,5
2023-12-03,Central,Michigan,Furniture,Tables,Consumer,11,264.27,0.15,2470.92,-154.43,2
2023-12-03,West,Washington,Technology,Accessories,Consumer,5,26.35,0.15,111.99,17.64,4
2023-12-04,South,North Carolina,Technology,Computers,Corporate,2,636.46,0.3,891.04,-200.48,6
2023-12-04,West,California,Office Supplies,Storage,Home Office,6,60.48,0,362.88,94.35,5
2023-12-04,East,Virginia,Furniture,Tables,Corporate,7,358.97,0,2512.79,351.79,2
2023-12-04,Northeast,Massachusetts,Technology,Copiers,Consumer,4,1467.67,0,5870.68,1232.84,7
2023-12-04,West,California,Office Supplies,Art,Consumer,5,18.77,0.1,84.47,22.38,4
2023-12-04,East,Florida,Technology,Copiers,Consumer,3,1114.14,0,3342.42,701.91,2
2023-12-04,East,New York,Technology,Copiers,Home Office,3,1656.11,0.2,3974.66,-238.48,2
2023-12-04,West,Arizona,Office Supplies,Binders,Consumer,2,21.26,0,42.52,16.16,3
2023-12-04,Central,Minnesota,Office Supplies,Paper,Home Office,1,16.05,0,16.05,6.74,6
2023-12-04,Central,Illinois,Furniture,Chairs,Consumer,2,334.16,0,668.32,187.13,3
2023-12-04,West,California,Furniture,Bookcases,Corporate,3,223.19,0.3,468.70,-100.77,2
2023-12-04,West,Arizona,Technology,Computers,Consumer,6,929.42,0,5576.52,1003.77,7
2023-12-04,East,Virginia,Technology,Computers,Consumer,3,942.74,0,2828.22,509.08,2
2023-12-04,West,Arizona,Furniture,Chairs,Consumer,2,143.32,0,286.64,80.26,5
2023-12-04,Central,Michigan,Technology,Phones,Consumer,4,238.33,0.15,810.32,30.39,3
2023-12-04,South,Texas,Technology,Phones,Corporate,5,223.36,0,1116.80,268.03,5
2023-12-04,East,New York,Furniture,Chairs,Consumer,5,192.93,0,964.65,270.10,5
2023-12-04,Central,Michigan,Office Supplies,Storage,Corporate,2,67.58,0,135.16,35.14,2
2023-12-04,West,Washington,Furniture,Chairs,Corporate,1,186.84,0,186.84,52.32,6
2023-12-04,Northeast,Massachusetts,Technology,Computers,Corporate,7,750.40,0.15,4464.88,-100.46,5
2023-12-04,Northeast,Massachusetts,Furniture,Chairs,Corporate,9,167.32,0,1505.88,421.65,5
2023-12-05,Central,Illinois,Furniture,Furnishings,Consumer,2,38.21,0,76.42,25.98,3
2023-12-05,South,Tennessee,Technology,Accessories,Consumer,4,53.73,0,214.92,77.37,1
2023-12-05,Northeast,New Jersey,Technology,Phones,Consumer,13,212.11,0,2757.43,661.78,8
2023-12-05,Central,Minnesota,Furniture,Chairs,Consumer,2,231.60,0.1,416.88,60.45,3
2023-12-05,East,Pennsylvania,Office Supplies,Binders,Corporate,5,20.46,0,102.30,38.87,3
2023-12-05,Central,Illinois,Technology,Copiers,Consumer,6,1335.54,0,8013.24,1682.78,2
2023-12-05,West,Washington,Furniture,Chairs,Consumer,3,248.41,0.15,633.45,49.09,3
2023-12-05,West,Colorado,Furniture,Furnishings,Consumer,2,30.44,0,60.88,20.70,2
2023-12-05,West,Washington,Technology,Phones,Consumer,4,239.91,0,959.64,230.31,5
2023-12-05,West,California,Technology,Copiers,Consumer,1,2160.67,0,2160.67,453.74,3
2023-12-05,Northeast,Maine,Technology,Accessories,Corporate,5,58.17,0,290.85,104.71,3
2023-12-05,West,Colorado,Technology,Phones,Consumer,2,232.85,0,465.70,111.77,3
2023-12-05,East,Georgia,Furniture,Furnishings,Corporate,1,55.81,0.1,50.23,10.30,3
2023-12-05,Central,Minnesota,Furniture,Chairs,Consumer,1,177.54,0.1,159.79,23.17,3
2023-12-06,East,New York,Technology,Computers,Corporate,5,779.56,0.15,3313.13,-74.55,6
2023-12-06,Central,Illinois,Technology,Computers,Home Office,4,1255.53,0.15,4268.80,-96.05,4
2023-12-06,West,California,Technology,Computers,Corporate,2,609.37,0.1,1096.87,49.36,3
2023-12-06,West,Colorado,Technology,Phones,Consumer,1,168.66,0.2,134.93,-4.05,5
2023-12-06,West,California,Furniture,Furnishings,Consumer,5,37.96,0,189.80,64.53,5
2023-12-06,West,Oregon,Technology,Phones,Consumer,2,254.70,0,509.40,122.26,4
2023-12-06,Central,Michigan,Furniture,Tables,Consumer,4,328.12,0,1312.48,183.75,3
2023-12-06,East,New York,Technology,Computers,Corporate,4,634.67,0.15,2157.88,-48.55,4
2023-12-06,East,Pennsylvania,Technology,Phones,Consumer,16,237.15,0,3794.40,910.66,9
2023-12-06,West,Washington,Technology,Copiers,Corporate,3,2049.85,0.15,5227.12,39.20,2
2023-12-07,Central,Michigan,Office Supplies,Art,Corporate,25,12.80,0.1,288.00,76.32,5
2023-12-07,Northeast,Massachusetts,Office Supplies,Paper,Home Office,2,14.00,0.2,22.40,3.36,4
2023-12-07,East,New York,Office Supplies,Binders,Consumer,2,18.36,0,36.72,13.95,2
2023-12-07,South,Texas,Technology,Phones,Corporate,2,261.94,0.15,445.30,16.70,5
2023-12-07,Central,Minnesota,Furniture,Furnishings,Consumer,7,46.40,0.2,259.84,18.19,3
2023-12-07,West,California,Technology,Copiers,Consumer,1,1157.16,0.15,983.59,7.38,4
2023-12-07,East,Georgia,Office Supplies,Art,Consumer,4,25.10,0,100.40,40.16,4
2023-12-07,South,Texas,Office Supplies,Art,Consumer,3,18.37,0,55.11,22.04,5
2023-12-07,West,California,Office Supplies,Binders,Corporate,2,14.82,0,29.64,11.26,4
2023-12-07,Central,Illinois,Technology,Phones,Home Office,1,172.04,0,172.04,41.29,3
2023-12-07,East,New York,Technology,Phones,Corporate,3,151.84,0,455.52,109.32,3
2023-12-07,West,California,Technology,Computers,Consumer,8,773.83,0,6190.64,1114.32,3
2023-12-07,Northeast,Connecticut,Office Supplies,Binders,Home Office,4,11.43,0,45.72,17.37,2
2023-12-07,West,Arizona,Office Supplies,Paper,Corporate,3,9.26,0,27.78,11.67,4
2023-12-07,South,Texas,Technology,Accessories,Consumer,5,29.90,0,149.50,53.82,6
2023-12-08,Central,Missouri,Office Supplies,Paper,Corporate,2,7.10,0,14.20,5.96,4
2023-12-08,West,California,Furniture,Chairs,Consumer,1,163.40,0,163.40,45.75,5
2023-12-08,West,Arizona,Technology,Phones,Corporate,2,208.35,0.1,375.03,39.38,4
2023-12-08,West,California,Furniture,Tables,Home Office,2,394.33,0.15,670.36,-41.90,2
2023-12-08,Central,Michigan,Furniture,Bookcases,Consumer,10,147.17,0,1471.70,279.62,3
2023-12-08,West,California,Furniture,Bookcases,Corporate,4,166.60,0.1,599.76,32.99,4
2023-12-08,East,New York,Office Supplies,Art,Consumer,3,18.98,0.1,51.25,13.58,2
2023-12-08,West,Arizona,Furniture,Bookcases,Corporate,3,161.38,0.1,435.73,23.97,2
2023-12-08,Northeast,Massachusetts,Office Supplies,Storage,Consumer,5,88.60,0.1,398.70,49.84,6
2023-12-08,Central,Illinois,Technology,Accessories,Corporate,2,46.19,0.1,83.14,18.71,2
2023-12-09,West,California,Furniture,Bookcases,Corporate,14,168.31,0,2356.34,447.70,5
2023-12-09,South,Texas,Office Supplies,Binders,Corporate,2,22.39,0.15,38.06,6.76,5
2023-12-09,East,Pennsylvania,Technology,Phones,Consumer,3,255.79,0,767.37,184.17,3
2023-12-09,South,Texas,Furniture,Bookcases,Consumer,3,167.85,0,503.55,95.67,3
2023-12-10,East,Virginia,Technology,Phones,Consumer,3,204.48,0,613.44,147.23,3
2023-12-10,Northeast,Connecticut,Furniture,Bookcases,Consumer,4,143.69,0,574.76,109.20,2
2023-12-10,East,Virginia,Furniture,Tables,Consumer,7,408.81,0.1,2575.50,12.88,5
2023-12-10,West,Colorado,Office Supplies,Storage,Corporate,7,70.73,0.1,445.60,55.70,4
2023-12-11,East,New York,Office Supplies,Paper,Corporate,1,17.68,0,17.68,7.43,4
2023-12-11,East,Pennsylvania,Furniture,Bookcases,Corporate,5,166.76,0,833.80,158.42,1
2023-12-11,Northeast,Massachusetts,Technology,Accessories,Corporate,2,36.96,0,73.92,26.61,3
2023-12-11,West,Arizona,Office Supplies,Paper,Consumer,2,12.82,0.15,21.79,4.74,7
2023-12-11,West,California,Furniture,Furnishings,Corporate,4,37.16,0.1,133.78,27.42,1
2023-12-11,Central,Ohio,Office Supplies,Paper,Home Office,2,9.38,0.1,16.88,4.81,2
2023-12-11,Central,Michigan,Technology,Phones,Corporate,8,281.72,0,2253.76,540.90,4
2023-12-11,South,Alabama,Office Supplies,Art,Corporate,2,17.53,0.1,31.55,8.36,4
2023-12-11,East,Virginia,Technology,Copiers,Consumer,11,2309.69,0,25406.59,5335.38,1
2023-12-11,South,Texas,Office Supplies,Storage,Home Office,2,61.43,0.1,110.57,13.82,6
2023-12-11,South,Alabama,Technology,Copiers,Consumer,15,1425.97,0,21389.55,4491.81,6
2023-12-11,Central,Michigan,Technology,Computers,Consumer,2,662.29,0,1324.58,238.42,4
2023-12-11,West,Washington,Technology,Phones,Consumer,15,216.91,0.15,2765.60,103.71,3
2023-12-11,West,Arizona,Office Supplies,Paper,Consumer,2,7.66,0.1,13.79,3.93,2
2023-12-12,East,Virginia,Technology,Copiers,Consumer,2,1695.23,0.15,2881.89,21.61,4
2023-12-12,East,Georgia,Furniture,Bookcases,Home Office,3,168.20,0.1,454.14,24.98,5
2023-12-12,Central,Michigan,Technology,Accessories,Consumer,4,25.88,0,103.52,37.27,5
2023-12-12,Central,Illinois,Furniture,Chairs,Consumer,1,234.71,0,234.71,65.72,4
2023-12-12,Central,Ohio,Office Supplies,Storage,Corporate,5,56.71,0.15,241.02,13.86,6
2023-12-12,Northeast,New Jersey,Technology,Computers,Consumer,3,759.05,0,2277.15,409.89,3
2023-12-12,West,California,Technology,Phones,Corporate,1,248.85,0,248.85,59.72,2
2023-12-12,Central,Ohio,Office Supplies,Art,Consumer,5,20.73,0,103.65,41.46,5
2023-12-12,East,New York,Office Supplies,Paper,Consumer,1,17.36,0,17.36,7.29,1
2023-12-12,East,Georgia,Technology,Copiers,Consumer,6,1415.57,0,8493.42,1783.62,3
2023-12-12,East,New York,Technology,Computers,Consumer,2,528.33,0,1056.66,190.20,4
2023-12-12,West,California,Technology,Computers,Consumer,3,1195.17,0.15,3047.68,-68.57,3
2023-12-13,West,California,Technology,Accessories,Corporate,4,29.18,0.1,105.05,23.64,2
2023-12-13,South,Texas,Office Supplies,Storage,Corporate,4,59.94,0,239.76,62.34,4
2023-12-13,East,Georgia,Furniture,Bookcases,Corporate,7,174.78,0.15,1039.94,-13.00,2
2023-12-13,South,Tennessee,Technology,Accessories,Consumer,3,37.08,0.1,100.12,22.53,4
2023-12-13,East,Florida,Technology,Phones,Home Office,3,167.85,0,503.55,120.85,4
2023-12-13,West,Colorado,Office Supplies,Storage,Consumer,8,42.79,0.1,308.09,38.51,4
2023-12-13,South,North Carolina,Office Supplies,Binders,Corporate,2,12.21,0.2,19.54,2.15,3
2023-12-13,Central,Illinois,Technology,Phones,Corporate,3,304.42,0.1,821.93,86.30,5
2023-12-13,West,Nevada,Technology,Phones,Consumer,2,296.80,0.1,534.24,56.10,2
2023-12-13,Central,Missouri,Furniture,Chairs,Consumer,2,151.75,0.1,273.15,39.61,5
2023-12-13,West,Colorado,Furniture,Chairs,Consumer,4,173.44,0,693.76,194.25,5
2023-12-13,West,Arizona,Technology,Computers,Consumer,3,831.71,0.1,2245.62,101.05,3
2023-12-13,South,North Carolina,Furniture,Chairs,Home Office,3,287.24,0,861.72,241.28,7
2023-12-13,Central,Minnesota,Office Supplies,Binders,Consumer,3,24.26,0,72.78,27.66,4
2023-12-14,West,California,Technology,Computers,Consumer,3,583.89,0,1751.67,315.30,2
2023-12-14,East,Georgia,Furniture,Furnishings,Consumer,6,24.14,0.1,130.36,26.72,2
2023-12-14,South,North Carolina,Furniture,Chairs,Consumer,5,170.21,0.1,765.95,111.06,1
2023-12-14,Northeast,Massachusetts,Technology,Accessories,Consumer,2,50.22,0.1,90.40,20.34,2
2023-12-14,East,Florida,Technology,Phones,Consumer,3,163.35,0.2,392.04,-11.76,4
2023-12-14,Central,Illinois,Furniture,Chairs,Consumer,1,149.49,0,149.49,41.86,5
2023-12-14,East,New York,Furniture,Chairs,Corporate,2,230.27,0,460.54,128.95,3
2023-12-14,East,Pennsylvania,Furniture,Chairs,Consumer,4,241.04,0.2,771.33,7.71,7
2023-12-14,East,Virginia,Office Supplies,Paper,Home Office,4,16.43,0,65.72,27.60,1
2023-12-14,West,California,Technology,Phones,Consumer,3,227.34,0,682.02,163.68,2
2023-12-14,East,Virginia,Office Supplies,Binders,Consumer,4,20.68,0.3,57.90,-1.45,1
2023-12-15,East,New York,Furniture,Chairs,Corporate,3,242.00,0.15,617.10,47.83,5
2023-12-15,South,Alabama,Furniture,Tables,Consumer,4,448.50,0,1794.00,251.16,3
2023-12-15,South,North Carolina,Technology,Computers,Corporate,3,726.44,0,2179.32,392.28,3
2023-12-15,East,Florida,Office Supplies,Paper,Consumer,5,11.85,0,59.25,24.89,3
2023-12-15,East,New York,Office Supplies,Binders,Consumer,9,21.38,0,192.42,73.12,6
2023-12-15,Central,Missouri,Technology,Phones,Consumer,19,302.53,0,5748.07,1379.54,3
2023-12-15,East,New York,Technology,Computers,Consumer,7,866.33,0.15,5154.66,-115.98,7
2023-12-15,South,Texas,Furniture,Furnishings,Corporate,2,46.25,0,92.50,31.45,3
2023-12-15,South,Tennessee,Furniture,Chairs,Consumer,2,180.86,0,361.72,101.28,4
2023-12-15,East,Georgia,Furniture,Tables,Corporate,3,416.31,0.1,1124.04,5.62,3
2023-12-15,Northeast,New Jersey,Office Supplies,Binders,Consumer,5,23.82,0,119.10,45.26,4
2023-12-16,Central,Ohio,Technology,Accessories,Consumer,6,39.94,0,239.64,86.27,4
2023-12-16,Central,Ohio,Technology,Accessories,Corporate,6,49.68,0.1,268.27,60.36,2
2023-12-16,West,Washington,Furniture,Furnishings,Consumer,2,40.66,0,81.32,27.65,2
2023-12-16,West,Colorado,Technology,Copiers,Corporate,2,1315.18,0.15,2235.81,16.77,4
2023-12-16,Central,Ohio,Furniture,Tables,Consumer,5,374.30,0.2,1497.20,-194.64,2
2023-12-16,West,California,Office Supplies,Binders,Consumer,3,15.54,0.1,41.96,10.28,2
2023-12-17,Northeast,Maine,Furniture,Chairs,Consumer,1,246.31,0,246.31,68.97,4
2023-12-17,East,Georgia,Technology,Phones,Home Office,2,196.41,0.1,353.54,37.12,5
2023-12-18,East,Virginia,Office Supplies,Art,Consumer,2,27.82,0.1,50.08,13.27,5
2023-12-18,East,New York,Office Supplies,Paper,Home Office,3,13.91,0.15,35.47,7.71,4
2023-12-18,Central,Minnesota,Technology,Phones,Consumer,2,243.17,0,486.34,116.72,2
2023-12-18,East,Florida,Technology,Computers,Home Office,2,970.57,0,1941.14,349.41,5
2023-12-18,East,Florida,Furniture,Furnishings,Home Office,1,48.69,0.2,38.95,2.73,3
2023-12-18,Central,Minnesota,Technology,Copiers,Consumer,6,1612.85,0.2,7741.68,-464.50,5
2023-12-18,Central,Ohio,Office Supplies,Paper,Corporate,3,12.05,0.1,32.54,9.27,5
2023-12-18,Central,Michigan,Office Supplies,Storage,Corporate,12,91.12,0.1,984.10,123.01,3
2023-12-18,West,Oregon,Furniture,Furnishings,Consumer,1,41.87,0.1,37.68,7.72,2
2023-12-18,West,Arizona,Office Supplies,Storage,Consumer,2,72.96,0,145.92,37.94,3
2023-12-18,East,Pennsylvania,Furniture,Bookcases,Home Office,3,192.60,0,577.80,109.78,2
2023-12-18,Central,Missouri,Furniture,Chairs,Consumer,3,157.49,0.15,401.60,31.12,4
2023-12-18,Central,Michigan,Furniture,Bookcases,Corporate,2,131.91,0,263.82,50.13,2
2023-12-18,West,Oregon,Office Supplies,Paper,Consumer,3,6.94,0.15,17.70,3.85,3
2023-12-18,Central,Minnesota,Furniture,Bookcases,Corporate,19,193.79,0,3682.01,699.58,4
2023-12-19,East,Pennsylvania,Office Supplies,Art,Consumer,2,28.60,0.1,51.48,13.64,2
2023-12-19,Northeast,New Jersey,Office Supplies,Storage,Corporate,10,66.90,0,669.00,173.94,4
2023-12-19,East,Florida,Technology,Phones,Home Office,3,220.64,0,661.92,158.86,5
2023-12-19,Central,Illinois,Technology,Accessories,Consumer,2,34.45,0.15,58.57,9.22,2
2023-12-19,West,California,Furniture,Bookcases,Corporate,1,172.29,0.1,155.06,8.53,3
2023-12-19,West,California,Office Supplies,Paper,Consumer,3,15.27,0.1,41.23,11.75,3
2023-12-19,West,Oregon,Office Supplies,Storage,Consumer,1,86.85,0,86.85,22.58,3
2023-12-19,West,California,Office Supplies,Paper,Corporate,2,10.29,0,20.58,8.64,7
2023-12-19,West,Nevada,Technology,Accessories,Consumer,2,29.61,0.1,53.30,11.99,5
2023-12-19,East,Florida,Office Supplies,Art,Corporate,2,26.28,0.1,47.30,12.53,4
2023-12-19,East,Florida,Technology,Computers,Consumer,4,638.47,0.2,2043.10,-183.88,5
2023-12-19,West,Colorado,Furniture,Chairs,Corporate,2,118.67,0.1,213.61,30.97,2
2023-12-19,West,California,Office Supplies,Paper,Corporate,6,10.47,0,62.82,26.38,5
2023-12-19,East,New York,Office Supplies,Binders,Consumer,4,12.33,0,49.32,18.74,2
2023-12-19,Central,Ohio,Technology,Phones,Consumer,6,203.83,0.15,1039.53,38.98,4
2023-12-19,West,Washington,Furniture,Tables,Consumer,3,304.16,0.1,821.23,4.11,5
2023-12-19,Northeast,New Jersey,Technology,Accessories,Home Office,6,42.39,0,254.34,91.56,3
2023-12-20,East,Pennsylvania,Furniture,Chairs,Consumer,3,207.54,0.1,560.36,81.25,3
2023-12-20,West,Nevada,Technology,Phones,Home Office,3,301.86,0,905.58,217.34,1
2023-12-20,Central,Ohio,Technology,Computers,Corporate,3,633.20,0.1,1709.64,76.93,2
2023-12-20,West,Oregon,Furniture,Bookcases,Consumer,1,105.19,0,105.19,19.99,7
2023-12-20,South,North Carolina,Office Supplies,Paper,Home Office,2,10.43,0,20.86,8.76,3
2023-12-20,Central,Ohio,Technology,Accessories,Corporate,7,35.18,0.15,209.32,32.97,3
2023-12-20,South,North Carolina,Office Supplies,Binders,Corporate,3,26.13,0,78.39,29.79,3
2023-12-20,East,Pennsylvania,Office Supplies,Paper,Corporate,1,11.37,0,11.37,4.78,2
2023-12-20,East,Florida,Technology,Phones,Corporate,1,162.62,0.1,146.36,15.37,8
2023-12-20,West,Arizona,Office Supplies,Binders,Consumer,9,22.35,0.3,140.81,-3.52,4
2023-12-20,East,Florida,Furniture,Bookcases,Consumer,3,141.16,0,423.48,80.46,3
2023-12-20,South,Alabama,Technology,Accessories,Consumer,1,34.25,0,34.25,12.33,4
2023-12-21,Central,Michigan,Furniture,Tables,Corporate,2,284.10,0.1,511.38,2.56,7
2023-12-21,Northeast,Massachusetts,Technology,Phones,Corporate,1,252.05,0,252.05,60.49,4
2023-12-21,East,New York,Technology,Accessories,Corporate,1,51.00,0.15,43.35,6.83,2
2023-12-21,East,Florida,Office Supplies,Binders,Corporate,9,19.66,0,176.94,67.24,2
2023-12-21,South,North Carolina,Technology,Phones,Consumer,5,200.51,0,1002.55,240.61,5
2023-12-22,East,Florida,Office Supplies,Paper,Consumer,3,8.81,0.1,23.79,6.78,2
2023-12-22,East,Florida,Technology,Accessories,Consumer,1,36.87,0,36.87,13.27,5
2023-12-22,West,Colorado,Technology,Computers,Corporate,5,714.06,0.15,3034.75,-68.28,4
2023-12-22,Northeast,Connecticut,Technology,Accessories,Corporate,3,48.60,0.15,123.93,19.52,4
2023-12-22,West,Nevada,Furniture,Tables,Consumer,7,383.57,0.1,2416.49,12.08,5
2023-12-22,South,Louisiana,Furniture,Chairs,Consumer,8,199.61,0.2,1277.50,12.78,2
2023-12-22,East,Georgia,Technology,Accessories,Home Office,1,41.07,0,41.07,14.79,3
2023-12-22,East,New York,Office Supplies,Binders,Consumer,4,23.99,0.15,81.57,14.48,3
2023-12-22,West,Arizona,Furniture,Tables,Corporate,2,594.79,0.1,1070.62,5.35,3
2023-12-22,Central,Illinois,Technology,Phones,Consumer,8,248.91,0.1,1792.15,188.18,7
2023-12-22,West,California,Furniture,Chairs,Home Office,4,176.59,0.1,635.72,92.18,3
2023-12-22,West,Arizona,Furniture,Chairs,Corporate,2,255.01,0.15,433.52,33.60,3
2023-12-22,West,Nevada,Technology,Computers,Corporate,11,980.05,0,10780.55,1940.50,4
2023-12-22,Northeast,Massachusetts,Office Supplies,Binders,Home Office,3,25.42,0.1,68.63,16.81,4
2023-12-22,East,Virginia,Technology,Accessories,Home Office,4,34.89,0.1,125.60,28.26,3
2023-12-22,East,New York,Office Supplies,Storage,Consumer,6,66.56,0,399.36,103.83,3
2023-12-23,East,New York,Technology,Phones,Corporate,5,224.05,0.3,784.18,-129.39,3
2023-12-23,East,Virginia,Office Supplies,Art,Corporate,1,25.06,0.1,22.55,5.98,4
2023-12-23,Central,Ohio,Technology,Computers,Consumer,2,785.11,0,1570.22,282.64,2
2023-12-23,East,Florida,Technology,Copiers,Consumer,2,1096.82,0,2193.64,460.66,5
2023-12-23,Central,Ohio,Office Supplies,Paper,Home Office,2,11.73,0,23.46,9.85,2
2023-12-23,West,California,Technology,Phones,Corporate,3,346.81,0,1040.43,249.70,2
2023-12-23,West,Oregon,Office Supplies,Storage,Consumer,3,113.83,0,341.49,88.79,2
2023-12-23,West,Nevada,Office Supplies,Binders,Corporate,4,21.69,0.15,73.75,13.09,5
2023-12-24,West,Nevada,Furniture,Furnishings,Consumer,13,43.44,0,564.72,192.00,3
2023-12-24,East,Pennsylvania,Technology,Accessories,Home Office,1,32.03,0.1,28.83,6.49,5
2023-12-24,East,Pennsylvania,Office Supplies,Art,Consumer,4,25.53,0,102.12,40.85,3
2023-12-24,West,California,Furniture,Tables,Corporate,2,299.37,0.2,478.99,-62.27,6
2023-12-25,Northeast,Maine,Office Supplies,Storage,Consumer,4,51.78,0,207.12,53.85,4
2023-12-25,East,New York,Furniture,Tables,Consumer,3,417.27,0,1251.81,175.25,2
2023-12-25,West,Nevada,Office Supplies,Storage,Home Office,2,63.41,0,126.82,32.97,10
2023-12-25,West,Arizona,Technology,Computers,Home Office,1,799.56,0,799.56,143.92,3
2023-12-25,Northeast,Massachusetts,Furniture,Tables,Consumer,9,315.53,0,2839.77,397.57,4
2023-12-25,Central,Illinois,Technology,Computers,Home Office,4,625.90,0.1,2253.24,101.40,3
2023-12-25,West,Washington,Furniture,Chairs,Consumer,9,167.03,0.1,1352.94,196.18,4
2023-12-25,Northeast,Massachusetts,Office Supplies,Paper,Consumer,13,11.44,0,148.72,62.46,3
2023-12-25,East,New York,Technology,Accessories,Consumer,5,35.64,0,178.20,64.15,3
2023-12-25,East,Virginia,Furniture,Bookcases,Corporate,2,107.91,0,215.82,41.01,5
2023-12-25,Central,Ohio,Office Supplies,Storage,Consumer,7,76.94,0,538.58,140.03,2
2023-12-25,West,California,Technology,Accessories,Consumer,1,70.66,0.1,63.59,14.31,4
2023-12-25,East,Pennsylvania,Office Supplies,Paper,Consumer,5,5.76,0,28.80,12.10,5
2023-12-25,West,California,Office Supplies,Storage,Corporate,1,54.33,0,54.33,14.13,4
2023-12-26,West,Arizona,Technology,Phones,Consumer,10,223.95,0.1,2015.55,211.63,3
2023-12-26,Central,Illinois,Technology,Phones,Consumer,3,182.48,0.1,492.70,51.73,2
2023-12-26,West,Washington,Office Supplies,Binders,Corporate,5,20.43,0,102.15,38.82,2
2023-12-26,West,Washington,Office Supplies,Storage,Home Office,3,61.70,0.2,148.08,-1.48,2
2023-12-26,East,Georgia,Technology,Copiers,Home Office,2,1770.30,0,3540.60,743.53,4
2023-12-26,West,California,Office Supplies,Paper,Home Office,3,7.31,0.1,19.74,5.63,7
2023-12-26,East,Georgia,Office Supplies,Storage,Consumer,3,40.35,0.1,108.95,13.62,3
2023-12-27,Central,Illinois,Furniture,Furnishings,Corporate,3,53.62,0,160.86,54.69,1
2023-12-27,West,Washington,Technology,Computers,Consumer,4,618.93,0,2475.72,445.63,3
2023-12-27,West,California,Furniture,Bookcases,Home Office,9,153.56,0,1382.04,262.59,1
2023-12-27,West,California,Furniture,Tables,Consumer,4,405.12,0,1620.48,226.87,4
2023-12-27,East,New York,Technology,Copiers,Home Office,1,1835.29,0.1,1651.76,123.88,4
2023-12-27,South,North Carolina,Technology,Phones,Corporate,3,168.84,0,506.52,121.56,5
2023-12-27,South,Texas,Technology,Computers,Consumer,6,747.42,0,4484.52,807.21,3
2023-12-27,West,Colorado,Office Supplies,Binders,Consumer,3,17.96,0,53.88,20.47,2
2023-12-27,South,Texas,Office Supplies,Paper,Consumer,7,12.00,0.15,71.40,15.53,7
2023-12-27,West,Washington,Furniture,Furnishings,Corporate,2,32.71,0.2,52.34,3.66,3
2023-12-28,West,Colorado,Technology,Accessories,Consumer,1,24.98,0,24.98,8.99,3
2023-12-28,South,Texas,Technology,Computers,Corporate,4,684.14,0.15,2326.08,-52.34,6
2023-12-28,West,Washington,Office Supplies,Paper,Consumer,6,12.72,0.1,68.69,19.58,4
2023-12-28,West,Oregon,Technology,Phones,Consumer,7,286.25,0.15,1703.19,63.87,3
2023-12-28,East,Georgia,Office Supplies,Art,Corporate,5,20.47,0,102.35,40.94,4
2023-12-28,Northeast,New Jersey,Furniture,Chairs,Corporate,3,228.40,0,685.20,191.86,3
2023-12-28,Central,Missouri,Technology,Accessories,Consumer,3,54.41,0,163.23,58.76,3
2023-12-28,West,Arizona,Technology,Copiers,Corporate,4,1520.12,0.1,5472.43,410.43,3
2023-12-28,East,Virginia,Technology,Accessories,Consumer,1,38.47,0.15,32.70,5.15,2
2023-12-28,Central,Michigan,Furniture,Bookcases,Consumer,9,153.76,0,1383.84,262.93,2
2023-12-28,Northeast,New Jersey,Office Supplies,Binders,Consumer,3,28.04,0.2,67.30,7.40,2
2023-12-28,South,North Carolina,Furniture,Furnishings,Corporate,3,55.22,0.1,149.09,30.56,3
2023-12-28,West,California,Technology,Computers,Corporate,2,815.58,0,1631.16,293.61,5
2023-12-29,East,Pennsylvania,Furniture,Chairs,Home Office,3,217.99,0,653.97,183.11,4
2023-12-29,South,North Carolina,Technology,Phones,Corporate,4,191.10,0,764.40,183.46,3
2023-12-29,West,Arizona,Technology,Phones,Home Office,1,264.38,0.1,237.94,24.98,4
2023-12-29,East,Florida,Furniture,Chairs,Consumer,4,204.43,0,817.72,228.96,2
2023-12-29,East,Florida,Technology,Accessories,Consumer,1,44.14,0.15,37.52,5.91,3
2023-12-29,East,Pennsylvania,Furniture,Furnishings,Consumer,3,42.14,0,126.42,42.98,2
2023-12-29,Northeast,New Jersey,Furniture,Tables,Corporate,1,613.14,0,613.14,85.84,5
2023-12-29,South,North Carolina,Office Supplies,Binders,Home Office,9,15.11,0,135.99,51.68,3
2023-12-29,East,Georgia,Furniture,Furnishings,Corporate,4,41.73,0,166.92,56.75,2
2023-12-29,West,Washington,Technology,Copiers,Consumer,3,1306.33,0,3918.99,822.99,2
2023-12-29,East,Georgia,Technology,Copiers,Corporate,2,1626.17,0.3,2276.64,-443.94,3
2023-12-29,West,California,Office Supplies,Paper,Corporate,5,14.43,0,72.15,30.30,6
2023-12-29,South,Louisiana,Furniture,Chairs,Consumer,2,249.63,0,499.26,139.79,2
2023-12-29,Central,Ohio,Office Supplies,Binders,Consumer,1,25.30,0,25.30,9.61,3
2023-12-29,Central,Minnesota,Furniture,Bookcases,Corporate,5,194.55,0.15,826.84,-10.34,4
2023-12-30,West,California,Furniture,Furnishings,Corporate,1,59.53,0,59.53,20.24,7
2023-12-30,East,New York,Technology,Computers,Corporate,2,812.07,0,1624.14,292.35,1
2023-12-30,West,California,Furniture,Tables,Consumer,3,265.43,0.15,676.85,-42.30,3
2023-12-30,East,Virginia,Furniture,Chairs,Corporate,5,164.08,0,820.40,229.71,3
2023-12-30,East,New York,Furniture,Tables,Consumer,1,474.46,0,474.46,66.42,3
2023-12-30,South,North Carolina,Furniture,Chairs,Consumer,2,129.81,0,259.62,72.69,3
2023-12-30,Central,Ohio,Technology,Phones,Consumer,6,341.22,0.15,1740.22,65.26,4
2023-12-31,East,New York,Technology,Phones,Consumer,20,172.98,0.1,3113.64,326.93,5
2023-12-31,Northeast,Maine,Technology,Phones,Consumer,8,166.90,0.1,1201.68,126.18,3
2023-12-31,Northeast,Maine,Office Supplies,Paper,Consumer,2,13.15,0,26.30,11.05,2
2023-12-31,East,Pennsylvania,Furniture,Tables,Consumer,3,406.16,0.1,1096.63,5.48,2
2023-12-31,West,Washington,Technology,Phones,Consumer,5,181.38,0,906.90,217.66,4
2024-01-01,Central,Missouri,Office Supplies,Storage,Consumer,3,53.50,0.1,144.45,18.06,3
2024-01-01,South,Louisiana,Office Supplies,Binders,Consumer,3,18.68,0.15,47.63,8.45,7
2024-01-01,West,Washington,Office Supplies,Binders,Consumer,3,25.55,0,76.65,29.13,4
2024-01-01,Central,Illinois,Office Supplies,Paper,Consumer,4,14.87,0,59.48,24.98,4
2024-01-01,South,Texas,Office Supplies,Art,Consumer,1,18.50,0,18.50,7.40,2
2024-01-01,South,Alabama,Office Supplies,Paper,Home Office,4,11.51,0.1,41.44,11.81,3
2024-01-02,South,Alabama,Technology,Computers,Corporate,3,626.66,0,1879.98,338.40,4
2024-01-02,West,Nevada,Technology,Phones,Corporate,3,214.97,0.1,580.42,60.94,3
2024-01-02,Central,Michigan,Technology,Copiers,Consumer,4,1216.50,0.3,3406.20,-664.21,2
2024-01-02,South,North Carolina,Technology,Computers,Home Office,3,1032.70,0.1,2788.29,125.47,5
2024-01-02,Northeast,Massachusetts,Furniture,Bookcases,Consumer,1,198.54,0,198.54,37.72,4
2024-01-03,West,California,Furniture,Tables,Consumer,2,318.82,0.1,573.88,2.87,2
2024-01-03,West,Oregon,Technology,Phones,Consumer,5,232.93,0.1,1048.19,110.06,5
2024-01-03,Central,Illinois,Office Supplies,Paper,Consumer,2,10.29,0,20.58,8.64,4
2024-01-03,South,Louisiana,Technology,Phones,Consumer,7,280.12,0,1960.84,470.60,2
2024-01-04,West,California,Office Supplies,Storage,Consumer,2,97.16,0,194.32,50.52,3
2024-01-04,East,Pennsylvania,Technology,Phones,Corporate,2,275.83,0,551.66,132.40,3
2024-01-04,South,Texas,Furniture,Chairs,Home Office,1,235.76,0.3,165.03,-20.63,3
2024-01-04,Central,Ohio,Furniture,Bookcases,Corporate,2,205.91,0,411.82,78.25,7
2024-01-04,South,Texas,Technology,Copiers,Consumer,9,1907.24,0.1,15448.64,1158.65,3
2024-01-04,West,California,Technology,Phones,Corporate,5,217.17,0.2,868.68,-26.06,6
2024-01-04,East,Pennsylvania,Furniture,Tables,Consumer,6,279.84,0,1679.04,235.07,8
2024-01-04,West,Oregon,Furniture,Chairs,Consumer,4,239.88,0.2,767.62,7.68,3
2024-01-05,Northeast,Connecticut,Office Supplies,Binders,Corporate,6,12.00,0,72.00,27.36,3
2024-01-05,Central,Ohio,Technology,Phones,Corporate,2,150.10,0,300.20,72.05,3
2024-01-05,West,Colorado,Technology,Phones,Corporate,3,247.01,0,741.03,177.85,4
2024-01-05,Central,Illinois,Technology,Computers,Consumer,1,948.56,0,948.56,170.74,5
2024-01-05,South,Texas,Office Supplies,Paper,Corporate,2,9.37,0,18.74,7.87,1
2024-01-05,West,Oregon,Office Supplies,Storage,Consumer,7,64.37,0.1,405.53,50.69,5
2024-01-05,Central,Ohio,Technology,Copiers,Corporate,3,1399.77,0.2,3359.45,-201.57,2
2024-01-05,South,Tennessee,Furniture,Furnishings,Corporate,2,46.44,0.1,83.59,17.14,2
2024-01-05,East,Virginia,Office Supplies,Art,Consumer,1,23.23,0,23.23,9.29,5
2024-01-06,West,Washington,Office Supplies,Storage,Corporate,2,53.33,0.1,95.99,12.00,4
2024-01-06,West,Nevada,Office Supplies,Binders,Consumer,1,15.05,0,15.05,5.72,8
2024-01-07,Northeast,Massachusetts,Furniture,Bookcases,Home Office,2,131.82,0.3,184.55,-39.68,4
2024-01-07,East,Virginia,Office Supplies,Paper,Home Office,3,9.04,0.2,21.70,3.25,3
2024-01-08,East,Pennsylvania,Technology,Copiers,Consumer,3,1272.10,0,3816.30,801.42,2
2024-01-08,South,Texas,Furniture,Chairs,Corporate,7,201.41,0.15,1198.39,92.88,2
2024-01-08,West,Washington,Technology,Accessories,Home Office,5,30.14,0,150.70,54.25,2
2024-01-08,East,New York,Furniture,Chairs,Corporate,2,142.68,0,285.36,79.90,6
2024-01-09,Central,Illinois,Technology,Copiers,Corporate,4,1621.52,0,6486.08,1362.08,10
2024-01-09,Central,Illinois,Technology,Computers,Consumer,2,842.34,0.15,1431.98,-32.22,2
2024-01-09,Central,Illinois,Office Supplies,Binders,Corporate,2,21.23,0.1,38.21,9.36,7
2024-01-09,South,Texas,Technology,Phones,Corporate,2,287.64,0.15,488.99,18.34,2
2024-01-09,East,Florida,Technology,Phones,Corporate,2,274.26,0,548.52,131.64,3
2024-01-10,East,Georgia,Office Supplies,Binders,Home Office,3,14.85,0.15,37.87,6.72,3
2024-01-10,East,New York,Technology,Phones,Home Office,2,352.95,0.2,564.72,-16.94,5
2024-01-10,South,North Carolina,Office Supplies,Storage,Consumer,4,67.71,0,270.84,70.42,8
2024-01-10,West,California,Office Supplies,Storage,Consumer,3,92.22,0,276.66,71.93,3
2024-01-11,Northeast,Connecticut,Technology,Accessories,Consumer,1,34.91,0.2,27.93,2.51,6
2024-01-11,Central,Ohio,Technology,Phones,Corporate,1,308.41,0,308.41,74.02,7
2024-01-11,East,Florida,Technology,Accessories,Consumer,3,30.66,0,91.98,33.11,4
2024-01-11,East,Georgia,Technology,Accessories,Consumer,6,37.22,0.2,178.66,16.08,2
2024-01-11,South,Alabama,Furniture,Bookcases,Corporate,2,122.69,0,245.38,46.62,5
2024-01-11,Northeast,Massachusetts,Furniture,Furnishings,Corporate,1,43.64,0,43.64,14.84,2
2024-01-12,West,Colorado,Office Supplies,Paper,Consumer,3,12.66,0,37.98,15.95,2
2024-01-12,West,California,Technology,Phones,Consumer,5,113.49,0,567.45,136.19,3
2024-01-13,Central,Michigan,Furniture,Bookcases,Corporate,4,196.79,0,787.16,149.56,3
2024-01-13,Central,Michigan,Furniture,Bookcases,Consumer,3,125.87,0.1,339.85,18.69,4
2024-01-13,East,New York,Furniture,Bookcases,Consumer,3,213.96,0.15,545.60,-6.82,2
2024-01-14,South,Texas,Furniture,Tables,Consumer,2,233.68,0.1,420.62,2.10,4
2024-01-14,East,Virginia,Office Supplies,Art,Corporate,3,21.12,0,63.36,25.34,2
2024-01-15,East,Georgia,Furniture,Bookcases,Corporate,9,228.68,0.15,1749.40,-21.87,5
2024-01-15,Northeast,Massachusetts,Office Supplies,Binders,Corporate,2,19.22,0,38.44,14.61,2
2024-01-15,East,New York,Furniture,Furnishings,Corporate,3,63.67,0,191.01,64.94,2
2024-01-15,West,California,Office Supplies,Paper,Consumer,12,8.33,0,99.96,41.98,2
2024-01-15,South,Texas,Technology,Phones,Home Office,5,301.16,0.1,1355.22,142.30,4
2024-01-15,West,California,Technology,Copiers,Consumer,3,1572.54,0,4717.62,990.70,3
2024-01-15,West,California,Technology,Computers,Corporate,5,645.67,0,3228.35,581.10,4
2024-01-16,West,Oregon,Office Supplies,Art,Home Office,3,29.09,0.1,78.54,20.81,2
2024-01-16,West,California,Furniture,Bookcases,Consumer,2,143.40,0,286.80,54.49,3
2024-01-16,Central,Illinois,Technology,Accessories,Consumer,8,35.99,0,287.92,103.65,6
2024-01-16,West,Arizona,Furniture,Chairs,Consumer,7,323.72,0.1,2039.44,295.72,3
2024-01-16,South,Texas,Office Supplies,Paper,Consumer,2,21.47,0.1,38.65,11.02,4
2024-01-16,East,New York,Technology,Computers,Consumer,3,794.14,0.3,1667.69,-375.23,3
2024-01-17,East,New York,Technology,Computers,Corporate,1,723.54,0.2,578.83,-52.09,3
2024-01-17,Central,Illinois,Technology,Computers,Home Office,6,788.18,0.2,3783.26,-340.49,4
2024-01-17,West,Oregon,Furniture,Chairs,Corporate,3,192.85,0,578.55,161.99,10
2024-01-17,East,Virginia,Furniture,Bookcases,Consumer,4,260.68,0.1,938.45,51.61,2
2024-01-17,Northeast,Massachusetts,Office Supplies,Binders,Home Office,2,17.67,0.1,31.81,7.79,3
2024-01-17,Central,Ohio,Technology,Copiers,Consumer,1,1116.75,0,1116.75,234.52,2
2024-01-17,West,California,Furniture,Furnishings,Corporate,1,39.39,0,39.39,13.39,2
2024-01-18,Central,Missouri,Office Supplies,Paper,Corporate,6,10.22,0,61.32,25.75,3
2024-01-18,East,New York,Technology,Copiers,Home Office,19,1573.90,0,29904.10,6279.86,3
2024-01-18,East,Virginia,Technology,Computers,Consumer,3,637.34,0,1912.02,344.16,3
2024-01-18,West,California,Technology,Accessories,Consumer,3,29.60,0,88.80,31.97,3
2024-01-18,East,New York,Furniture,Chairs,Consumer,1,220.30,0.15,187.26,14.51,7
2024-01-18,West,California,Furniture,Chairs,Home Office,2,101.70,0,203.40,56.95,2
2024-01-18,South,North Carolina,Furniture,Tables,Consumer,2,220.14,0.15,374.24,-23.39,4
2024-01-19,West,California,Furniture,Chairs,Consumer,2,153.46,0.2,245.54,2.46,6
2024-01-19,West,Nevada,Furniture,Bookcases,Consumer,4,123.42,0.1,444.31,24.44,2
2024-01-19,Central,Ohio,Technology,Computers,Consumer,2,1280.74,0,2561.48,461.07,3
2024-01-19,West,Oregon,Office Supplies,Binders,Consumer,5,16.47,0,82.35,31.29,5
2024-01-19,East,Florida,Technology,Computers,Corporate,1,845.08,0.1,760.57,34.23,2
2024-01-19,West,Arizona,Office Supplies,Storage,Consumer,1,54.17,0,54.17,14.08,2
2024-01-19,East,Pennsylvania,Technology,Computers,Consumer,2,992.70,0.1,1786.86,80.41,2
2024-01-19,South,North Carolina,Furniture,Furnishings,Consumer,4,50.42,0.2,161.34,11.29,5
2024-01-19,West,California,Technology,Computers,Corporate,1,935.24,0,935.24,168.34,4
2024-01-20,West,California,Office Supplies,Binders,Consumer,3,25.66,0.1,69.28,16.97,3
2024-01-20,East,New York,Furniture,Furnishings,Corporate,11,39.93,0.1,395.31,81.04,3
2024-01-20,South,Texas,Furniture,Tables,Consumer,4,280.94,0.15,955.20,-59.70,5
2024-01-20,West,Nevada,Furniture,Bookcases,Consumer,5,206.75,0,1033.75,196.41,2
2024-01-20,East,Pennsylvania,Technology,Phones,Consumer,1,203.78,0.1,183.40,19.26,3
2024-01-21,West,Colorado,Technology,Computers,Consumer,3,758.88,0,2276.64,409.80,2
2024-01-21,West,Arizona,Office Supplies,Art,Consumer,1,23.88,0.1,21.49,5.69,2
2024-01-22,East,Florida,Furniture,Tables,Consumer,1,295.43,0,295.43,41.36,6
2024-01-22,Northeast,Massachusetts,Office Supplies,Binders,Consumer,1,19.88,0.1,17.89,4.38,4
2024-01-22,Central,Minnesota,Office Supplies,Binders,Consumer,3,21.70,0,65.10,24.74,1
2024-01-22,Central,Missouri,Office Supplies,Storage,Consumer,3,86.85,0.1,234.49,29.31,3
2024-01-23,South,Texas,Furniture,Furnishings,Corporate,3,48.46,0.15,123.57,16.99,5
2024-01-23,South,Alabama,Technology,Copiers,Consumer,3,1653.86,0.1,4465.42,334.91,2
2024-01-23,West,California,Technology,Computers,Consumer,7,894.32,0,6260.24,1126.84,3
2024-01-23,West,Washington,Office Supplies,Binders,Consumer,3,20.43,0.1,55.16,13.51,2
2024-01-24,Central,Ohio,Furniture,Furnishings,Corporate,2,55.89,0,111.78,38.01,2
2024-01-24,Northeast,Massachusetts,Technology,Phones,Corporate,6,193.53,0.15,987.00,37.01,5
2024-01-24,West,California,Furniture,Chairs,Consumer,4,299.42,0.1,1077.91,156.30,2
2024-01-24,Central,Minnesota,Technology,Copiers,Corporate,2,1325.03,0.15,2252.55,16.89,3
2024-01-24,Northeast,New Jersey,Technology,Computers,Consumer,4,777.19,0,3108.76,559.58,2
2024-01-24,Central,Minnesota,Furniture,Furnishings,Home Office,3,30.30,0,90.90,30.91,2
2024-01-24,East,Florida,Technology,Phones,Corporate,12,137.87,0,1654.44,397.07,3
2024-01-24,West,California,Technology,Phones,Home Office,2,182.96,0,365.92,87.82,9
2024-01-24,Central,Ohio,Furniture,Chairs,Home Office,1,245.83,0,245.83,68.83,7
2024-01-24,East,New York,Technology,Computers,Corporate,5,924.29,0,4621.45,831.86,3
2024-01-24,East,Georgia,Furniture,Bookcases,Home Office,4,166.13,0,664.52,126.26,3
2024-01-24,West,California,Office Supplies,Binders,Home Office,3,20.71,0.1,55.92,13.70,5
2024-01-25,East,New York,Furniture,Chairs,Home Office,4,172.34,0,689.36,193.02,1
2024-01-25,South,Texas,Office Supplies,Storage,Home Office,4,94.62,0,378.48,98.40,2
2024-01-25,East,New York,Office Supplies,Art,Consumer,2,26.25,0,52.50,21.00,5
2024-01-25,West,California,Technology,Accessories,Corporate,1,42.32,0.2,33.86,3.05,3
2024-01-25,South,Tennessee,Technology,Phones,Consumer,9,207.31,0.1,1679.21,176.32,3
2024-01-25,South,Texas,Technology,Copiers,Consumer,2,945.79,0,1891.58,397.23,7
2024-01-25,Northeast,Massachusetts,Furniture,Chairs,Home Office,2,168.87,0,337.74,94.57,4
2024-01-26,East,Georgia,Technology,Phones,Corporate,2,268.64,0.1,483.55,50.77,4
2024-01-26,Central,Ohio,Technology,Accessories,Corporate,8,33.35,0.1,240.12,54.03,1
2024-01-26,Central,Missouri,Furniture,Bookcases,Corporate,5,159.71,0,798.55,151.72,2
2024-01-26,Central,Illinois,Office Supplies,Storage,Corporate,3,66.85,0.1,180.49,22.56,3
2024-01-26,West,Oregon,Technology,Phones,Home Office,3,205.38,0.2,492.91,-14.79,3
2024-01-26,West,California,Technology,Accessories,Consumer,3,42.76,0,128.28,46.18,4
2024-01-27,East,Georgia,Furniture,Furnishings,Home Office,3,60.77,0.1,164.08,33.64,4
2024-01-27,West,Oregon,Office Supplies,Binders,Consumer,2,17.76,0.15,30.19,5.36,1
2024-01-27,East,New York,Office Supplies,Binders,Home Office,6,22.69,0,136.14,51.73,2
2024-01-28,West,California,Technology,Computers,Consumer,2,932.55,0,1865.10,335.72,3
2024-01-28,East,Pennsylvania,Furniture,Bookcases,Consumer,2,247.27,0,494.54,93.96,5
2024-01-28,Central,Illinois,Furniture,Chairs,Consumer,3,345.38,0,1036.14,290.12,10
2024-01-29,East,Virginia,Furniture,Bookcases,Consumer,6,151.76,0,910.56,173.01,5
2024-01-29,East,New York,Furniture,Chairs,Consumer,3,206.02,0,618.06,173.06,3
2024-01-29,Central,Ohio,Office Supplies,Storage,Consumer,1,54.25,0.1,48.83,6.10,4
2024-01-29,Central,Michigan,Technology,Phones,Corporate,1,217.31,0.2,173.85,-5.22,4
2024-01-29,West,Colorado,Technology,Phones,Consumer,7,258.43,0.3,1266.31,-208.94,6
2024-01-29,East,Florida,Office Supplies,Binders,Home Office,9,22.10,0.15,169.07,30.01,1
2024-01-29,West,Oregon,Technology,Computers,Corporate,2,804.68,0,1609.36,289.68,5
2024-01-29,West,Arizona,Office Supplies,Paper,Consumer,2,9.33,0.1,16.79,4.79,4
2024-01-30,East,Florida,Technology,Accessories,Consumer,5,51.03,0.15,216.88,34.16,2
2024-01-30,Northeast,Connecticut,Office Supplies,Binders,Corporate,3,13.49,0,40.47,15.38,4
2024-01-30,East,New York,Technology,Phones,Consumer,5,209.66,0.15,891.06,33.41,1
2024-01-30,West,Arizona,Office Supplies,Storage,Consumer,13,81.43,0.1,952.73,119.09,4
2024-01-31,West,Arizona,Furniture,Furnishings,Consumer,1,34.77,0.1,31.29,6.41,3
2024-01-31,West,Washington,Technology,Copiers,Consumer,3,902.56,0,2707.68,568.61,4
2024-01-31,South,Alabama,Technology,Computers,Consumer,4,637.81,0,2551.24,459.22,6
2024-01-31,West,Nevada,Technology,Accessories,Corporate,2,29.77,0,59.54,21.43,3
2024-01-31,East,Pennsylvania,Office Supplies,Binders,Consumer,5,27.30,0,136.50,51.87,7
2024-01-31,West,Washington,Technology,Accessories,Consumer,1,21.56,0,21.56,7.76,3
2024-02-02,East,Georgia,Furniture,Chairs,Consumer,3,254.89,0,764.67,214.11,5
2024-02-02,West,Washington,Technology,Accessories,Corporate,2,30.88,0,61.76,22.23,3
2024-02-02,East,Virginia,Office Supplies,Binders,Consumer,2,19.89,0.15,33.81,6.00,4
2024-02-03,South,Texas,Technology,Phones,Corporate,2,295.94,0,591.88,142.05,5
2024-02-04,West,Colorado,Furniture,Furnishings,Consumer,7,43.64,0,305.48,103.86,3
2024-02-04,West,California,Technology,Accessories,Consumer,12,37.16,0,445.92,160.53,4
2024-02-04,East,Florida,Furniture,Furnishings,Home Office,3,50.24,0,150.72,51.24,6
2024-02-04,East,Florida,Furniture,Bookcases,Home Office,4,209.34,0.15,711.76,-8.90,3
2024-02-05,East,Virginia,Furniture,Bookcases,Home Office,2,170.41,0,340.82,64.76,3
2024-02-05,Central,Minnesota,Furniture,Bookcases,Consumer,4,146.99,0,587.96,111.71,2
2024-02-05,East,Pennsylvania,Technology,Computers,Home Office,4,1013.03,0,4052.12,729.38,7
2024-02-05,South,Texas,Office Supplies,Art,Consumer,3,30.27,0,90.81,36.32,1
2024-02-05,East,Pennsylvania,Technology,Copiers,Home Office,4,1192.82,0,4771.28,1001.97,5
2024-02-05,South,Louisiana,Technology,Accessories,Corporate,3,32.15,0,96.45,34.72,2
2024-02-06,West,Nevada,Furniture,Chairs,Corporate,3,168.16,0,504.48,141.25,4
2024-02-06,East,New York,Technology,Computers,Corporate,1,915.22,0,915.22,164.74,2
2024-02-06,West,Arizona,Technology,Phones,Home Office,4,153.61,0.1,553.00,58.06,2
2024-02-06,West,California,Furniture,Tables,Consumer,2,292.97,0.15,498.05,-31.13,2
2024-02-06,East,Georgia,Technology,Phones,Corporate,4,326.07,0,1304.28,313.03,4
2024-02-06,West,Washington,Furniture,Furnishings,Corporate,3,46.99,0.1,126.87,26.01,6
2024-02-06,Central,Illinois,Office Supplies,Storage,Consumer,3,80.18,0,240.54,62.54,2
2024-02-07,Central,Missouri,Office Supplies,Binders,Consumer,5,15.40,0,77.00,29.26,2
2024-02-07,West,California,Technology,Accessories,Corporate,3,32.57,0.1,87.94,19.79,5
2024-02-07,West,California,Office Supplies,Art,Consumer,3,21.39,0,64.17,25.67,5
2024-02-08,West,California,Furniture,Bookcases,Consumer,4,157.09,0.1,565.52,31.10,4
2024-02-08,South,Texas,Office Supplies,Art,Consumer,3,24.48,0.1,66.10,17.52,3
2024-02-08,South,Tennessee,Furniture,Bookcases,Home Office,3,153.72,0,461.16,87.62,2
2024-02-09,South,Texas,Technology,Phones,Consumer,7,236.87,0.2,1326.47,-39.79,4
2024-02-09,Central,Michigan,Technology,Computers,Consumer,3,838.18,0,2514.54,452.62,4
2024-02-09,West,Nevada,Technology,Computers,Consumer,2,631.60,0,1263.20,227.38,2
2024-02-09,South,Texas,Technology,Phones,Consumer,2,297.71,0.3,416.79,-68.77,3
2024-02-09,West,California,Office Supplies,Storage,Consumer,4,64.57,0,258.28,67.15,3
2024-02-10,South,North Carolina,Office Supplies,Storage,Consumer,3,51.07,0,153.21,39.83,3
2024-02-10,South,Tennessee,Office Supplies,Paper,Home Office,3,13.59,0.2,32.62,4.89,6
2024-02-10,Central,Michigan,Furniture,Chairs,Consumer,14,160.04,0,2240.56,627.36,2
2024-02-12,Northeast,Massachusetts,Furniture,Tables,Consumer,9,488.81,0.1,3959.36,19.80,4
2024-02-12,South,Alabama,Technology,Computers,Consumer,3,962.20,0,2886.60,519.59,5
2024-02-12,West,Arizona,Technology,Phones,Consumer,2,283.79,0.1,510.82,53.64,5
2024-02-12,Central,Michigan,Office Supplies,Storage,Consumer,2,52.26,0.1,94.07,11.76,2
2024-02-12,West,Oregon,Office Supplies,Paper,Corporate,3,11.82,0,35.46,14.89,1
2024-02-12,East,Florida,Technology,Phones,Home Office,6,235.12,0,1410.72,338.57,4
2024-02-12,Northeast,Massachusetts,Office Supplies,Storage,Consumer,3,76.91,0.2,184.58,-1.85,3
2024-02-12,South,Louisiana,Furniture,Bookcases,Consumer,3,155.95,0,467.85,88.89,4
2024-02-13,Central,Illinois,Technology,Accessories,Consumer,7,33.45,0,234.15,84.29,2
2024-02-13,Central,Ohio,Technology,Phones,Consumer,7,338.50,0,2369.50,568.68,2
2024-02-13,Northeast,New Jersey,Furniture,Tables,Corporate,2,283.99,0,567.98,79.52,4
2024-02-13,Central,Illinois,Technology,Computers,Consumer,4,658.40,0,2633.60,474.05,4
2024-02-13,South,Tennessee,Furniture,Tables,Consumer,3,395.33,0,1185.99,166.04,3
2024-02-13,West,Washington,Technology,Computers,Consumer,3,735.76,0,2207.28,397.31,2
2024-02-13,Central,Michigan,Furniture,Furnishings,Consumer,1,34.63,0.1,31.17,6.39,4
2024-02-13,East,Virginia,Furniture,Chairs,Corporate,3,217.72,0,653.16,182.88,4
2024-02-13,West,Washington,Office Supplies,Art,Consumer,3,17.93,0,53.79,21.52,2
2024-02-13,Northeast,Connecticut,Office Supplies,Storage,Corporate,3,56.68,0,170.04,44.21,3
2024-02-13,East,Georgia,Technology,Phones,Consumer,6,197.43,0.1,1066.12,111.94,4
2024-02-14,East,New York,Furniture,Furnishings,Consumer,6,56.12,0.1,303.05,62.13,2
2024-02-14,West,California,Furniture,Bookcases,Consumer,3,141.06,0.1,380.86,20.95,2
2024-02-14,West,California,Office Supplies,Binders,Consumer,6,19.25,0.2,92.40,10.16,2
2024-02-14,East,New York,Furniture,Furnishings,Consumer,4,47.58,0,190.32,64.71,5
2024-02-14,East,Georgia,Office Supplies,Binders,Corporate,8,11.79,0.15,80.17,14.23,3
2024-02-14,West,Arizona,Office Supplies,Binders,Corporate,3,23.88,0,71.64,27.22,3
2024-02-14,Central,Illinois,Technology,Computers,Consumer,1,805.91,0.2,644.73,-58.03,3
2024-02-14,West,Arizona,Technology,Accessories,Home Office,4,52.35,0,209.40,75.38,10
2024-02-14,South,North Carolina,Technology,Phones,Consumer,3,363.49,0.2,872.38,-26.17,2
2024-02-14,West,California,Office Supplies,Paper,Consumer,1,13.49,0.1,12.14,3.46,1
2024-02-14,West,Nevada,Office Supplies,Paper,Corporate,5,8.49,0,42.45,17.83,5
2024-02-15,South,Texas,Office Supplies,Paper,Consumer,3,7.26,0.15,18.51,4.03,6
2024-02-15,West,Colorado,Technology,Accessories,Home Office,2,41.69,0.2,66.70,6.00,3
2024-02-15,West,Nevada,Office Supplies,Storage,Corporate,2,85.41,0,170.82,44.41,3
2024-02-15,Central,Illinois,Office Supplies,Paper,Corporate,3,11.84,0,35.52,14.92,3
2024-02-15,East,Pennsylvania,Technology,Computers,Consumer,2,956.96,0.15,1626.83,-36.60,2
2024-02-15,West,Washington,Furniture,Chairs,Corporate,4,226.45,0.3,634.06,-79.26,10
2024-02-15,South,Texas,Technology,Copiers,Corporate,4,1628.68,0.2,5211.78,-312.71,4
2024-02-16,Central,Illinois,Technology,Phones,Consumer,1,262.58,0.1,236.32,24.81,2
2024-02-16,Central,Illinois,Furniture,Chairs,Consumer,3,244.96,0.1,661.39,95.90,3
2024-02-16,East,New York,Office Supplies,Binders,Consumer,6,18.55,0.2,89.04,9.79,2
2024-02-16,West,Washington,Technology,Phones,Home Office,2,193.81,0,387.62,93.03,2
2024-02-17,Central,Ohio,Office Supplies,Paper,Consumer,1,11.41,0,11.41,4.79,5
2024-02-17,Central,Minnesota,Office Supplies,Paper,Consumer,3,12.95,0,38.85,16.32,4
2024-02-17,Northeast,Massachusetts,Technology,Phones,Consumer,2,258.68,0,517.36,124.17,8
2024-02-18,Central,Ohio,Furniture,Tables,Consumer,5,399.61,0,1998.05,279.73,4
2024-02-18,East,New York,Office Supplies,Paper,Consumer,3,14.90,0.1,40.23,11.47,5
2024-02-18,South,Tennessee,Furniture,Tables,Consumer,11,239.81,0,2637.91,369.31,9
2024-02-18,Central,Minnesota,Furniture,Chairs,Home Office,9,234.44,0,2109.96,590.79,4
2024-02-19,East,Pennsylvania,Furniture,Tables,Corporate,2,270.74,0,541.48,75.81,2
2024-02-19,Central,Ohio,Office Supplies,Storage,Home Office,3,105.35,0,316.05,82.17,5
2024-02-19,South,Texas,Furniture,Chairs,Consumer,2,192.11,0,384.22,107.58,4
2024-02-19,Central,Michigan,Furniture,Tables,Consumer,2,367.67,0.1,661.81,3.31,2
2024-02-19,West,California,Furniture,Chairs,Consumer,3,208.80,0.1,563.76,81.75,2
2024-02-19,South,North Carolina,Technology,Phones,Consumer,2,186.62,0,373.24,89.58,3
2024-02-19,Central,Illinois,Technology,Computers,Consumer,2,1265.23,0.1,2277.41,102.48,3
2024-02-19,South,Texas,Office Supplies,Binders,Home Office,3,13.51,0.1,36.48,8.94,7
2024-02-19,East,Virginia,Office Supplies,Paper,Home Office,2,8.55,0.3,11.97,0.18,5
2024-02-19,East,New York,Office Supplies,Binders,Consumer,6,14.80,0.15,75.48,13.40,3
2024-02-19,West,Oregon,Furniture,Chairs,Corporate,1,189.19,0,189.19,52.97,4
2024-02-20,Northeast,Massachusetts,Technology,Computers,Corporate,4,788.20,0,3152.80,567.50,2
2024-02-20,Northeast,Connecticut,Technology,Phones,Corporate,3,244.21,0.15,622.74,23.35,2
2024-02-20,East,Pennsylvania,Technology,Phones,Corporate,2,219.86,0,439.72,105.53,4
2024-02-20,West,Arizona,Office Supplies,Storage,Corporate,4,87.55,0,350.20,91.05,2
2024-02-20,West,California,Technology,Copiers,Corporate,1,1736.84,0,1736.84,364.74,4
2024-02-20,East,Florida,Office Supplies,Storage,Consumer,3,61.75,0,185.25,48.17,3
2024-02-20,Central,Michigan,Furniture,Bookcases,Consumer,3,264.30,0.15,673.97,-8.42,5
2024-02-21,Central,Ohio,Furniture,Chairs,Home Office,5,173.90,0.1,782.55,113.47,2
2024-02-21,East,New York,Office Supplies,Paper,Home Office,5,11.98,0,59.90,25.16,2
2024-02-21,West,Arizona,Technology,Computers,Consumer,2,708.81,0.1,1275.86,57.41,8
2024-02-21,South,Texas,Office Supplies,Art,Home Office,2,21.85,0,43.70,17.48,2
2024-02-21,East,New York,Furniture,Chairs,Consumer,5,256.63,0.15,1090.68,84.53,3
2024-02-21,West,Arizona,Technology,Computers,Corporate,5,1243.02,0.1,5593.59,251.71,3
2024-02-22,Northeast,Massachusetts,Technology,Computers,Consumer,4,807.31,0.1,2906.32,130.78,3
2024-02-22,East,New York,Office Supplies,Binders,Corporate,3,19.07,0,57.21,21.74,3
2024-02-22,West,California,Furniture,Tables,Home Office,5,357.56,0,1787.80,250.29,4
2024-02-22,East,New York,Technology,Accessories,Consumer,8,30.44,0.2,194.82,17.53,4
2024-02-22,East,Pennsylvania,Office Supplies,Storage,Consumer,5,46.79,0,233.95,60.83,4
2024-02-22,East,Pennsylvania,Furniture,Furnishings,Consumer,3,35.03,0,105.09,35.73,2
2024-02-23,Central,Ohio,Furniture,Bookcases,Corporate,5,245.92,0,1229.60,233.62,1
2024-02-23,East,Pennsylvania,Office Supplies,Binders,Consumer,1,25.85,0,25.85,9.82,4
2024-02-23,Central,Michigan,Technology,Accessories,Corporate,2,40.25,0,80.50,28.98,4
2024-02-23,South,Texas,Office Supplies,Binders,Consumer,4,26.04,0,104.16,39.58,3
2024-02-23,Central,Illinois,Technology,Phones,Consumer,3,240.28,0,720.84,173.00,3
2024-02-23,West,Oregon,Furniture,Chairs,Corporate,3,269.35,0.2,646.44,6.46,4
2024-02-23,Central,Ohio,Office Supplies,Art,Consumer,3,31.55,0.1,85.19,22.58,3
2024-02-24,Northeast,New Jersey,Office Supplies,Binders,Consumer,20,17.87,0,357.40,135.81,3
2024-02-24,East,New York,Technology,Accessories,Corporate,1,32.57,0,32.57,11.73,3
2024-02-24,South,North Carolina,Technology,Phones,Consumer,3,296.83,0,890.49,213.72,2
2024-02-24,East,New York,Furniture,Tables,Consumer,1,380.52,0,380.52,53.27,6
2024-02-25,East,Georgia,Office Supplies,Paper,Consumer,17,10.61,0,180.37,75.76,2
2024-02-26,Central,Ohio,Office Supplies,Paper,Corporate,1,8.96,0.15,7.62,1.66,3
2024-02-26,Central,Minnesota,Furniture,Furnishings,Consumer,3,53.34,0.1,144.02,29.52,4
2024-02-26,East,New York,Technology,Computers,Corporate,4,803.17,0,3212.68,578.28,7
2024-02-26,Central,Illinois,Technology,Phones,Corporate,1,176.53,0.1,158.88,16.68,6
2024-02-27,West,Nevada,Technology,Accessories,Consumer,1,47.59,0.1,42.83,9.64,3
2024-02-27,East,New York,Technology,Computers,Corporate,4,1082.32,0,4329.28,779.27,6
2024-02-27,West,Washington,Office Supplies,Art,Consumer,3,11.45,0,34.35,13.74,2
2024-02-27,West,Oregon,Technology,Phones,Consumer,4,295.10,0,1180.40,283.30,5
2024-02-27,Northeast,Massachusetts,Furniture,Bookcases,Consumer,2,168.12,0.1,302.62,16.64,2
2024-02-27,West,California,Office Supplies,Art,Corporate,2,15.32,0.1,27.58,7.31,2
2024-02-28,West,California,Technology,Phones,Consumer,1,299.61,0,299.61,71.91,4
2024-02-29,East,Florida,Office Supplies,Art,Home Office,5,22.33,0.15,94.90,18.74,2
2024-02-29,Northeast,Connecticut,Technology,Phones,Consumer,17,203.77,0.15,2944.48,110.42,2
2024-02-29,West,Nevada,Furniture,Bookcases,Home Office,3,181.19,0.15,462.03,-5.78,2
2024-02-29,Northeast,Connecticut,Furniture,Tables,Home Office,7,412.15,0.15,2452.29,-153.27,4
2024-02-29,East,Pennsylvania,Furniture,Tables,Consumer,3,337.86,0,1013.58,141.90,4
2024-03-01,South,North Carolina,Furniture,Chairs,Consumer,4,185.80,0,743.20,208.10,2
2024-03-01,South,Alabama,Office Supplies,Paper,Corporate,2,12.85,0,25.70,10.79,4
2024-03-01,Central,Michigan,Furniture,Tables,Corporate,1,456.32,0,456.32,63.88,4
2024-03-01,West,California,Office Supplies,Paper,Home Office,6,8.69,0,52.14,21.90,2
2024-03-01,Central,Illinois,Office Supplies,Art,Corporate,5,20.59,0,102.95,41.18,1
2024-03-01,East,Pennsylvania,Furniture,Tables,Home Office,2,295.36,0,590.72,82.70,7
2024-03-01,South,Louisiana,Furniture,Bookcases,Consumer,2,176.01,0,352.02,66.88,2
2024-03-02,East,Georgia,Furniture,Tables,Corporate,3,294.06,0,882.18,123.51,4
2024-03-02,Central,Illinois,Furniture,Tables,Consumer,1,246.78,0.3,172.75,-45.78,2
2024-03-02,Central,Minnesota,Technology,Computers,Consumer,5,831.21,0,4156.05,748.09,2
2024-03-03,East,Georgia,Office Supplies,Binders,Consumer,6,22.49,0,134.94,51.28,6
2024-03-03,East,New York,Furniture,Chairs,Corporate,3,241.24,0.1,651.35,94.45,4
2024-03-03,West,Oregon,Technology,Accessories,Corporate,2,38.55,0,77.10,27.76,2
2024-03-04,South,Tennessee,Technology,Phones,Home Office,2,284.75,0.1,512.55,53.82,4
2024-03-04,Northeast,Massachusetts,Office Supplies,Art,Consumer,11,30.21,0.1,299.08,79.26,2
2024-03-04,West,Oregon,Technology,Phones,Home Office,1,267.98,0,267.98,64.32,6
2024-03-04,South,Tennessee,Technology,Accessories,Consumer,3,22.79,0,68.37,24.61,4
2024-03-04,West,Oregon,Furniture,Chairs,Consumer,4,148.19,0.1,533.48,77.35,4
2024-03-04,West,Oregon,Furniture,Tables,Consumer,4,267.46,0.1,962.86,4.81,3
2024-03-04,South,Texas,Office Supplies,Art,Consumer,3,23.16,0,69.48,27.79,3
2024-03-04,East,Georgia,Technology,Copiers,Corporate,3,2060.99,0,6182.97,1298.42,3
2024-03-04,East,Pennsylvania,Furniture,Furnishings,Corporate,2,54.16,0.15,92.07,12.66,2
2024-03-04,East,Pennsylvania,Furniture,Chairs,Consumer,13,208.39,0.1,2438.16,353.53,2
2024-03-04,Central,Minnesota,Technology,Computers,Consumer,4,616.91,0,2467.64,444.18,1
2024-03-04,Northeast,New Jersey,Office Supplies,Storage,Consumer,10,62.44,0.1,561.96,70.25,3
2024-03-04,East,Virginia,Office Supplies,Art,Consumer,2,19.34,0,38.68,15.47,7
2024-03-05,East,Pennsylvania,Furniture,Furnishings,Corporate,2,44.07,0.1,79.33,16.26,1
2024-03-05,Central,Michigan,Furniture,Furnishings,Consumer,2,70.83,0.1,127.49,26.14,3
2024-03-05,West,California,Furniture,Chairs,Consumer,5,187.95,0.1,845.78,122.64,3
2024-03-05,South,Texas,Office Supplies,Storage,Consumer,4,65.04,0.15,221.14,12.72,2
2024-03-05,West,California,Technology,Copiers,Consumer,2,1567.79,0.1,2822.02,211.65,2
2024-03-05,South,Texas,Office Supplies,Storage,Corporate,7,71.57,0.15,425.84,24.49,3
2024-03-06,West,California,Office Supplies,Art,Home Office,5,28.77,0,143.85,57.54,4
2024-03-06,South,Texas,Technology,Phones,Corporate,10,277.09,0,2770.90,665.02,5
2024-03-06,East,Florida,Technology,Accessories,Corporate,3,32.90,0.15,83.89,13.21,6
2024-03-06,West,California,Technology,Accessories,Corporate,2,26.17,0,52.34,18.84,5
2024-03-06,South,Texas,Furniture,Chairs,Consumer,3,113.84,0,341.52,95.63,5
2024-03-06,West,California,Furniture,Tables,Corporate,2,288.47,0,576.94,80.77,3
2024-03-06,West,California,Technology,Phones,Consumer,3,397.07,0.1,1072.09,112.57,3
2024-03-06,West,California,Furniture,Tables,Consumer,4,265.70,0.15,903.38,-56.46,3
2024-03-07,East,Georgia,Technology,Accessories,Home Office,5,37.45,0.1,168.53,37.92,2
2024-03-07,Central,Ohio,Furniture,Chairs,Corporate,2,194.49,0,388.98,108.91,3
2024-03-07,West,Nevada,Furniture,Chairs,Corporate,4,168.10,0.1,605.16,87.75,2
2024-03-07,West,California,Technology,Copiers,Consumer,1,1563.92,0,1563.92,328.42,6
2024-03-07,East,New York,Office Supplies,Binders,Consumer,3,19.30,0,57.90,22.00,2
2024-03-07,Central,Illinois,Technology,Copiers,Corporate,3,1328.03,0,3984.09,836.66,3
2024-03-07,East,Pennsylvania,Furniture,Bookcases,Corporate,6,117.46,0,704.76,133.90,2
2024-03-08,West,Washington,Furniture,Chairs,Consumer,5,179.98,0,899.90,251.97,4
2024-03-09,Central,Ohio,Technology,Copiers,Consumer,2,1934.33,0.15,3288.36,24.66,4
2024-03-09,Northeast,Maine,Technology,Computers,Corporate,6,823.54,0,4941.24,889.42,4
2024-03-09,West,California,Furniture,Chairs,Corporate,3,249.14,0.1,672.68,97.54,4
2024-03-09,Central,Illinois,Technology,Copiers,Home Office,2,1505.22,0,3010.44,632.19,3
2024-03-09,East,Pennsylvania,Office Supplies,Storage,Home Office,7,68.56,0.1,431.93,53.99,2
2024-03-09,West,California,Furniture,Tables,Consumer,1,450.33,0,450.33,63.05,3
2024-03-09,West,Arizona,Technology,Copiers,Consumer,1,1868.99,0,1868.99,392.49,2
2024-03-09,West,Arizona,Office Supplies,Art,Corporate,2,27.53,0,55.06,22.02,3
2024-03-09,Central,Minnesota,Office Supplies,Paper,Corporate,4,12.68,0.1,45.65,13.01,4
2024-03-09,West,California,Technology,Phones,Consumer,2,323.23,0.15,549.49,20.61,4
2024-03-09,West,Nevada,Technology,Accessories,Corporate,6,28.95,0.15,147.64,23.25,3
2024-03-10,Northeast,New Jersey,Office Supplies,Art,Consumer,7,24.98,0.15,148.63,29.35,4
2024-03-10,East,Virginia,Furniture,Furnishings,Consumer,4,54.13,0.1,194.87,39.95,3
2024-03-11,West,California,Office Supplies,Paper,Corporate,3,8.75,0,26.25,11.03,2
2024-03-11,East,Pennsylvania,Technology,Computers,Consumer,2,578.96,0,1157.92,208.43,2
2024-03-11,West,California,Technology,Copiers,Consumer,2,2633.88,0,5267.76,1106.23,5
2024-03-11,South,Alabama,Technology,Computers,Corporate,3,953.13,0.1,2573.45,115.81,1
2024-03-11,West,Arizona,Technology,Phones,Consumer,3,231.93,0,695.79,166.99,4
2024-03-11,West,Washington,Technology,Phones,Consumer,1,212.76,0.1,191.48,20.11,5
2024-03-11,West,Washington,Furniture,Chairs,Consumer,7,194.08,0,1358.56,380.40,4
2024-03-11,South,Texas,Office Supplies,Paper,Corporate,2,10.60,0.15,18.02,3.92,2
2024-03-11,Central,Ohio,Technology,Computers,Consumer,3,671.27,0.2,1611.05,-144.99,3
2024-03-11,West,Oregon,Technology,Copiers,Consumer,10,1247.06,0.1,11223.54,841.77,5
2024-03-12,West,California,Office Supplies,Storage,Corporate,2,44.78,0.1,80.60,10.07,3
2024-03-12,South,Alabama,Technology,Phones,Consumer,5,156.04,0,780.20,187.25,3
2024-03-12,Central,Michigan,Furniture,Bookcases,Consumer,5,133.02,0.1,598.59,32.92,1
2024-03-12,Northeast,Massachusetts,Furniture,Furnishings,Corporate,4,45.71,0.2,146.27,10.24,6
2024-03-12,Central,Michigan,Office Supplies,Paper,Corporate,3,7.54,0.1,20.36,5.80,2
2024-03-12,West,California,Office Supplies,Storage,Consumer,3,62.51,0.1,168.78,21.10,5
2024-03-12,East,Florida,Office Supplies,Art,Consumer,4,31.20,0.1,112.32,29.76,5
2024-03-12,Central,Michigan,Office Supplies,Storage,Home Office,2,73.36,0.15,124.71,7.17,5
2024-03-13,West,California,Office Supplies,Paper,Corporate,6,7.87,0.1,42.50,12.11,10
2024-03-13,East,Florida,Technology,Accessories,Consumer,2,35.16,0.15,59.77,9.41,4
2024-03-13,West,Arizona,Office Supplies,Binders,Corporate,6,21.14,0.1,114.16,27.97,4
2024-03-13,East,New York,Office Supplies,Paper,Home Office,3,11.65,0,34.95,14.68,3
2024-03-13,West,Nevada,Office Supplies,Binders,Corporate,2,16.58,0,33.16,12.60,7
2024-03-13,Central,Michigan,Furniture,Tables,Consumer,2,466.54,0,933.08,130.63,3
2024-03-13,East,New York,Office Supplies,Binders,Corporate,4,14.01,0,56.04,21.30,2
2024-03-13,South,Texas,Furniture,Chairs,Consumer,1,136.18,0,136.18,38.13,3
2024-03-13,East,Florida,Technology,Accessories,Home Office,2,27.84,0.15,47.33,7.45,5
2024-03-14,East,Pennsylvania,Furniture,Chairs,Consumer,3,138.46,0.1,373.84,54.21,3
2024-03-14,West,Washington,Technology,Phones,Consumer,6,313.17,0.15,1597.17,59.89,2
2024-03-14,Central,Illinois,Office Supplies,Paper,Consumer,2,13.34,0,26.68,11.21,4
2024-03-14,Central,Ohio,Technology,Phones,Corporate,1,193.51,0,193.51,46.44,5
2024-03-14,South,North Carolina,Technology,Phones,Consumer,3,248.46,0,745.38,178.89,2
2024-03-14,Northeast,Massachusetts,Technology,Computers,Home Office,5,862.88,0,4314.40,776.59,1
2024-03-14,West,Washington,Office Supplies,Art,Corporate,3,20.92,0.15,53.35,10.54,5
2024-03-14,West,California,Technology,Copiers,Consumer,2,1672.96,0.1,3011.33,225.85,2
2024-03-14,West,Nevada,Furniture,Bookcases,Home Office,1,152.88,0,152.88,29.05,5
2024-03-15,West,California,Office Supplies,Art,Consumer,3,21.13,0,63.39,25.36,7
2024-03-15,South,Texas,Furniture,Tables,Corporate,1,293.09,0,293.09,41.03,5
2024-03-15,West,California,Technology,Copiers,Consumer,4,1136.04,0.1,4089.74,306.73,2
2024-03-15,South,Texas,Technology,Accessories,Home Office,5,46.15,0.1,207.68,46.73,3
2024-03-15,East,Virginia,Technology,Accessories,Corporate,3,41.22,0,123.66,44.52,5
2024-03-15,East,Florida,Furniture,Furnishings,Home Office,1,59.39,0.15,50.48,6.94,4
2024-03-15,West,California,Technology,Phones,Consumer,15,288.71,0.1,3897.58,409.25,3
2024-03-16,West,Washington,Furniture,Chairs,Corporate,5,119.97,0.1,539.87,78.28,4
2024-03-16,West,California,Furniture,Tables,Consumer,6,363.08,0.2,1742.78,-226.56,8
2024-03-16,East,New York,Technology,Phones,Consumer,2,255.23,0.1,459.41,48.24,4
2024-03-17,South,Texas,Furniture,Furnishings,Consumer,2,53.63,0.2,85.81,6.01,5
2024-03-17,East,Virginia,Technology,Phones,Consumer,2,180.03,0,360.06,86.41,1
2024-03-17,West,California,Office Supplies,Paper,Consumer,7,9.63,0.15,57.30,12.46,2
2024-03-17,West,Arizona,Technology,Copiers,Corporate,12,1768.85,0,21226.20,4457.50,2
2024-03-17,West,California,Furniture,Tables,Corporate,4,381.82,0.1,1374.55,6.87,2
2024-03-18,Central,Ohio,Furniture,Chairs,Consumer,1,159.38,0.1,143.44,20.80,4
2024-03-18,South,Texas,Furniture,Chairs,Home Office,3,300.96,0,902.88,252.81,2
2024-03-18,Central,Missouri,Furniture,Chairs,Consumer,1,220.97,0.15,187.82,14.56,2
2024-03-18,West,Washington,Technology,Computers,Consumer,3,781.35,0.2,1875.24,-168.77,2
2024-03-18,West,California,Office Supplies,Storage,Consumer,5,51.95,0.1,233.78,29.22,5
2024-03-18,East,Pennsylvania,Furniture,Chairs,Home Office,1,333.15,0.2,266.52,2.67,3
2024-03-19,South,Louisiana,Furniture,Bookcases,Home Office,2,146.64,0,293.28,55.72,2
2024-03-19,West,California,Office Supplies,Binders,Consumer,2,18.93,0,37.86,14.39,2
2024-03-19,West,Colorado,Office Supplies,Binders,Consumer,1,17.50,0.15,14.88,2.64,1
2024-03-19,Central,Illinois,Furniture,Bookcases,Consumer,4,167.36,0.15,569.02,-7.11,4
2024-03-19,Central,Missouri,Office Supplies,Paper,Corporate,1,19.18,0,19.18,8.06,4
2024-03-19,Central,Illinois,Technology,Copiers,Home Office,3,1318.39,0,3955.17,830.59,5
2024-03-19,West,Arizona,Technology,Phones,Consumer,5,261.59,0.15,1111.76,41.69,2
2024-03-19,West,California,Furniture,Chairs,Consumer,3,154.17,0.1,416.26,60.36,6
2024-03-20,Central,Illinois,Technology,Accessories,Corporate,4,56.24,0,224.96,80.99,2
2024-03-20,West,California,Furniture,Chairs,Corporate,2,141.66,0.15,240.82,18.66,4
2024-03-20,Central,Illinois,Furniture,Bookcases,Corporate,1,203.38,0.15,172.87,-2.16,4
2024-03-20,Central,Minnesota,Office Supplies,Paper,Consumer,6,10.78,0.1,58.21,16.59,5
2024-03-20,West,California,Technology,Computers,Corporate,1,726.31,0,726.31,130.74,9
2024-03-20,Northeast,New Jersey,Furniture,Chairs,Consumer,2,188.85,0,377.70,105.76,2
2024-03-20,South,Alabama,Technology,Copiers,Consumer,2,1393.16,0,2786.32,585.13,2
2024-03-21,East,Georgia,Technology,Computers,Home Office,2,935.86,0,1871.72,336.91,3
2024-03-21,West,Oregon,Technology,Copiers,Consumer,2,1781.38,0.15,3028.35,22.71,3
2024-03-21,West,California,Technology,Phones,Home Office,8,240.69,0,1925.52,462.12,7
2024-03-21,East,New York,Office Supplies,Art,Consumer,9,15.01,0.3,94.56,-0.47,2
2024-03-21,West,California,Technology,Accessories,Consumer,10,42.62,0,426.20,153.43,2
2024-03-21,Central,Minnesota,Furniture,Furnishings,Corporate,3,50.04,0,150.12,51.04,4
2024-03-21,East,Florida,Office Supplies,Paper,Consumer,10,9.53,0,95.30,40.03,3
2024-03-21,South,Tennessee,Furniture,Chairs,Consumer,3,242.16,0,726.48,203.41,4
2024-03-22,West,Arizona,Technology,Accessories,Consumer,2,37.06,0.2,59.30,5.34,3
2024-03-22,South,Texas,Furniture,Chairs,Consumer,5,245.95,0.3,860.83,-107.60,7
2024-03-22,South,North Carolina,Furniture,Tables,Consumer,13,403.15,0,5240.95,733.73,3
2024-03-22,Northeast,New Jersey,Office Supplies,Art,Consumer,2,17.69,0.1,31.84,8.44,5
2024-03-22,Central,Missouri,Office Supplies,Art,Consumer,4,26.19,0,104.76,41.90,3
2024-03-22,West,Arizona,Furniture,Bookcases,Consumer,4,283.41,0,1133.64,215.39,4
2024-03-22,Central,Illinois,Office Supplies,Paper,Corporate,4,13.90,0,55.60,23.35,1
2024-03-22,East,Virginia,Furniture,Furnishings,Consumer,6,50.56,0,303.36,103.14,4
2024-03-22,West,Oregon,Office Supplies,Binders,Corporate,8,26.38,0.1,189.94,46.54,4
2024-03-23,Central,Illinois,Technology,Computers,Corporate,4,918.20,0,3672.80,661.10,4
2024-03-23,Northeast,New Jersey,Technology,Phones,Consumer,7,218.94,0,1532.58,367.82,2
2024-03-23,Central,Missouri,Furniture,Furnishings,Home Office,6,44.07,0.1,237.98,48.79,2
2024-03-23,South,North Carolina,Furniture,Chairs,Home Office,2,256.03,0.15,435.25,33.73,4
2024-03-24,Central,Illinois,Furniture,Tables,Corporate,1,297.36,0,297.36,41.63,2
2024-03-24,South,Texas,Furniture,Chairs,Corporate,5,155.35,0.15,660.24,51.17,4
2024-03-24,South,Alabama,Furniture,Bookcases,Consumer,8,112.15,0.1,807.48,44.41,4
2024-03-24,South,Tennessee,Technology,Accessories,Consumer,3,33.61,0,100.83,36.30,4
2024-03-24,West,California,Technology,Computers,Corporate,9,783.00,0,7047.00,1268.46,6
2024-03-24,West,Washington,Furniture,Chairs,Corporate,11,247.01,0,2717.11,760.79,4
2024-03-25,West,Colorado,Office Supplies,Storage,Corporate,5,82.94,0,414.70,107.82,2
2024-03-25,Central,Ohio,Furniture,Bookcases,Consumer,2,158.83,0,317.66,60.36,4
2024-03-25,South,Texas,Office Supplies,Binders,Home Office,3,19.16,0.15,48.86,8.67,5
2024-03-25,Northeast,New Jersey,Furniture,Tables,Consumer,2,371.05,0.15,630.79,-39.42,7
2024-03-25,East,Virginia,Office Supplies,Binders,Consumer,4,18.70,0.1,67.32,16.49,1
2024-03-25,East,Pennsylvania,Furniture,Chairs,Consumer,3,183.63,0.15,468.26,36.29,9
2024-03-25,Central,Ohio,Furniture,Tables,Consumer,2,297.38,0.1,535.28,2.68,7
2024-03-25,Northeast,Connecticut,Office Supplies,Storage,Consumer,1,50.74,0,50.74,13.19,8
2024-03-25,South,North Carolina,Technology,Phones,Consumer,1,215.09,0,215.09,51.62,3
2024-03-25,West,Nevada,Technology,Accessories,Corporate,5,54.55,0,272.75,98.19,5
2024-03-25,West,Oregon,Office Supplies,Paper,Consumer,7,10.53,0.1,66.34,18.91,3
2024-03-26,South,Alabama,Office Supplies,Storage,Consumer,4,65.33,0,261.32,67.94,2
2024-03-26,West,California,Office Supplies,Binders,Corporate,2,12.99,0,25.98,9.87,2
2024-03-26,West,Washington,Office Supplies,Binders,Corporate,2,11.12,0,22.24,8.45,6
2024-03-26,West,Washington,Technology,Copiers,Consumer,4,2011.51,0,8046.04,1689.67,2
2024-03-26,East,Georgia,Furniture,Chairs,Consumer,4,226.57,0,906.28,253.76,9
2024-03-26,East,Florida,Office Supplies,Storage,Consumer,3,47.32,0,141.96,36.91,8
2024-03-26,West,Oregon,Office Supplies,Binders,Consumer,15,19.17,0,287.55,109.27,4
2024-03-26,West,Arizona,Technology,Copiers,Consumer,1,1300.83,0.15,1105.71,8.29,4
2024-03-26,Central,Ohio,Furniture,Tables,Corporate,3,299.45,0.1,808.52,4.04,3
2024-03-26,West,Washington,Technology,Phones,Home Office,5,337.09,0.1,1516.91,159.28,1
2024-03-27,West,Oregon,Furniture,Furnishings,Corporate,5,34.42,0,172.10,58.51,1
2024-03-27,West,California,Office Supplies,Storage,Consumer,3,46.75,0.1,126.23,15.78,3
2024-03-27,South,Texas,Office Supplies,Paper,Consumer,3,12.29,0.3,25.81,0.39,3
2024-03-27,Central,Illinois,Office Supplies,Storage,Consumer,2,66.67,0,133.34,34.67,4
2024-03-27,East,Florida,Furniture,Tables,Corporate,5,371.16,0,1855.80,259.81,5
2024-03-27,East,New York,Technology,Computers,Corporate,4,452.71,0,1810.84,325.95,3
2024-03-27,East,Virginia,Technology,Computers,Corporate,7,601.38,0,4209.66,757.74,4
2024-03-28,West,Washington,Furniture,Bookcases,Consumer,1,186.07,0.1,167.46,9.21,2
2024-03-28,East,Georgia,Office Supplies,Art,Consumer,4,30.68,0.15,104.31,20.60,5
2024-03-28,Northeast,New Jersey,Furniture,Furnishings,Consumer,5,58.78,0,293.90,99.93,6
2024-03-28,West,California,Technology,Phones,Corporate,10,202.87,0.1,1825.83,191.71,3
2024-03-28,West,Arizona,Furniture,Furnishings,Consumer,1,59.81,0,59.81,20.34,2
2024-03-28,Central,Ohio,Office Supplies,Binders,Consumer,1,23.02,0,23.02,8.75,2
2024-03-28,Central,Michigan,Office Supplies,Storage,Corporate,3,70.99,0.2,170.38,-1.70,2
2024-03-28,East,Pennsylvania,Furniture,Furnishings,Home Office,2,48.81,0.2,78.10,5.47,4
2024-03-28,East,New York,Technology,Copiers,Consumer,2,1545.89,0,3091.78,649.27,5
2024-03-28,South,Tennessee,Office Supplies,Binders,Consumer,3,19.60,0.1,52.92,12.97,2
2024-03-28,West,California,Technology,Accessories,Consumer,2,51.90,0,103.80,37.37,1
2024-03-29,East,Virginia,Technology,Copiers,Consumer,2,1124.28,0,2248.56,472.20,5
2024-03-29,West,California,Technology,Phones,Consumer,5,202.53,0.1,911.39,95.70,4
2024-03-29,Central,Ohio,Office Supplies,Storage,Consumer,2,93.15,0,186.30,48.44,6
2024-03-29,South,Tennessee,Office Supplies,Storage,Consumer,7,56.57,0,395.99,102.96,5
2024-03-29,Northeast,Connecticut,Furniture,Furnishings,Home Office,4,40.00,0.15,136.00,18.70,2
2024-03-29,West,California,Technology,Phones,Consumer,3,300.85,0,902.55,216.61,2
2024-03-29,South,Texas,Technology,Copiers,Consumer,1,1339.24,0.15,1138.35,8.54,2
2024-03-29,West,California,Office Supplies,Paper,Consumer,2,13.69,0,27.38,11.50,5
2024-03-29,West,Colorado,Office Supplies,Binders,Corporate,2,10.82,0,21.64,8.22,2
2024-03-29,Northeast,Connecticut,Furniture,Tables,Corporate,4,359.31,0.1,1293.52,6.47,3
2024-03-29,East,New York,Office Supplies,Storage,Corporate,13,70.79,0.2,736.22,-7.36,3
2024-03-29,Northeast,Massachusetts,Technology,Computers,Corporate,2,744.83,0.15,1266.21,-28.49,3
2024-03-30,South,Texas,Office Supplies,Storage,Consumer,6,60.55,0,363.30,94.46,3
2024-03-30,East,New York,Office Supplies,Paper,Home Office,3,18.76,0,56.28,23.64,3
2024-03-30,South,North Carolina,Office Supplies,Binders,Corporate,8,19.63,0,157.04,59.68,4
2024-03-30,East,New York,Office Supplies,Binders,Consumer,6,18.83,0,112.98,42.93,2
2024-03-31,East,Florida,Technology,Phones,Consumer,5,253.19,0,1265.95,303.83,2
2024-03-31,West,Oregon,Furniture,Chairs,Corporate,2,146.68,0.2,234.69,2.35,4
2024-04-01,East,Georgia,Furniture,Furnishings,Consumer,1,56.25,0.15,47.81,6.57,3
2024-04-01,Central,Ohio,Furniture,Tables,Corporate,9,375.81,0,3382.29,473.52,2
2024-04-01,Central,Michigan,Office Supplies,Binders,Consumer,5,21.99,0,109.95,41.78,2
2024-04-01,South,Texas,Furniture,Chairs,Consumer,2,290.05,0,580.10,162.43,5
2024-04-01,South,Texas,Furniture,Furnishings,Home Office,5,54.45,0,272.25,92.57,3
2024-04-01,West,California,Office Supplies,Binders,Consumer,2,19.46,0,38.92,14.79,2
2024-04-01,South,Texas,Furniture,Tables,Consumer,1,370.86,0.1,333.77,1.67,5
2024-04-01,West,Washington,Office Supplies,Binders,Home Office,4,17.29,0,69.16,26.28,3
2024-04-02,East,Virginia,Furniture,Chairs,Consumer,15,180.60,0,2709.00,758.52,3
2024-04-02,East,Florida,Furniture,Chairs,Corporate,5,252.22,0.2,1008.88,10.09,1
2024-04-02,East,Pennsylvania,Furniture,Chairs,Corporate,2,172.78,0,345.56,96.76,6
2024-04-02,West,Arizona,Technology,Accessories,Consumer,2,38.36,0.1,69.05,15.54,2
2024-04-02,West,Arizona,Technology,Computers,Corporate,6,1086.26,0,6517.56,1173.16,4
2024-04-02,East,Georgia,Furniture,Bookcases,Corporate,6,151.81,0,910.86,173.06,1
2024-04-02,Central,Michigan,Furniture,Tables,Home Office,1,418.21,0,418.21,58.55,4
2024-04-02,West,Nevada,Technology,Accessories,Consumer,6,24.15,0,144.90,52.16,2
2024-04-02,Central,Illinois,Office Supplies,Paper,Corporate,2,9.73,0.1,17.51,4.99,4
2024-04-02,Central,Michigan,Furniture,Furnishings,Home Office,1,42.00,0,42.00,14.28,2
2024-04-03,East,New York,Office Supplies,Binders,Consumer,2,20.42,0.1,36.76,9.01,3
2024-04-03,Central,Minnesota,Furniture,Tables,Home Office,1,372.56,0,372.56,52.16,4
2024-04-03,Central,Michigan,Furniture,Bookcases,Consumer,3,132.00,0,396.00,75.24,5
2024-04-03,Central,Missouri,Furniture,Tables,Consumer,1,327.56,0.2,262.05,-34.07,4
2024-04-03,South,Louisiana,Office Supplies,Storage,Consumer,2,94.52,0.1,170.14,21.27,2
2024-04-03,West,Washington,Furniture,Bookcases,Home Office,3,119.97,0,359.91,68.38,4
2024-04-03,South,Texas,Furniture,Tables,Consumer,3,416.31,0.1,1124.04,5.62,4
2024-04-03,West,Nevada,Office Supplies,Paper,Corporate,3,8.42,0.1,22.73,6.48,4
2024-04-04,West,Oregon,Technology,Copiers,Consumer,3,1082.78,0,3248.34,682.15,4
2024-04-04,South,North Carolina,Office Supplies,Paper,Consumer,2,11.92,0.15,20.26,4.41,3
2024-04-04,East,New York,Office Supplies,Storage,Home Office,9,73.99,0.15,566.02,32.55,3
2024-04-04,West,Oregon,Technology,Copiers,Consumer,2,1690.90,0,3381.80,710.18,5
2024-04-04,East,New York,Technology,Phones,Corporate,3,208.09,0,624.27,149.82,4
2024-04-04,Northeast,Massachusetts,Office Supplies,Art,Corporate,5,20.84,0,104.20,41.68,2
2024-04-04,South,Tennessee,Furniture,Chairs,Home Office,3,207.79,0.1,561.03,81.35,2
2024-04-04,West,Oregon,Furniture,Chairs,Consumer,1,259.82,0,259.82,72.75,2
2024-04-04,West,Arizona,Furniture,Tables,Consumer,5,313.00,0,1565.00,219.10,2
2024-04-04,West,California,Furniture,Chairs,Corporate,6,166.71,0.1,900.23,130.53,2
2024-04-04,West,California,Technology,Copiers,Corporate,7,1257.57,0.1,7922.69,594.20,1
2024-04-04,West,California,Furniture,Bookcases,Consumer,2,107.16,0,214.32,40.72,5
2024-04-05,West,California,Furniture,Bookcases,Consumer,4,146.10,0,584.40,111.04,5
2024-04-05,West,Washington,Furniture,Tables,Home Office,2,533.84,0.15,907.53,-56.72,2
2024-04-05,West,Washington,Furniture,Bookcases,Consumer,9,217.57,0,1958.13,372.04,5
2024-04-05,West,California,Furniture,Furnishings,Consumer,5,54.27,0,271.35,92.26,4
2024-04-05,Central,Illinois,Technology,Phones,Consumer,8,194.86,0.1,1402.99,147.31,4
2024-04-05,South,North Carolina,Technology,Phones,Corporate,1,231.25,0,231.25,55.50,2
2024-04-05,South,Louisiana,Furniture,Bookcases,Consumer,2,240.92,0,481.84,91.55,6
2024-04-05,West,California,Technology,Copiers,Corporate,2,1514.93,0.1,2726.87,204.52,3
2024-04-05,East,Florida,Office Supplies,Storage,Corporate,1,94.11,0.1,84.70,10.59,5
2024-04-05,South,Alabama,Office Supplies,Paper,Consumer,1,16.28,0,16.28,6.84,2
2024-04-05,Central,Illinois,Technology,Computers,Consumer,4,883.99,0,3535.96,636.47,5
2024-04-06,South,Alabama,Office Supplies,Binders,Consumer,4,15.39,0,61.56,23.39,3
2024-04-06,Central,Ohio,Technology,Accessories,Corporate,10,47.08,0.1,423.72,95.34,3
2024-04-06,Central,Minnesota,Furniture,Bookcases,Home Office,13,119.94,0.15,1325.34,-16.57,7
2024-04-06,Central,Illinois,Office Supplies,Storage,Home Office,2,46.70,0.3,65.38,-9.48,4
2024-04-06,West,Nevada,Office Supplies,Paper,Consumer,3,9.79,0,29.37,12.34,2
2024-04-06,East,Florida,Office Supplies,Paper,Consumer,2,12.74,0,25.48,10.70,4
2024-04-07,South,Texas,Furniture,Bookcases,Home Office,2,111.26,0,222.52,42.28,4
2024-04-07,East,Florida,Technology,Accessories,Consumer,3,24.08,0.1,65.02,14.63,4
2024-04-08,East,Florida,Furniture,Tables,Corporate,2,270.78,0.1,487.40,2.44,2
2024-04-08,West,California,Technology,Computers,Corporate,2,832.83,0.2,1332.53,-119.93,1
2024-04-08,West,Arizona,Furniture,Tables,Home Office,4,318.47,0.1,1146.49,5.73,2
2024-04-08,Central,Minnesota,Furniture,Chairs,Corporate,2,185.58,0.15,315.49,24.45,4
2024-04-08,East,Pennsylvania,Furniture,Furnishings,Corporate,3,43.49,0.1,117.42,24.07,3
2024-04-08,Central,Illinois,Furniture,Furnishings,Home Office,5,34.82,0,174.10,59.19,2
2024-04-08,West,California,Technology,Computers,Consumer,2,1109.01,0.1,1996.22,89.83,4
2024-04-08,East,Pennsylvania,Technology,Accessories,Corporate,4,36.55,0,146.20,52.63,3
2024-04-08,West,California,Furniture,Bookcases,Home Office,3,168.01,0.15,428.43,-5.36,8
2024-04-08,Central,Ohio,Furniture,Tables,Consumer,4,233.65,0.1,841.14,4.21,5
2024-04-08,Central,Ohio,Technology,Computers,Consumer,6,843.51,0,5061.06,910.99,2
2024-04-09,South,Texas,Technology,Accessories,Home Office,3,35.66,0.3,74.89,-3.37,3
2024-04-09,West,California,Technology,Phones,Consumer,3,172.66,0,517.98,124.32,2
2024-04-09,West,California,Technology,Copiers,Consumer,4,1343.55,0.1,4836.78,362.76,2
2024-04-09,South,Louisiana,Furniture,Chairs,Corporate,1,156.59,0,156.59,43.85,3
2024-04-09,South,Alabama,Furniture,Chairs,Consumer,1,224.55,0.1,202.10,29.30,5
2024-04-10,Northeast,Massachusetts,Technology,Accessories,Consumer,3,23.12,0,69.36,24.97,5
2024-04-10,East,New York,Office Supplies,Storage,Corporate,1,66.22,0.15,56.29,3.24,3
2024-04-10,East,Georgia,Technology,Accessories,Home Office,4,32.86,0,131.44,47.32,2
2024-04-10,West,Colorado,Furniture,Chairs,Consumer,2,178.70,0.1,321.66,46.64,4
2024-04-10,Central,Michigan,Furniture,Bookcases,Home Office,1,239.62,0,239.62,45.53,2
2024-04-10,West,Nevada,Furniture,Furnishings,Consumer,5,33.91,0,169.55,57.65,2
2024-04-10,East,Georgia,Furniture,Bookcases,Consumer,3,160.70,0,482.10,91.60,3
2024-04-11,Central,Michigan,Office Supplies,Art,Corporate,3,17.72,0.3,37.21,-0.19,3
2024-04-11,Central,Illinois,Technology,Phones,Corporate,4,227.08,0,908.32,218.00,2
2024-04-11,South,Texas,Technology,Phones,Corporate,28,273.04,0.3,5351.58,-883.01,2
2024-04-11,West,Washington,Office Supplies,Storage,Corporate,2,64.82,0,129.64,33.71,5
2024-04-11,West,California,Furniture,Bookcases,Corporate,4,92.15,0.1,331.74,18.25,7
2024-04-12,West,Arizona,Furniture,Tables,Corporate,1,336.48,0.2,269.18,-34.99,4
2024-04-12,West,Nevada,Furniture,Tables,Consumer,5,268.63,0,1343.15,188.04,9
2024-04-12,East,New York,Office Supplies,Paper,Corporate,6,12.72,0,76.32,32.05,3
2024-04-12,Northeast,New Jersey,Technology,Computers,Corporate,3,782.68,0,2348.04,422.65,10
2024-04-12,Central,Missouri,Office Supplies,Art,Consumer,3,29.33,0.1,79.19,20.99,4
2024-04-12,East,New York,Furniture,Bookcases,Consumer,5,172.74,0,863.70,164.10,2
2024-04-12,West,California,Technology,Phones,Consumer,2,307.41,0,614.82,147.56,2
2024-04-12,Northeast,Connecticut,Furniture,Tables,Corporate,2,352.58,0,705.16,98.72,2
2024-04-13,South,Louisiana,Technology,Copiers,Consumer,9,1212.71,0,10914.39,2292.02,1
2024-04-13,East,Virginia,Furniture,Furnishings,Corporate,4,50.91,0,203.64,69.24,3
2024-04-13,West,Nevada,Technology,Phones,Corporate,8,258.92,0,2071.36,497.13,3
2024-04-13,West,Washington,Furniture,Bookcases,Consumer,8,127.94,0.15,869.99,-10.87,2
2024-04-14,West,Nevada,Furniture,Bookcases,Corporate,4,107.36,0.15,365.02,-4.56,3
2024-04-14,West,Washington,Office Supplies,Paper,Consumer,7,11.69,0,81.83,34.37,4
2024-04-14,West,California,Office Supplies,Paper,Consumer,1,17.50,0.1,15.75,4.49,4
2024-04-14,South,North Carolina,Technology,Phones,Corporate,3,220.09,0,660.27,158.46,3
2024-04-14,East,Virginia,Technology,Phones,Consumer,4,191.95,0.1,691.02,72.56,10
2024-04-14,Northeast,New Jersey,Office Supplies,Paper,Consumer,1,11.28,0,11.28,4.74,3
2024-04-15,Central,Ohio,Technology,Accessories,Corporate,3,33.54,0,100.62,36.22,3
2024-04-15,Central,Illinois,Technology,Phones,Consumer,1,239.36,0.1,215.42,22.62,3
2024-04-15,East,New York,Technology,Phones,Consumer,4,225.26,0.1,810.94,85.15,4
2024-04-15,South,Texas,Office Supplies,Binders,Corporate,3,13.44,0,40.32,15.32,3
2024-04-15,East,Virginia,Furniture,Furnishings,Corporate,2,47.04,0.3,65.86,-4.28,4
2024-04-15,West,Nevada,Technology,Accessories,Home Office,3,29.41,0,88.23,31.76,6
2024-04-15,South,Louisiana,Technology,Phones,Consumer,2,286.71,0,573.42,137.62,1
2024-04-15,East,New York,Office Supplies,Binders,Consumer,2,21.23,0.1,38.21,9.36,6
2024-04-15,South,Texas,Office Supplies,Paper,Corporate,3,10.32,0.3,21.67,0.33,3
2024-04-15,Northeast,Massachusetts,Furniture,Tables,Consumer,2,461.18,0.15,784.01,-49.00,7
2024-04-15,South,North Carolina,Office Supplies,Binders,Corporate,6,28.68,0,172.08,65.39,7
2024-04-15,West,California,Technology,Accessories,Home Office,1,26.48,0,26.48,9.53,3
2024-04-16,East,Virginia,Technology,Phones,Consumer,1,184.37,0.1,165.93,17.42,2
2024-04-16,South,North Carolina,Technology,Computers,Home Office,6,795.26,0.2,3817.25,-343.55,6
2024-04-16,South,Texas,Office Supplies,Storage,Home Office,2,70.87,0.2,113.39,-1.13,1
2024-04-16,East,New York,Furniture,Chairs,Corporate,1,184.37,0.15,156.71,12.15,1
2024-04-16,East,New York,Office Supplies,Storage,Corporate,3,49.08,0.3,103.07,-14.95,4
2024-04-16,East,New York,Furniture,Chairs,Consumer,1,362.38,0,362.38,101.47,1
2024-04-16,East,Florida,Technology,Computers,Corporate,7,1301.42,0.15,7743.45,-174.23,2
2024-04-16,Northeast,Maine,Office Supplies,Storage,Corporate,3,62.42,0.3,131.08,-19.01,4
2024-04-16,South,Texas,Furniture,Bookcases,Corporate,1,171.26,0,171.26,32.54,4
2024-04-16,West,Oregon,Technology,Computers,Consumer,8,768.42,0.2,4917.89,-442.61,2
2024-04-16,Northeast,Maine,Office Supplies,Storage,Consumer,1,63.55,0.1,57.20,7.15,3
2024-04-16,Northeast,Massachusetts,Technology,Copiers,Consumer,9,1401.31,0,12611.79,2648.48,4
2024-04-16,Central,Michigan,Technology,Computers,Corporate,1,708.03,0.1,637.23,28.68,3
2024-04-16,East,New York,Office Supplies,Paper,Consumer,3,13.23,0.15,33.74,7.34,3
2024-04-17,West,California,Furniture,Chairs,Consumer,3,219.88,0.1,593.68,86.08,1
2024-04-17,West,California,Furniture,Tables,Consumer,16,382.07,0,6113.12,855.84,1
2024-04-17,Northeast,Massachusetts,Office Supplies,Paper,Home Office,2,8.71,0.1,15.68,4.47,2
2024-04-17,West,California,Office Supplies,Binders,Corporate,7,16.59,0.1,104.52,25.61,1
2024-04-17,South,North Carolina,Office Supplies,Binders,Corporate,2,16.24,0,32.48,12.34,6
2024-04-17,East,New York,Furniture,Tables,Home Office,1,242.77,0,242.77,33.99,2
2024-04-17,Central,Ohio,Furniture,Furnishings,Consumer,6,47.00,0.15,239.70,32.96,2
2024-04-18,Central,Illinois,Furniture,Bookcases,Corporate,2,208.45,0.1,375.21,20.64,3
2024-04-18,Central,Minnesota,Furniture,Tables,Corporate,1,344.97,0.1,310.47,1.55,7
2024-04-18,East,Pennsylvania,Technology,Computers,Corporate,4,653.13,0,2612.52,470.25,5
2024-04-18,West,Nevada,Furniture,Tables,Consumer,6,407.06,0.15,2076.01,-129.75,4
2024-04-19,Northeast,New Jersey,Office Supplies,Storage,Corporate,5,76.02,0.1,342.09,42.76,2
2024-04-19,Central,Michigan,Office Supplies,Storage,Consumer,2,106.81,0.15,181.58,10.44,4
2024-04-19,Northeast,Massachusetts,Furniture,Chairs,Corporate,7,214.46,0,1501.22,420.34,6
2024-04-19,East,Florida,Office Supplies,Binders,Corporate,5,13.78,0.15,58.56,10.39,4
2024-04-19,South,Texas,Furniture,Bookcases,Home Office,6,159.37,0.1,860.60,47.33,4
2024-04-19,Northeast,Massachusetts,Furniture,Chairs,Consumer,21,211.46,0,4440.66,1243.38,2
2024-04-20,Northeast,New Jersey,Office Supplies,Storage,Consumer,3,46.81,0,140.43,36.51,6
2024-04-20,East,Virginia,Office Supplies,Binders,Home Office,1,22.60,0.3,15.82,-0.40,4
2024-04-20,East,New York,Technology,Computers,Consumer,3,778.56,0,2335.68,420.42,6
2024-04-21,East,New York,Furniture,Tables,Corporate,6,473.81,0,2842.86,398.00,4
2024-04-21,Central,Minnesota,Technology,Copiers,Corporate,17,976.15,0,16594.55,3484.86,5
2024-04-22,Central,Ohio,Office Supplies,Art,Corporate,3,19.45,0,58.35,23.34,4
2024-04-22,East,Virginia,Technology,Phones,Consumer,2,195.24,0,390.48,93.72,1
2024-04-22,Northeast,New Jersey,Furniture,Bookcases,Consumer,4,167.48,0,669.92,127.28,4
2024-04-22,South,Louisiana,Technology,Phones,Home Office,2,170.29,0.2,272.46,-8.17,1
2024-04-22,East,New York,Office Supplies,Binders,Consumer,5,24.75,0.1,111.38,27.29,5
2024-04-22,West,California,Furniture,Chairs,Corporate,4,148.49,0,593.96,166.31,2
2024-04-22,Northeast,New Jersey,Furniture,Chairs,Consumer,1,280.62,0,280.62,78.57,4
2024-04-22,West,California,Technology,Phones,Consumer,2,307.91,0.1,554.24,58.20,4
2024-04-22,Central,Illinois,Furniture,Bookcases,Consumer,4,161.85,0.2,517.92,-41.43,5
2024-04-22,West,Arizona,Technology,Computers,Consumer,5,825.14,0.1,3713.13,167.09,7
2024-04-22,South,Texas,Furniture,Bookcases,Consumer,3,205.63,0,616.89,117.21,3
2024-04-23,East,New York,Furniture,Chairs,Corporate,3,222.01,0.15,566.13,43.88,5
2024-04-23,East,Georgia,Office Supplies,Binders,Consumer,2,12.94,0.3,18.12,-0.45,2
2024-04-23,East,Virginia,Technology,Phones,Corporate,3,304.31,0.1,821.64,86.27,3
2024-04-23,Central,Ohio,Office Supplies,Art,Home Office,6,27.41,0.3,115.12,-0.58,3
2024-04-23,Northeast,Massachusetts,Furniture,Furnishings,Consumer,2,42.43,0.2,67.89,4.75,4
2024-04-24,West,Washington,Technology,Copiers,Corporate,3,1615.51,0.1,4361.88,327.14,3
2024-04-24,South,Louisiana,Furniture,Tables,Corporate,2,477.32,0,954.64,133.65,8
2024-04-24,East,Pennsylvania,Technology,Accessories,Consumer,3,27.89,0,83.67,30.12,5
2024-04-24,South,Texas,Furniture,Furnishings,Consumer,3,54.82,0.1,148.01,30.34,4
2024-04-24,Central,Illinois,Office Supplies,Paper,Corporate,2,13.28,0,26.56,11.16,2
2024-04-24,East,New York,Technology,Copiers,Corporate,1,1499.38,0.15,1274.47,9.56,5
2024-04-24,Northeast,New Jersey,Technology,Computers,Corporate,4,787.96,0,3151.84,567.33,2
2024-04-24,South,Texas,Office Supplies,Art,Corporate,4,22.36,0,89.44,35.78,2
2024-04-24,West,Washington,Office Supplies,Binders,Consumer,2,18.46,0,36.92,14.03,1
2024-04-25,West,California,Furniture,Chairs,Consumer,2,192.83,0,385.66,107.98,2
2024-04-25,East,New York,Technology,Accessories,Consumer,2,31.48,0.2,50.37,4.53,9
2024-04-25,Central,Ohio,Furniture,Tables,Consumer,1,260.54,0.15,221.46,-13.84,3
2024-04-25,Central,Ohio,Furniture,Tables,Home Office,8,370.55,0,2964.40,415.02,3
2024-04-25,West,Washington,Furniture,Chairs,Corporate,7,186.08,0.1,1172.30,169.98,2
2024-04-25,Northeast,New Jersey,Technology,Computers,Corporate,7,1102.48,0.1,6945.62,312.55,2
2024-04-25,West,California,Office Supplies,Paper,Home Office,5,11.90,0,59.50,24.99,4
2024-04-26,East,Georgia,Furniture,Furnishings,Corporate,2,42.01,0,84.02,28.57,6
2024-04-26,Northeast,Connecticut,Office Supplies,Binders,Corporate,3,19.71,0.2,47.30,5.20,3
2024-04-26,Central,Illinois,Furniture,Tables,Consumer,8,335.08,0,2680.64,375.29,2
2024-04-26,East,Virginia,Furniture,Bookcases,Corporate,1,177.68,0,177.68,33.76,3
2024-04-26,South,Texas,Technology,Phones,Corporate,1,279.59,0.1,251.63,26.42,5
2024-04-26,West,California,Furniture,Bookcases,Consumer,2,137.48,0,274.96,52.24,2
2024-04-27,South,Alabama,Technology,Computers,Consumer,4,959.64,0,3838.56,690.94,2
2024-04-27,West,Washington,Office Supplies,Paper,Home Office,4,17.88,0,71.52,30.04,3
2024-04-27,Central,Ohio,Technology,Computers,Consumer,1,791.89,0.3,554.32,-124.72,7
2024-04-27,Central,Ohio,Furniture,Bookcases,Home Office,2,189.36,0,378.72,71.96,4
2024-04-27,East,Pennsylvania,Furniture,Bookcases,Consumer,1,128.57,0,128.57,24.43,2
2024-04-28,South,Texas,Office Supplies,Binders,Consumer,3,17.99,0,53.97,20.51,1
2024-04-28,South,Texas,Technology,Computers,Home Office,1,686.26,0,686.26,123.53,1
2024-04-28,West,Nevada,Furniture,Furnishings,Consumer,4,44.00,0.3,123.20,-8.01,2
2024-04-28,East,New York,Furniture,Chairs,Corporate,1,243.38,0,243.38,68.15,2
2024-04-29,East,New York,Furniture,Tables,Corporate,2,313.91,0.1,565.04,2.83,3
2024-04-29,Central,Michigan,Technology,Phones,Consumer,3,204.27,0.2,490.25,-14.71,3
2024-04-29,East,New York,Office Supplies,Paper,Consumer,4,12.82,0.1,46.15,13.15,3
2024-04-29,East,Florida,Technology,Phones,Consumer,2,159.51,0.15,271.17,10.17,4
2024-04-29,West,Oregon,Office Supplies,Art,Consumer,7,19.02,0.1,119.83,31.75,2
2024-04-29,West,Nevada,Furniture,Chairs,Consumer,4,192.86,0,771.44,216.00,4
2024-04-29,Central,Ohio,Furniture,Tables,Consumer,1,417.34,0,417.34,58.43,6
2024-04-30,South,Tennessee,Office Supplies,Binders,Home Office,3,18.67,0,56.01,21.28,5
2024-04-30,East,New York,Office Supplies,Binders,Corporate,4,16.70,0,66.80,25.38,4
2024-04-30,East,Pennsylvania,Furniture,Tables,Home Office,5,360.28,0,1801.40,252.20,3
2024-04-30,West,California,Office Supplies,Storage,Consumer,2,57.31,0,114.62,29.80,3
2024-04-30,Central,Minnesota,Furniture,Furnishings,Corporate,6,46.28,0,277.68,94.41,4
2024-04-30,South,Tennessee,Technology,Phones,Consumer,4,285.89,0,1143.56,274.45,3
2024-04-30,West,Arizona,Office Supplies,Storage,Consumer,3,70.44,0,211.32,54.94,7
2024-04-30,South,Tennessee,Furniture,Tables,Consumer,2,312.46,0,624.92,87.49,5
2024-04-30,West,Washington,Furniture,Bookcases,Home Office,2,118.77,0.15,201.91,-2.52,5
2024-04-30,West,Nevada,Technology,Copiers,Consumer,2,1209.05,0.3,1692.67,-330.07,2
2024-04-30,Central,Minnesota,Technology,Copiers,Home Office,3,1483.97,0,4451.91,934.90,4
2024-04-30,West,Oregon,Furniture,Bookcases,Corporate,5,171.95,0,859.75,163.35,2
2024-05-01,East,New York,Technology,Accessories,Consumer,4,30.14,0,120.56,43.40,2
2024-05-01,Central,Michigan,Furniture,Chairs,Corporate,6,221.42,0,1328.52,371.99,3
2024-05-01,East,Virginia,Furniture,Chairs,Consumer,1,255.65,0.1,230.09,33.36,6
2024-05-01,East,Virginia,Technology,Accessories,Consumer,3,23.03,0.2,55.27,4.97,4
2024-05-01,West,California,Office Supplies,Binders,Home Office,2,15.02,0,30.04,11.42,2
2024-05-01,Central,Michigan,Office Supplies,Storage,Consumer,8,58.12,0,464.96,120.89,4
2024-05-01,South,Louisiana,Furniture,Chairs,Corporate,6,196.09,0,1176.54,329.43,3
2024-05-01,West,California,Office Supplies,Paper,Consumer,6,12.62,0,75.72,31.80,3
2024-05-01,Northeast,Maine,Office Supplies,Binders,Consumer,4,17.98,0.2,57.54,6.33,1
2024-05-01,Central,Ohio,Technology,Phones,Corporate,4,305.92,0,1223.68,293.68,6
2024-05-01,Northeast,Massachusetts,Furniture,Bookcases,Consumer,1,136.79,0.1,123.11,6.77,4
2024-05-01,Central,Illinois,Technology,Copiers,Consumer,2,1264.79,0,2529.58,531.21,2
2024-05-02,East,New York,Furniture,Tables,Consumer,4,395.42,0,1581.68,221.44,2
2024-05-02,East,Florida,Furniture,Chairs,Corporate,6,205.85,0.1,1111.59,161.18,5
2024-05-02,Central,Ohio,Technology,Computers,Home Office,4,1163.82,0.1,4189.75,188.54,5
2024-05-02,Central,Illinois,Technology,Accessories,Consumer,30,33.58,0,1007.40,362.66,10
2024-05-02,Central,Missouri,Office Supplies,Paper,Consumer,11,10.69,0,117.59,49.39,3
2024-05-02,Northeast,New Jersey,Furniture,Bookcases,Corporate,2,98.35,0.15,167.20,-2.09,3
2024-05-03,South,Tennessee,Technology,Copiers,Consumer,11,1786.14,0.1,17682.79,1326.21,4
2024-05-03,South,Tennessee,Technology,Phones,Consumer,1,274.48,0.2,219.58,-6.59,4
2024-05-03,South,Texas,Office Supplies,Paper,Corporate,3,10.67,0,32.01,13.44,4
2024-05-03,South,North Carolina,Technology,Accessories,Corporate,1,26.86,0,26.86,9.67,2
2024-05-03,East,Virginia,Technology,Computers,Consumer,3,781.71,0,2345.13,422.12,2
2024-05-03,West,Colorado,Office Supplies,Binders,Consumer,2,16.31,0,32.62,12.40,2
2024-05-03,East,Florida,Technology,Computers,Corporate,2,633.73,0,1267.46,228.14,2
2024-05-04,West,Arizona,Office Supplies,Binders,Home Office,1,18.95,0.1,17.06,4.18,4
2024-05-04,East,Virginia,Technology,Computers,Corporate,6,1093.56,0.1,5905.22,265.73,5
2024-05-04,West,Oregon,Office Supplies,Art,Consumer,2,22.15,0,44.30,17.72,4
2024-05-05,Central,Missouri,Office Supplies,Art,Corporate,2,18.18,0,36.36,14.54,3
2024-05-05,South,Texas,Office Supplies,Paper,Consumer,10,10.63,0,106.30,44.65,6
2024-05-05,Central,Illinois,Office Supplies,Storage,Consumer,7,42.88,0.1,270.14,33.77,3
2024-05-06,East,Virginia,Technology,Phones,Home Office,5,347.95,0.1,1565.78,164.41,2
2024-05-06,West,Nevada,Technology,Copiers,Home Office,4,1072.17,0,4288.68,900.62,5
2024-05-06,East,Pennsylvania,Office Supplies,Art,Consumer,10,12.43,0,124.30,49.72,4
2024-05-06,South,Texas,Office Supplies,Art,Corporate,3,22.39,0,67.17,26.87,5
2024-05-06,East,Pennsylvania,Technology,Accessories,Consumer,3,50.62,0,151.86,54.67,2
2024-05-06,West,Oregon,Office Supplies,Storage,Corporate,8,70.37,0,562.96,146.37,2
2024-05-06,West,California,Furniture,Furnishings,Corporate,2,44.47,0,88.94,30.24,6
2024-05-06,South,Tennessee,Office Supplies,Paper,Consumer,6,14.55,0.15,74.21,16.14,6
2024-05-07,East,Pennsylvania,Furniture,Furnishings,Corporate,4,67.97,0,271.88,92.44,3
2024-05-07,West,Washington,Technology,Accessories,Corporate,2,37.30,0,74.60,26.86,3
2024-05-07,Northeast,Massachusetts,Furniture,Furnishings,Corporate,4,71.52,0,286.08,97.27,4
2024-05-07,East,New York,Technology,Computers,Consumer,1,995.92,0,995.92,179.27,4
2024-05-07,Northeast,Maine,Technology,Phones,Corporate,2,278.65,0,557.30,133.75,2
2024-05-07,East,Pennsylvania,Technology,Computers,Home Office,1,656.99,0,656.99,118.26,3
2024-05-07,Central,Missouri,Technology,Copiers,Consumer,2,1794.04,0,3588.08,753.50,2
2024-05-07,East,Florida,Technology,Phones,Corporate,3,301.37,0.2,723.29,-21.70,2
2024-05-07,East,New York,Office Supplies,Art,Home Office,6,19.32,0,115.92,46.37,6
2024-05-07,Central,Michigan,Furniture,Chairs,Corporate,2,195.96,0,391.92,109.74,2
2024-05-08,South,North Carolina,Office Supplies,Binders,Consumer,3,16.71,0,50.13,19.05,2
2024-05-08,East,Georgia,Technology,Phones,Corporate,7,255.53,0,1788.71,429.29,3
2024-05-08,West,California,Furniture,Bookcases,Consumer,3,137.91,0,413.73,78.61,2
2024-05-08,South,North Carolina,Technology,Accessories,Consumer,2,32.90,0.3,46.06,-2.07,4
2024-05-08,West,California,Office Supplies,Binders,Consumer,1,27.12,0,27.12,10.31,4
2024-05-08,South,North Carolina,Office Supplies,Art,Corporate,3,28.30,0,84.90,33.96,5
2024-05-08,Northeast,Massachusetts,Office Supplies,Binders,Corporate,8,18.84,0.1,135.65,33.23,3
2024-05-08,South,Texas,Furniture,Tables,Consumer,5,450.91,0,2254.55,315.64,2
2024-05-09,East,Georgia,Furniture,Chairs,Home Office,13,152.65,0,1984.45,555.65,3
2024-05-09,West,Arizona,Technology,Accessories,Consumer,2,37.72,0.2,60.35,5.43,6
2024-05-09,East,New York,Furniture,Chairs,Home Office,4,231.38,0,925.52,259.15,2
2024-05-09,Central,Minnesota,Furniture,Tables,Home Office,2,328.56,0.1,591.41,2.96,3
2024-05-09,West,California,Office Supplies,Binders,Consumer,2,16.18,0,32.36,12.30,6
2024-05-09,West,California,Furniture,Chairs,Consumer,1,206.37,0.1,185.73,26.93,3
2024-05-09,Central,Ohio,Technology,Computers,Consumer,3,788.27,0.15,2010.09,-45.23,3
2024-05-09,Central,Michigan,Technology,Accessories,Home Office,3,40.78,0.15,103.99,16.38,4
2024-05-09,East,New York,Furniture,Bookcases,Home Office,11,137.14,0.1,1357.69,74.67,7
2024-05-09,West,Washington,Technology,Copiers,Consumer,4,1730.16,0,6920.64,1453.33,3
2024-05-09,Northeast,Connecticut,Technology,Accessories,Consumer,9,43.47,0.3,273.86,-12.32,2
2024-05-09,East,New York,Technology,Accessories,Consumer,6,31.98,0.2,153.50,13.81,3
2024-05-09,East,Georgia,Furniture,Chairs,Home Office,1,202.72,0.15,172.31,13.35,4
2024-05-10,Central,Minnesota,Furniture,Tables,Corporate,2,459.69,0.15,781.47,-48.84,3
2024-05-10,East,Pennsylvania,Technology,Accessories,Corporate,1,30.06,0.2,24.05,2.16,1
2024-05-10,Northeast,New Jersey,Furniture,Tables,Consumer,1,260.56,0,260.56,36.48,2
2024-05-10,South,Texas,Furniture,Chairs,Consumer,6,158.38,0,950.28,266.08,2
2024-05-10,Central,Ohio,Technology,Computers,Consumer,7,861.47,0,6030.29,1085.45,2
2024-05-10,South,Texas,Furniture,Chairs,Consumer,10,122.09,0,1220.90,341.85,4
2024-05-10,East,Georgia,Technology,Accessories,Consumer,1,41.90,0,41.90,15.08,4
2024-05-11,East,New York,Technology,Computers,Corporate,4,862.58,0.1,3105.29,139.74,3
2024-05-11,Central,Ohio,Office Supplies,Binders,Consumer,3,21.94,0,65.82,25.01,6
2024-05-11,East,Florida,Office Supplies,Storage,Consumer,4,126.63,0,506.52,131.70,3
2024-05-11,Northeast,Massachusetts,Technology,Computers,Corporate,1,691.53,0,691.53,124.48,3
2024-05-12,East,Virginia,Technology,Phones,Consumer,3,202.29,0,606.87,145.65,3
2024-05-12,South,Texas,Technology,Computers,Consumer,6,909.55,0,5457.30,982.31,4
2024-05-12,Central,Illinois,Technology,Accessories,Corporate,2,23.46,0,46.92,16.89,5
2024-05-12,West,Washington,Furniture,Chairs,Corporate,2,251.01,0.1,451.82,65.51,2
2024-05-12,West,Oregon,Furniture,Furnishings,Consumer,4,36.00,0.2,115.20,8.06,5
2024-05-13,West,California,Technology,Copiers,Consumer,4,1246.91,0.15,4239.49,31.80,2
2024-05-13,West,California,Furniture,Chairs,Home Office,3,160.65,0,481.95,134.95,4
2024-05-13,East,New York,Furniture,Chairs,Corporate,9,308.15,0.15,2357.35,182.69,2
2024-05-13,East,Pennsylvania,Furniture,Tables,Consumer,5,309.95,0,1549.75,216.97,3
2024-05-13,West,Washington,Furniture,Bookcases,Home Office,3,138.59,0.15,353.40,-4.42,5
2024-05-14,East,New York,Technology,Phones,Consumer,7,194.29,0.15,1156.03,43.35,3
2024-05-14,East,Virginia,Technology,Phones,Consumer,4,229.85,0,919.40,220.66,3
2024-05-14,East,Pennsylvania,Technology,Accessories,Home Office,9,33.36,0,300.24,108.09,7
2024-05-14,Central,Michigan,Technology,Accessories,Consumer,4,31.83,0,127.32,45.84,3
2024-05-14,West,California,Technology,Copiers,Corporate,1,1700.49,0,1700.49,357.10,3
2024-05-14,Central,Ohio,Furniture,Tables,Corporate,5,398.68,0,1993.40,279.08,3
2024-05-14,East,New York,Technology,Copiers,Corporate,3,1337.68,0,4013.04,842.74,4
2024-05-14,South,North Carolina,Technology,Phones,Consumer,2,229.71,0.15,390.51,14.64,2
2024-05-14,Central,Illinois,Technology,Accessories,Consumer,1,28.35,0.1,25.52,5.74,3
2024-05-15,West,Oregon,Office Supplies,Binders,Consumer,12,18.87,0.1,203.80,49.93,3
2024-05-15,West,California,Office Supplies,Art,Corporate,2,18.39,0.3,25.75,-0.13,4
2024-05-15,West,Arizona,Furniture,Bookcases,Consumer,5,120.53,0.2,482.12,-38.57,4
2024-05-15,East,New York,Technology,Computers,Consumer,2,838.56,0.3,1173.98,-264.15,3
2024-05-15,Central,Ohio,Technology,Phones,Corporate,4,213.07,0,852.28,204.55,3
2024-05-15,East,New York,Furniture,Bookcases,Corporate,3,157.75,0.2,378.60,-30.29,2
2024-05-16,East,Virginia,Office Supplies,Art,Corporate,1,25.68,0,25.68,10.27,4
2024-05-16,Central,Ohio,Technology,Accessories,Consumer,1,51.25,0,51.25,18.45,2
2024-05-16,West,Washington,Furniture,Bookcases,Corporate,3,210.46,0,631.38,119.96,2
2024-05-16,East,New York,Technology,Phones,Corporate,8,342.30,0.1,2464.56,258.78,6
2024-05-16,West,Washington,Furniture,Furnishings,Home Office,2,55.64,0.15,94.59,13.01,3
2024-05-16,West,Arizona,Furniture,Tables,Home Office,4,335.89,0,1343.56,188.10,2
2024-05-16,East,New York,Technology,Phones,Home Office,8,194.71,0,1557.68,373.84,2
2024-05-16,Northeast,New Jersey,Furniture,Bookcases,Consumer,3,156.03,0,468.09,88.94,4
2024-05-16,West,California,Technology,Accessories,Consumer,2,48.98,0.1,88.16,19.84,4
2024-05-16,East,New York,Technology,Copiers,Consumer,4,1734.31,0,6937.24,1456.82,4
2024-05-16,South,North Carolina,Technology,Phones,Home Office,2,282.76,0,565.52,135.72,3
2024-05-16,West,Arizona,Furniture,Furnishings,Consumer,6,52.25,0,313.50,106.59,3
2024-05-17,Central,Michigan,Office Supplies,Paper,Consumer,5,12.72,0,63.60,26.71,3
2024-05-17,Northeast,Connecticut,Furniture,Furnishings,Consumer,1,52.41,0.1,47.17,9.67,3
2024-05-17,East,New York,Office Supplies,Storage,Home Office,3,67.56,0.1,182.41,22.80,4
2024-05-17,Central,Minnesota,Office Supplies,Paper,Consumer,2,13.80,0.15,23.46,5.10,2
2024-05-17,Northeast,Massachusetts,Furniture,Chairs,Consumer,4,231.66,0,926.64,259.46,2
2024-05-18,West,California,Technology,Phones,Consumer,5,200.98,0.3,703.43,-116.07,2
2024-05-18,West,Arizona,Technology,Accessories,Corporate,1,37.46,0.1,33.71,7.58,5
2024-05-18,South,North Carolina,Office Supplies,Art,Corporate,3,16.65,0.2,39.96,5.19,2
2024-05-18,Northeast,Massachusetts,Technology,Computers,Consumer,7,645.24,0.2,3613.34,-325.20,3
2024-05-19,West,Arizona,Technology,Phones,Corporate,2,229.55,0.1,413.19,43.38,5
2024-05-20,Northeast,Massachusetts,Technology,Computers,Consumer,3,876.03,0,2628.09,473.06,2
2024-05-20,Central,Missouri,Technology,Computers,Consumer,2,713.71,0,1427.42,256.94,8
2024-05-20,Northeast,Maine,Furniture,Bookcases,Corporate,8,132.08,0.15,898.14,-11.23,3
2024-05-20,East,Georgia,Furniture,Bookcases,Consumer,1,146.99,0,146.99,27.93,2
2024-05-20,East,New York,Technology,Phones,Home Office,7,210.19,0,1471.33,353.12,2
2024-05-20,East,New York,Technology,Copiers,Consumer,6,1503.48,0,9020.88,1894.38,5
2024-05-20,West,California,Technology,Accessories,Consumer,5,33.45,0,167.25,60.21,4
2024-05-21,West,Oregon,Office Supplies,Binders,Consumer,2,19.18,0,38.36,14.58,3
2024-05-21,West,Arizona,Office Supplies,Paper,Corporate,5,10.10,0.15,42.93,9.34,3
2024-05-21,West,California,Technology,Computers,Corporate,2,948.87,0,1897.74,341.59,3
2024-05-21,East,New York,Technology,Copiers,Consumer,1,1753.26,0.3,1227.28,-239.32,7
2024-05-21,West,Oregon,Office Supplies,Binders,Home Office,4,17.31,0,69.24,26.31,3
2024-05-21,Central,Illinois,Technology,Computers,Consumer,6,842.31,0,5053.86,909.69,3
2024-05-21,Central,Illinois,Technology,Phones,Corporate,5,200.69,0,1003.45,240.83,3
2024-05-21,South,North Carolina,Technology,Computers,Consumer,2,889.05,0,1778.10,320.06,3
2024-05-21,East,New York,Furniture,Furnishings,Consumer,2,42.22,0,84.44,28.71,10
2024-05-21,West,Colorado,Technology,Phones,Consumer,4,234.82,0.15,798.39,29.94,4
2024-05-21,Central,Illinois,Technology,Computers,Corporate,3,662.66,0.15,1689.78,-38.02,3
2024-05-22,South,Tennessee,Office Supplies,Storage,Consumer,7,83.13,0.2,465.53,-4.66,6
2024-05-22,West,Washington,Technology,Accessories,Corporate,2,30.16,0.1,54.29,12.22,2
2024-05-22,West,Washington,Furniture,Tables,Consumer,7,351.77,0,2462.39,344.73,3
2024-05-22,South,North Carolina,Office Supplies,Binders,Corporate,2,12.99,0,25.98,9.87,3
2024-05-22,East,Georgia,Office Supplies,Storage,Corporate,5,54.92,0,274.60,71.40,4
2024-05-22,South,Tennessee,Furniture,Furnishings,Consumer,4,41.68,0,166.72,56.68,3
2024-05-23,Central,Illinois,Technology,Computers,Corporate,3,773.99,0.1,2089.77,94.04,4
2024-05-23,Central,Minnesota,Technology,Computers,Corporate,7,744.28,0,5209.96,937.79,3
2024-05-23,West,Colorado,Furniture,Chairs,Consumer,4,179.75,0,719.00,201.32,3
2024-05-23,West,Arizona,Technology,Computers,Corporate,6,810.82,0,4864.92,875.69,3
2024-05-23,West,California,Office Supplies,Storage,Consumer,3,84.54,0.2,202.90,-2.03,5
2024-05-23,Central,Ohio,Technology,Copiers,Consumer,4,1056.45,0,4225.80,887.42,4
2024-05-23,East,Georgia,Office Supplies,Storage,Consumer,6,62.84,0,377.04,98.03,4
2024-05-23,West,California,Furniture,Furnishings,Consumer,4,49.02,0,196.08,66.67,4
2024-05-23,East,New York,Technology,Copiers,Corporate,5,1636.47,0,8182.35,1718.29,3
2024-05-24,South,Texas,Furniture,Furnishings,Corporate,5,47.68,0.1,214.56,43.98,3
2024-05-24,East,New York,Office Supplies,Storage,Corporate,1,57.51,0,57.51,14.95,2
2024-05-24,Northeast,New Jersey,Office Supplies,Storage,Consumer,1,44.50,0.15,37.82,2.17,3
2024-05-24,South,Louisiana,Furniture,Tables,Corporate,4,327.95,0.2,1049.44,-136.43,3
2024-05-24,East,New York,Office Supplies,Binders,Consumer,8,16.39,0,131.12,49.83,5
2024-05-24,Northeast,New Jersey,Office Supplies,Binders,Consumer,8,11.80,0.1,84.96,20.82,6
2024-05-24,East,New York,Technology,Accessories,Consumer,3,32.77,0,98.31,35.39,4
2024-05-24,East,Florida,Office Supplies,Storage,Corporate,2,80.18,0.1,144.32,18.04,6
2024-05-25,Central,Missouri,Technology,Copiers,Consumer,5,1397.08,0.1,6286.86,471.51,4
2024-05-25,West,Nevada,Office Supplies,Storage,Consumer,2,65.55,0,131.10,34.09,2
2024-05-25,East,Pennsylvania,Furniture,Chairs,Consumer,2,208.62,0.2,333.79,3.34,6
2024-05-25,East,New York,Technology,Phones,Consumer,2,318.49,0.1,573.28,60.19,3
2024-05-25,West,Arizona,Office Supplies,Binders,Corporate,7,21.18,0,148.26,56.34,2
2024-05-25,East,Florida,Technology,Accessories,Home Office,1,46.70,0.1,42.03,9.46,5
2024-05-25,East,Virginia,Furniture,Tables,Corporate,5,365.12,0,1825.60,255.58,2
2024-05-25,Central,Illinois,Furniture,Bookcases,Home Office,11,162.74,0,1790.14,340.13,3
2024-05-26,Northeast,New Jersey,Furniture,Chairs,Consumer,9,193.99,0.15,1484.02,115.01,3
2024-05-27,East,New York,Office Supplies,Art,Home Office,11,24.44,0,268.84,107.54,2
2024-05-27,East,New York,Technology,Computers,Consumer,2,1172.93,0,2345.86,422.25,5
2024-05-27,West,Oregon,Furniture,Tables,Home Office,4,414.87,0,1659.48,232.33,4
2024-05-27,Central,Michigan,Technology,Phones,Consumer,5,328.13,0,1640.65,393.76,2
2024-05-27,West,Arizona,Office Supplies,Paper,Consumer,3,15.00,0,45.00,18.90,3
2024-05-27,South,Tennessee,Office Supplies,Storage,Consumer,3,72.99,0.15,186.12,10.70,2
2024-05-27,East,Virginia,Furniture,Chairs,Consumer,1,169.86,0.15,144.38,11.19,5
2024-05-27,Northeast,Connecticut,Furniture,Chairs,Home Office,4,216.24,0,864.96,242.19,3
2024-05-28,West,Colorado,Office Supplies,Binders,Consumer,3,19.52,0.1,52.70,12.91,3
2024-05-28,West,California,Technology,Phones,Corporate,2,253.38,0,506.76,121.62,2
2024-05-28,Northeast,New Jersey,Furniture,Tables,Corporate,2,384.02,0.1,691.24,3.46,2
2024-05-28,Central,Ohio,Technology,Copiers,Consumer,9,1415.10,0.15,10825.52,81.19,1
2024-05-28,West,California,Technology,Accessories,Corporate,2,41.93,0,83.86,30.19,3
2024-05-28,East,New York,Office Supplies,Art,Corporate,8,23.56,0,188.48,75.39,4
2024-05-29,Central,Michigan,Office Supplies,Paper,Home Office,9,11.19,0.1,90.64,25.83,6
2024-05-29,Central,Ohio,Furniture,Chairs,Home Office,3,236.24,0.1,637.85,92.49,2
2024-05-29,Central,Ohio,Furniture,Bookcases,Home Office,2,166.05,0,332.10,63.10,3
2024-05-29,East,New York,Furniture,Tables,Home Office,1,344.08,0.1,309.67,1.55,3
2024-05-29,East,Virginia,Furniture,Chairs,Corporate,3,403.41,0,1210.23,338.86,4
2024-05-29,South,Texas,Furniture,Tables,Corporate,5,262.62,0,1313.10,183.83,3
2024-05-30,East,Virginia,Furniture,Furnishings,Corporate,5,46.78,0,233.90,79.53,4
2024-05-30,West,Colorado,Office Supplies,Binders,Corporate,4,17.92,0.15,60.93,10.82,2
2024-05-30,West,Colorado,Office Supplies,Paper,Home Office,1,7.70,0,7.70,3.23,4
2024-05-30,Northeast,Massachusetts,Technology,Phones,Consumer,1,211.40,0.15,179.69,6.74,3
2024-05-30,South,Texas,Technology,Computers,Consumer,2,911.04,0.3,1275.46,-286.98,4
2024-05-30,East,New York,Technology,Computers,Consumer,3,855.64,0.15,2181.88,-49.09,5
2024-05-30,West,Washington,Office Supplies,Art,Home Office,2,17.84,0,35.68,14.27,3
2024-05-30,West,California,Office Supplies,Binders,Consumer,2,14.88,0.1,26.78,6.56,3
2024-05-30,Northeast,New Jersey,Furniture,Chairs,Consumer,1,185.43,0.15,157.62,12.22,3
2024-05-30,Central,Missouri,Office Supplies,Binders,Consumer,1,15.83,0.3,11.08,-0.28,3
2024-05-30,East,Pennsylvania,Office Supplies,Binders,Corporate,1,15.40,0,15.40,5.85,2
2024-05-30,South,Alabama,Furniture,Chairs,Consumer,1,193.96,0.15,164.87,12.78,3
2024-05-31,West,Washington,Technology,Accessories,Corporate,2,34.14,0,68.28,24.58,2
2024-05-31,West,Oregon,Technology,Phones,Consumer,1,249.35,0.15,211.95,7.95,4
2024-05-31,West,Washington,Technology,Phones,Corporate,4,244.33,0,977.32,234.56,3
2024-05-31,West,Oregon,Technology,Computers,Home Office,7,448.31,0,3138.17,564.87,4
2024-05-31,South,Tennessee,Furniture,Tables,Consumer,7,308.06,0,2156.42,301.90,2
2024-05-31,West,California,Office Supplies,Binders,Consumer,1,22.07,0,22.07,8.39,5
2024-05-31,East,Virginia,Office Supplies,Paper,Corporate,1,12.78,0.2,10.22,1.53,2
2024-05-31,Central,Michigan,Furniture,Bookcases,Corporate,2,137.13,0,274.26,52.11,3
2024-05-31,Central,Minnesota,Technology,Computers,Consumer,4,848.74,0,3394.96,611.09,3
2024-05-31,East,New York,Technology,Accessories,Consumer,4,45.39,0.1,163.40,36.77,4
2024-06-01,West,California,Technology,Computers,Corporate,2,623.43,0.1,1122.17,50.50,1
2024-06-01,West,Oregon,Office Supplies,Art,Home Office,4,21.35,0,85.40,34.16,6
2024-06-02,Central,Ohio,Office Supplies,Art,Corporate,1,14.24,0,14.24,5.70,3
2024-06-02,East,Pennsylvania,Furniture,Bookcases,Home Office,6,178.45,0,1070.70,203.43,4
2024-06-02,West,Washington,Technology,Phones,Home Office,4,243.12,0,972.48,233.40,5
2024-06-03,Central,Michigan,Office Supplies,Paper,Home Office,5,11.49,0,57.45,24.13,5
2024-06-03,West,California,Office Supplies,Storage,Consumer,1,108.06,0.15,91.85,5.28,4
2024-06-03,West,California,Technology,Copiers,Home Office,6,1212.19,0.1,6545.83,490.94,2
2024-06-03,Central,Illinois,Technology,Copiers,Home Office,3,1828.99,0.15,4663.92,34.98,3
2024-06-03,South,Alabama,Technology,Copiers,Consumer,11,1188.38,0.3,9150.53,-1784.35,3
2024-06-03,Central,Michigan,Furniture,Bookcases,Corporate,5,165.09,0.1,742.91,40.86,3
2024-06-03,South,Texas,Technology,Copiers,Consumer,3,1404.61,0,4213.83,884.90,3
2024-06-03,Northeast,Massachusetts,Technology,Copiers,Corporate,3,1691.23,0.1,4566.32,342.47,8
2024-06-03,West,Washington,Technology,Accessories,Consumer,6,32.60,0,195.60,70.42,3
2024-06-03,East,Pennsylvania,Technology,Phones,Consumer,7,227.62,0,1593.34,382.40,3
2024-06-03,Northeast,New Jersey,Furniture,Bookcases,Consumer,2,105.55,0.1,189.99,10.45,5
2024-06-03,Central,Ohio,Office Supplies,Art,Corporate,11,22.54,0,247.94,99.18,3
2024-06-03,South,Louisiana,Furniture,Chairs,Home Office,3,196.77,0,590.31,165.29,2
2024-06-04,Northeast,Massachusetts,Technology,Phones,Corporate,3,297.55,0.15,758.75,28.45,3
2024-06-04,East,New York,Technology,Accessories,Consumer,1,47.93,0,47.93,17.25,3
2024-06-04,East,New York,Technology,Phones,Consumer,3,228.40,0,685.20,164.45,3
2024-06-04,East,Georgia,Technology,Computers,Consumer,7,816.11,0.1,5141.49,231.37,3
2024-06-04,West,California,Furniture,Bookcases,Consumer,5,216.87,0.15,921.70,-11.52,3
2024-06-04,South,North Carolina,Furniture,Bookcases,Corporate,4,126.14,0,504.56,95.87,5
2024-06-04,Central,Minnesota,Technology,Phones,Consumer,2,185.41,0,370.82,89.00,4
2024-06-04,South,Texas,Technology,Accessories,Home Office,5,41.15,0.15,174.89,27.55,2
2024-06-04,East,Virginia,Technology,Phones,Consumer,1,210.01,0.2,168.01,-5.04,3
2024-06-04,West,Arizona,Technology,Accessories,Home Office,7,49.03,0,343.21,123.56,2
2024-06-05,West,California,Furniture,Bookcases,Corporate,9,157.17,0,1414.53,268.76,5
2024-06-05,East,Virginia,Technology,Phones,Corporate,2,220.60,0.1,397.08,41.69,5
2024-06-05,South,North Carolina,Furniture,Furnishings,Consumer,2,34.90,0,69.80,23.73,4
2024-06-05,Northeast,New Jersey,Furniture,Chairs,Corporate,2,180.61,0,361.22,101.14,4
2024-06-05,East,Florida,Technology,Computers,Consumer,3,843.56,0,2530.68,455.52,4
2024-06-05,West,California,Technology,Accessories,Consumer,7,53.03,0,371.21,133.64,6
2024-06-05,Central,Ohio,Furniture,Chairs,Consumer,2,186.68,0,373.36,104.54,2
2024-06-06,West,California,Furniture,Bookcases,Consumer,3,168.89,0,506.67,96.27,5
2024-06-06,East,New York,Office Supplies,Storage,Corporate,4,69.24,0.2,221.57,-2.22,1
2024-06-06,Central,Missouri,Office Supplies,Storage,Home Office,3,65.57,0.2,157.37,-1.57,3
2024-06-06,West,California,Office Supplies,Paper,Corporate,1,12.02,0.1,10.82,3.08,3
2024-06-06,East,Georgia,Technology,Computers,Consumer,7,740.83,0.3,3630.07,-816.77,2
2024-06-06,West,Nevada,Office Supplies,Binders,Corporate,3,12.85,0,38.55,14.65,6
2024-06-06,Central,Michigan,Technology,Accessories,Home Office,5,29.79,0,148.95,53.62,2
2024-06-06,West,Nevada,Technology,Accessories,Consumer,7,41.33,0.1,260.38,58.59,3
2024-06-06,Central,Illinois,Furniture,Tables,Consumer,4,359.21,0.15,1221.31,-76.33,3
2024-06-06,West,California,Office Supplies,Paper,Consumer,2,15.28,0,30.56,12.84,2
2024-06-06,West,Washington,Furniture,Tables,Consumer,3,357.48,0.15,911.57,-56.97,5
2024-06-07,Northeast,Massachusetts,Furniture,Furnishings,Corporate,2,35.07,0,70.14,23.85,3
2024-06-07,West,Arizona,Office Supplies,Binders,Corporate,1,12.32,0,12.32,4.68,4
2024-06-07,Northeast,Connecticut,Technology,Copiers,Consumer,1,1193.08,0,1193.08,250.55,3
2024-06-07,West,Oregon,Furniture,Chairs,Consumer,2,320.75,0,641.50,179.62,4
2024-06-07,Central,Minnesota,Technology,Accessories,Corporate,5,46.18,0.3,161.63,-7.27,3
2024-06-07,South,Texas,Office Supplies,Storage,Consumer,1,58.54,0,58.54,15.22,2
2024-06-07,Northeast,New Jersey,Technology,Phones,Corporate,1,264.40,0,264.40,63.46,3
2024-06-07,West,California,Furniture,Furnishings,Corporate,4,57.63,0,230.52,78.38,2
2024-06-08,South,Tennessee,Technology,Computers,Consumer,5,854.77,0.1,3846.47,173.09,8
2024-06-08,South,Louisiana,Technology,Phones,Consumer,5,216.82,0,1084.10,260.18,4
2024-06-08,East,New York,Technology,Computers,Consumer,11,780.96,0,8590.56,1546.30,3
2024-06-09,East,New York,Office Supplies,Storage,Consumer,1,54.45,0.2,43.56,-0.44,3
2024-06-09,Northeast,Maine,Technology,Computers,Consumer,3,827.70,0,2483.10,446.96,4
2024-06-09,Northeast,New Jersey,Technology,Accessories,Home Office,1,38.19,0,38.19,13.75,2
2024-06-09,East,New York,Office Supplies,Paper,Home Office,3,8.38,0.2,20.11,3.02,5
2024-06-10,East,New York,Office Supplies,Storage,Corporate,9,72.18,0,649.62,168.90,2
2024-06-10,West,California,Technology,Phones,Corporate,1,245.90,0,245.90,59.02,4
2024-06-10,East,New York,Furniture,Chairs,Consumer,4,193.20,0,772.80,216.38,2
2024-06-10,West,Washington,Office Supplies,Art,Consumer,2,23.67,0.1,42.61,11.29,5
2024-06-10,Central,Illinois,Furniture,Tables,Consumer,2,285.44,0.1,513.79,2.57,2
2024-06-10,Central,Missouri,Office Supplies,Art,Corporate,2,23.61,0,47.22,18.89,3
2024-06-10,South,North Carolina,Technology,Accessories,Corporate,3,44.92,0.15,114.55,18.04,2
2024-06-10,West,Arizona,Technology,Phones,Consumer,3,205.79,0.1,555.63,58.34,5
2024-06-10,Central,Ohio,Furniture,Chairs,Corporate,3,215.09,0.15,548.48,42.51,6
2024-06-11,East,New York,Technology,Phones,Corporate,3,238.32,0,714.96,171.59,3
2024-06-11,West,Oregon,Furniture,Furnishings,Home Office,3,50.95,0,152.85,51.97,2
2024-06-11,South,Texas,Office Supplies,Binders,Consumer,7,16.52,0.1,104.08,25.50,2
2024-06-11,Central,Minnesota,Office Supplies,Paper,Corporate,2,15.29,0,30.58,12.84,3
2024-06-11,East,New York,Office Supplies,Binders,Consumer,2,18.48,0,36.96,14.04,5
2024-06-11,Central,Missouri,Office Supplies,Storage,Consumer,5,80.09,0,400.45,104.12,3
2024-06-11,South,Texas,Office Supplies,Storage,Home Office,2,62.64,0,125.28,32.57,2
2024-06-11,East,Georgia,Technology,Accessories,Corporate,2,32.28,0,64.56,23.24,3
2024-06-11,West,Colorado,Furniture,Chairs,Corporate,2,177.36,0,354.72,99.32,4
2024-06-11,East,New York,Office Supplies,Paper,Corporate,2,15.87,0,31.74,13.33,4
2024-06-12,East,Virginia,Technology,Accessories,Home Office,3,64.68,0.1,174.64,39.29,2
2024-06-12,Northeast,Massachusetts,Technology,Computers,Corporate,3,801.29,0,2403.87,432.70,7
2024-06-12,West,Oregon,Technology,Phones,Corporate,4,255.13,0,1020.52,244.92,5
2024-06-12,East,Pennsylvania,Office Supplies,Art,Corporate,2,24.43,0.1,43.97,11.65,4
2024-06-12,Central,Minnesota,Technology,Phones,Corporate,5,344.99,0,1724.95,413.99,3
2024-06-12,West,California,Furniture,Tables,Corporate,2,366.90,0,733.80,102.73,2
2024-06-12,West,California,Furniture,Chairs,Consumer,3,170.38,0.15,434.47,33.67,3
2024-06-12,East,Florida,Office Supplies,Binders,Consumer,2,16.94,0,33.88,12.87,5
2024-06-12,Central,Illinois,Office Supplies,Binders,Corporate,4,34.10,0.1,122.76,30.08,4
2024-06-12,West,California,Technology,Accessories,Corporate,3,40.90,0.15,104.29,16.43,4
2024-06-12,East,Pennsylvania,Furniture,Chairs,Corporate,3,206.91,0.1,558.66,81.01,3
2024-06-12,West,California,Technology,Copiers,Consumer,1,1121.45,0.1,1009.31,75.70,3
2024-06-12,South,Texas,Office Supplies,Paper,Consumer,2,12.51,0.15,21.27,4.63,3
2024-06-13,West,Oregon,Technology,Accessories,Consumer,2,39.96,0,79.92,28.77,3
2024-06-13,West,Nevada,Office Supplies,Binders,Consumer,4,19.76,0,79.04,30.04,2
2024-06-13,West,California,Furniture,Tables,Corporate,7,367.25,0,2570.75,359.91,5
2024-06-13,East,Florida,Technology,Phones,Consumer,8,281.02,0.2,1798.53,-53.96,2
2024-06-13,East,Florida,Technology,Phones,Corporate,4,314.93,0,1259.72,302.33,7
2024-06-13,East,New York,Furniture,Bookcases,Consumer,1,130.05,0.3,91.04,-19.57,2
2024-06-13,Central,Minnesota,Furniture,Bookcases,Consumer,9,260.90,0,2348.10,446.14,2
2024-06-13,West,Nevada,Technology,Accessories,Consumer,2,35.23,0,70.46,25.37,2
2024-06-13,East,Florida,Technology,Computers,Corporate,3,696.28,0,2088.84,375.99,2
2024-06-13,West,California,Technology,Phones,Consumer,1,347.54,0,347.54,83.41,8
2024-06-13,West,California,Furniture,Tables,Consumer,13,416.18,0,5410.34,757.45,3
2024-06-13,South,North Carolina,Office Supplies,Binders,Consumer,2,15.15,0.1,27.27,6.68,3
2024-06-14,West,Oregon,Office Supplies,Binders,Consumer,4,20.18,0,80.72,30.67,6
2024-06-14,South,North Carolina,Office Supplies,Binders,Consumer,1,17.14,0,17.14,6.51,2
2024-06-14,Northeast,New Jersey,Office Supplies,Storage,Home Office,7,121.49,0,850.43,221.11,4
2024-06-14,Central,Illinois,Furniture,Tables,Corporate,3,517.38,0,1552.14,217.30,4
2024-06-15,West,Oregon,Technology,Copiers,Home Office,10,1139.21,0.1,10252.89,768.97,7
2024-06-15,West,California,Technology,Accessories,Corporate,2,30.15,0,60.30,21.71,1
2024-06-15,Northeast,New Jersey,Furniture,Chairs,Consumer,2,152.58,0,305.16,85.44,8
2024-06-15,West,California,Technology,Phones,Consumer,1,283.04,0.15,240.58,9.02,5
2024-06-15,East,Georgia,Technology,Copiers,Corporate,2,1194.59,0.1,2150.26,161.27,3
2024-06-15,East,New York,Furniture,Tables,Consumer,1,283.95,0,283.95,39.75,3
2024-06-16,East,Florida,Technology,Accessories,Consumer,2,25.73,0,51.46,18.53,4
2024-06-16,Northeast,Connecticut,Furniture,Tables,Consumer,3,378.07,0,1134.21,158.79,2
2024-06-16,West,Nevada,Technology,Accessories,Consumer,3,46.75,0,140.25,50.49,5
2024-06-17,West,California,Furniture,Tables,Consumer,3,408.08,0.1,1101.82,5.51,9
2024-06-17,South,Alabama,Technology,Accessories,Consumer,2,33.28,0,66.56,23.96,1
2024-06-17,Central,Illinois,Office Supplies,Storage,Consumer,18,57.49,0,1034.82,269.05,4
2024-06-17,West,California,Furniture,Chairs,Consumer,3,194.84,0,584.52,163.67,6
2024-06-17,Central,Michigan,Furniture,Chairs,Consumer,2,191.29,0.1,344.32,49.93,2
2024-06-17,Central,Michigan,Office Supplies,Paper,Consumer,2,12.46,0,24.92,10.47,4
2024-06-17,Central,Missouri,Technology,Phones,Consumer,3,180.74,0.1,488.00,51.24,4
2024-06-17,South,Tennessee,Technology,Phones,Corporate,1,156.86,0,156.86,37.65,2
2024-06-17,West,Colorado,Office Supplies,Binders,Home Office,3,21.82,0,65.46,24.87,1
2024-06-17,Central,Ohio,Office Supplies,Art,Corporate,4,13.61,0.2,43.55,5.66,3
2024-06-17,East,Pennsylvania,Furniture,Bookcases,Corporate,4,103.24,0.2,330.37,-26.43,5
2024-06-17,Central,Illinois,Office Supplies,Binders,Consumer,4,18.19,0,72.76,27.65,5
2024-06-18,Central,Minnesota,Office Supplies,Binders,Corporate,4,14.40,0,57.60,21.89,3
2024-06-18,South,Texas,Furniture,Bookcases,Consumer,2,174.74,0.15,297.06,-3.71,2
2024-06-18,East,New York,Technology,Phones,Home Office,6,210.22,0.1,1135.19,119.19,3
2024-06-18,South,Tennessee,Furniture,Chairs,Consumer,6,266.75,0,1600.50,448.14,5
2024-06-18,Central,Illinois,Furniture,Tables,Consumer,1,274.55,0.1,247.10,1.24,2
2024-06-18,West,Oregon,Office Supplies,Binders,Corporate,8,23.13,0,185.04,70.32,5
2024-06-18,South,North Carolina,Technology,Phones,Corporate,6,243.60,0.1,1315.44,138.12,2
2024-06-18,Central,Illinois,Office Supplies,Art,Corporate,3,29.18,0,87.54,35.02,4
2024-06-18,Central,Ohio,Office Supplies,Paper,Corporate,2,8.64,0.1,15.55,4.43,4
2024-06-19,East,New York,Office Supplies,Storage,Consumer,3,60.94,0.1,164.54,20.57,4
2024-06-19,South,Alabama,Furniture,Bookcases,Home Office,12,136.43,0.15,1391.59,-17.39,3
2024-06-19,West,California,Furniture,Bookcases,Consumer,1,124.54,0,124.54,23.66,6
2024-06-19,Central,Ohio,Furniture,Furnishings,Corporate,4,32.29,0,129.16,43.91,4
2024-06-19,East,Florida,Furniture,Bookcases,Corporate,4,84.45,0.15,287.13,-3.59,3
2024-06-19,West,California,Technology,Phones,Consumer,3,221.17,0,663.51,159.24,3
2024-06-19,West,California,Technology,Accessories,Consumer,4,37.69,0.1,135.68,30.53,2
2024-06-19,East,New York,Office Supplies,Art,Consumer,2,21.16,0.2,33.86,4.40,2
2024-06-20,East,Pennsylvania,Technology,Phones,Consumer,2,207.85,0,415.70,99.77,3
2024-06-20,East,Georgia,Technology,Accessories,Consumer,7,35.93,0.15,213.78,33.67,4
2024-06-20,Northeast,New Jersey,Furniture,Tables,Corporate,6,393.91,0.1,2127.11,10.64,4
2024-06-20,West,Washington,Technology,Accessories,Consumer,3,38.87,0,116.61,41.98,5
2024-06-20,East,New York,Furniture,Chairs,Consumer,2,222.48,0.2,355.97,3.56,2
2024-06-20,South,Alabama,Furniture,Bookcases,Consumer,4,142.33,0,569.32,108.17,1
2024-06-21,Central,Missouri,Furniture,Tables,Consumer,2,425.11,0,850.22,119.03,6
2024-06-21,South,Texas,Furniture,Chairs,Consumer,3,222.82,0,668.46,187.17,3
2024-06-21,Central,Minnesota,Office Supplies,Paper,Consumer,5,9.57,0.1,43.07,12.27,4
2024-06-21,East,Virginia,Office Supplies,Paper,Home Office,4,10.70,0,42.80,17.98,3
2024-06-21,South,North Carolina,Technology,Phones,Consumer,2,237.71,0,475.42,114.10,3
2024-06-21,South,Alabama,Technology,Computers,Consumer,2,747.91,0.1,1346.24,60.58,3
2024-06-21,Northeast,Massachusetts,Technology,Phones,Corporate,3,189.87,0,569.61,136.71,2
2024-06-21,Northeast,Connecticut,Technology,Computers,Consumer,4,679.30,0.1,2445.48,110.05,4
2024-06-22,South,Tennessee,Technology,Computers,Home Office,3,755.07,0.1,2038.69,91.74,3
2024-06-22,West,Arizona,Office Supplies,Binders,Home Office,3,22.75,0.15,58.01,10.30,3
2024-06-22,West,California,Office Supplies,Art,Home Office,1,17.01,0.1,15.31,4.06,6
2024-06-22,West,California,Technology,Accessories,Consumer,2,55.63,0,111.26,40.05,2
2024-06-23,West,Colorado,Office Supplies,Binders,Consumer,3,15.55,0,46.65,17.73,4
2024-06-24,West,Colorado,Furniture,Furnishings,Consumer,3,36.47,0,109.41,37.20,2
2024-06-24,West,Nevada,Furniture,Bookcases,Consumer,9,156.58,0,1409.22,267.75,2
2024-06-24,Central,Michigan,Furniture,Furnishings,Consumer,2,34.20,0,68.40,23.26,5
2024-06-24,West,Arizona,Technology,Phones,Corporate,5,243.84,0.1,1097.28,115.21,6
2024-06-24,West,Washington,Technology,Copiers,Consumer,1,1339.03,0.1,1205.13,90.38,5
2024-06-25,East,Florida,Furniture,Tables,Consumer,2,336.06,0.1,604.91,3.02,3
2024-06-25,West,Arizona,Technology,Accessories,Corporate,4,35.19,0,140.76,50.67,5
2024-06-25,East,New York,Office Supplies,Binders,Consumer,3,12.96,0.2,31.10,3.42,1
2024-06-25,East,Georgia,Office Supplies,Art,Consumer,2,15.13,0.1,27.23,7.22,2
2024-06-25,East,Florida,Office Supplies,Storage,Consumer,2,56.81,0,113.62,29.54,3
2024-06-25,South,Tennessee,Furniture,Furnishings,Consumer,4,39.89,0,159.56,54.25,2
2024-06-25,East,Florida,Furniture,Tables,Consumer,5,379.01,0,1895.05,265.31,2
2024-06-25,East,New York,Technology,Phones,Consumer,2,217.81,0,435.62,104.55,6
2024-06-25,South,Texas,Technology,Copiers,Corporate,7,1159.92,0,8119.44,1705.08,4
2024-06-26,East,New York,Technology,Computers,Home Office,4,714.02,0.1,2570.47,115.67,2
2024-06-26,West,Washington,Technology,Phones,Consumer,14,290.15,0.1,3655.89,383.87,4
2024-06-26,South,North Carolina,Office Supplies,Paper,Corporate,2,10.56,0.1,19.01,5.42,2
2024-06-26,Central,Michigan,Furniture,Tables,Home Office,2,444.09,0.15,754.95,-47.18,3
2024-06-26,Central,Illinois,Technology,Phones,Consumer,1,164.55,0,164.55,39.49,5
2024-06-26,Central,Illinois,Furniture,Tables,Consumer,3,230.84,0.1,623.27,3.12,3
2024-06-26,East,Florida,Technology,Accessories,Home Office,4,32.32,0,129.28,46.54,2
2024-06-26,West,Washington,Technology,Accessories,Consumer,4,41.35,0.15,140.59,22.14,3
2024-06-26,East,Georgia,Furniture,Chairs,Home Office,2,193.92,0,387.84,108.60,6
2024-06-26,Northeast,New Jersey,Office Supplies,Binders,Consumer,3,17.01,0,51.03,19.39,3
2024-06-26,East,Florida,Technology,Copiers,Corporate,3,1400.37,0,4201.11,882.23,4
2024-06-26,South,Texas,Furniture,Furnishings,Consumer,3,47.69,0,143.07,48.64,4
2024-06-26,South,Texas,Office Supplies,Binders,Consumer,5,17.24,0,86.20,32.76,2
2024-06-26,Central,Missouri,Technology,Copiers,Home Office,3,935.92,0,2807.76,589.63,6
2024-06-27,South,Texas,Furniture,Tables,Consumer,5,361.35,0.1,1626.08,8.13,7
2024-06-27,Northeast,Connecticut,Technology,Computers,Corporate,3,852.59,0.1,2301.99,103.59,4
2024-06-27,Central,Michigan,Technology,Computers,Home Office,3,1020.50,0.15,2602.28,-58.55,4
2024-06-27,South,North Carolina,Furniture,Chairs,Consumer,2,228.51,0,457.02,127.97,3
2024-06-27,East,New York,Furniture,Tables,Home Office,6,427.08,0.1,2306.23,11.53,5
2024-06-27,East,Georgia,Technology,Phones,Corporate,2,179.69,0,359.38,86.25,5
2024-06-27,East,Pennsylvania,Furniture,Furnishings,Consumer,1,42.55,0.1,38.30,7.85,4
2024-06-28,West,Nevada,Technology,Accessories,Consumer,4,35.62,0.1,128.23,28.85,2
2024-06-28,Central,Ohio,Office Supplies,Art,Consumer,4,20.39,0.1,73.40,19.45,2
2024-06-28,West,California,Furniture,Furnishings,Corporate,3,47.53,0.1,128.33,26.31,3
2024-06-28,West,California,Office Supplies,Paper,Consumer,5,18.75,0,93.75,39.38,2
2024-06-28,East,Virginia,Office Supplies,Storage,Consumer,3,55.51,0,166.53,43.30,3
2024-06-28,West,California,Furniture,Bookcases,Home Office,3,118.16,0.1,319.03,17.55,3
2024-06-28,East,Florida,Furniture,Furnishings,Consumer,13,49.13,0,638.69,217.15,2
2024-06-28,West,Nevada,Furniture,Tables,Consumer,3,363.29,0.1,980.88,4.90,6
2024-06-28,West,Washington,Technology,Phones,Corporate,5,260.35,0.1,1171.58,123.02,2
2024-06-28,West,Nevada,Furniture,Bookcases,Consumer,1,134.93,0,134.93,25.64,3
2024-06-29,West,California,Furniture,Bookcases,Consumer,1,194.68,0.15,165.48,-2.07,5
2024-06-29,East,Virginia,Office Supplies,Storage,Consumer,1,43.22,0.3,30.25,-4.39,3
2024-06-29,East,Pennsylvania,Office Supplies,Binders,Consumer,3,16.02,0,48.06,18.26,2
2024-06-30,Northeast,Connecticut,Office Supplies,Storage,Consumer,3,69.09,0.1,186.54,23.32,3
2024-06-30,South,Texas,Technology,Computers,Consumer,3,761.02,0,2283.06,410.95,3
2024-06-30,West,Arizona,Office Supplies,Storage,Consumer,3,56.05,0.1,151.33,18.92,3
2024-06-30,West,Nevada,Furniture,Tables,Consumer,7,366.27,0.1,2307.50,11.54,3
2024-06-30,South,Texas,Office Supplies,Binders,Home Office,3,15.26,0.1,41.20,10.09,5
2024-07-01,Central,Minnesota,Office Supplies,Paper,Consumer,2,17.86,0.2,28.58,4.29,3
2024-07-01,East,Pennsylvania,Office Supplies,Art,Consumer,8,29.21,0,233.68,93.47,6
2024-07-01,Central,Illinois,Technology,Computers,Consumer,3,944.72,0,2834.16,510.15,5
2024-07-01,Northeast,Massachusetts,Technology,Computers,Corporate,4,809.81,0.1,2915.32,131.19,3
2024-07-01,East,Virginia,Technology,Accessories,Consumer,3,38.18,0.1,103.09,23.20,6
2024-07-01,East,Virginia,Technology,Phones,Consumer,1,302.33,0,302.33,72.56,3
2024-07-01,East,Florida,Technology,Computers,Consumer,6,674.23,0,4045.38,728.17,2
2024-07-01,East,New York,Technology,Phones,Consumer,1,241.88,0.1,217.69,22.86,8
2024-07-01,West,Washington,Office Supplies,Paper,Corporate,2,12.97,0,25.94,10.89,2
2024-07-01,East,Pennsylvania,Technology,Copiers,Consumer,3,1977.17,0,5931.51,1245.62,7
2024-07-02,West,Washington,Furniture,Bookcases,Consumer,5,106.58,0,532.90,101.25,4
2024-07-02,West,Colorado,Office Supplies,Art,Consumer,3,24.91,0,74.73,29.89,3
2024-07-02,West,California,Technology,Copiers,Corporate,2,1534.52,0,3069.04,644.50,4
2024-07-02,West,Arizona,Office Supplies,Binders,Corporate,4,19.03,0,76.12,28.93,9
2024-07-02,South,Texas,Office Supplies,Art,Corporate,1,17.32,0.15,14.72,2.91,2
2024-07-02,West,California,Furniture,Furnishings,Corporate,5,38.58,0.15,163.96,22.54,2
2024-07-02,South,Louisiana,Office Supplies,Storage,Consumer,1,62.53,0,62.53,16.26,2
2024-07-02,West,Nevada,Furniture,Furnishings,Consumer,5,43.04,0,215.20,73.17,3
2024-07-02,Central,Illinois,Furniture,Chairs,Corporate,3,214.38,0,643.14,180.08,3
2024-07-02,South,Texas,Furniture,Chairs,Corporate,3,202.67,0,608.01,170.24,5
2024-07-03,East,Virginia,Office Supplies,Art,Consumer,3,17.39,0,52.17,20.87,2
2024-07-03,West,California,Technology,Accessories,Corporate,4,33.84,0,135.36,48.73,3
2024-07-03,West,Arizona,Office Supplies,Art,Corporate,3,19.57,0.1,52.84,14.00,6
2024-07-03,South,Texas,Technology,Accessories,Consumer,3,39.15,0.1,105.71,23.78,5
2024-07-03,East,Florida,Office Supplies,Storage,Corporate,5,80.95,0.1,364.28,45.54,2
2024-07-03,Central,Missouri,Technology,Computers,Consumer,1,613.43,0,613.43,110.42,4
2024-07-03,Northeast,Connecticut,Office Supplies,Binders,Consumer,2,15.01,0.2,24.02,2.64,2
2024-07-03,Northeast,Massachusetts,Technology,Phones,Consumer,2,169.73,0.1,305.51,32.08,2
2024-07-04,Central,Michigan,Technology,Computers,Consumer,2,682.98,0.2,1092.77,-98.35,3
2024-07-04,East,Florida,Furniture,Chairs,Corporate,3,241.86,0,725.58,203.16,3
2024-07-04,East,Virginia,Office Supplies,Art,Corporate,2,24.32,0.1,43.78,11.60,5
2024-07-04,South,North Carolina,Technology,Accessories,Home Office,3,25.23,0,75.69,27.25,7
2024-07-04,Northeast,Connecticut,Furniture,Chairs,Consumer,5,232.81,0.1,1047.65,151.91,3
2024-07-04,East,Florida,Furniture,Tables,Consumer,1,252.52,0.2,202.02,-26.26,3
2024-07-04,Central,Ohio,Technology,Computers,Corporate,3,810.27,0,2430.81,437.55,2
2024-07-04,South,Texas,Furniture,Furnishings,Consumer,3,34.56,0,103.68,35.25,3
2024-07-04,West,Oregon,Technology,Phones,Consumer,1,186.79,0,186.79,44.83,4
2024-07-05,East,Georgia,Technology,Computers,Home Office,4,529.06,0,2116.24,380.92,2
2024-07-05,Northeast,Maine,Furniture,Bookcases,Consumer,5,161.66,0,808.30,153.58,3
2024-07-05,West,California,Technology,Accessories,Corporate,2,35.16,0,70.32,25.32,4
2024-07-05,East,Virginia,Office Supplies,Art,Home Office,7,26.02,0,182.14,72.86,2
2024-07-05,Northeast,Connecticut,Furniture,Furnishings,Consumer,3,33.46,0,100.38,34.13,3
2024-07-05,South,Louisiana,Technology,Computers,Corporate,4,628.03,0,2512.12,452.18,3
2024-07-05,East,Virginia,Technology,Copiers,Home Office,2,1532.39,0.1,2758.30,206.87,4
2024-07-05,Northeast,Massachusetts,Office Supplies,Paper,Consumer,7,10.94,0.1,68.92,19.64,3
2024-07-05,Central,Ohio,Furniture,Furnishings,Consumer,4,65.39,0.1,235.40,48.26,3
2024-07-06,West,California,Furniture,Bookcases,Consumer,4,129.05,0.15,438.77,-5.48,4
2024-07-06,Northeast,New Jersey,Furniture,Bookcases,Corporate,4,183.10,0,732.40,139.16,3
2024-07-06,Northeast,Massachusetts,Office Supplies,Paper,Consumer,2,11.06,0.1,19.91,5.67,3
2024-07-06,Central,Illinois,Furniture,Chairs,Home Office,5,195.06,0,975.30,273.08,5
2024-07-06,West,California,Office Supplies,Art,Consumer,1,24.68,0.3,17.28,-0.09,2
2024-07-07,West,Arizona,Technology,Phones,Consumer,2,185.11,0,370.22,88.85,3
2024-07-08,West,California,Office Supplies,Binders,Consumer,2,29.78,0,59.56,22.63,5
2024-07-08,East,Virginia,Office Supplies,Storage,Home Office,4,91.21,0.2,291.87,-2.92,2
2024-07-08,East,Georgia,Office Supplies,Binders,Consumer,2,29.20,0,58.40,22.19,3
2024-07-08,West,Nevada,Furniture,Bookcases,Corporate,3,149.16,0.2,357.98,-28.64,4
2024-07-08,East,Florida,Office Supplies,Paper,Consumer,4,16.96,0.1,61.06,17.40,7
2024-07-08,South,North Carolina,Technology,Phones,Consumer,1,214.41,0,214.41,51.46,2
2024-07-08,West,Washington,Office Supplies,Storage,Home Office,9,110.59,0,995.31,258.78,6
2024-07-08,West,Washington,Furniture,Tables,Corporate,8,269.55,0,2156.40,301.90,2
2024-07-08,East,Georgia,Technology,Accessories,Consumer,2,31.35,0,62.70,22.57,3
2024-07-08,West,Oregon,Technology,Phones,Corporate,2,326.28,0,652.56,156.61,3
2024-07-08,Northeast,Massachusetts,Technology,Phones,Consumer,3,154.40,0.1,416.88,43.77,5
2024-07-09,West,California,Technology,Phones,Consumer,3,246.96,0.15,629.75,23.62,2
2024-07-09,Central,Michigan,Furniture,Furnishings,Consumer,1,43.00,0.15,36.55,5.03,5
2024-07-09,Central,Missouri,Office Supplies,Paper,Consumer,1,11.20,0,11.20,4.70,5
2024-07-09,West,Oregon,Technology,Phones,Home Office,3,206.35,0.15,526.19,19.73,3
2024-07-09,South,Louisiana,Furniture,Tables,Corporate,6,328.46,0.1,1773.68,8.87,7
2024-07-09,West,Oregon,Office Supplies,Binders,Consumer,2,16.89,0.1,30.40,7.45,2
2024-07-10,Central,Michigan,Technology,Copiers,Consumer,1,1094.69,0,1094.69,229.88,4
2024-07-10,West,Arizona,Office Supplies,Art,Consumer,5,23.37,0,116.85,46.74,3
2024-07-10,South,Texas,Technology,Phones,Consumer,1,218.38,0.3,152.87,-25.22,2
2024-07-10,West,California,Office Supplies,Binders,Consumer,2,14.76,0,29.52,11.22,3
2024-07-10,West,Washington,Technology,Computers,Corporate,3,863.57,0,2590.71,466.33,3
2024-07-10,East,Georgia,Furniture,Chairs,Corporate,1,249.64,0,249.64,69.90,2
2024-07-10,East,Virginia,Technology,Phones,Corporate,10,272.75,0,2727.50,654.60,3
2024-07-10,West,Washington,Technology,Copiers,Corporate,6,1780.83,0,10684.98,2243.85,2
2024-07-10,Central,Michigan,Technology,Accessories,Corporate,8,52.98,0.1,381.46,85.83,3
2024-07-10,East,Virginia,Technology,Copiers,Consumer,9,1964.65,0,17681.85,3713.19,6
2024-07-11,Central,Missouri,Furniture,Furnishings,Corporate,8,70.70,0.2,452.48,31.67,4
2024-07-11,West,California,Technology,Accessories,Consumer,7,29.21,0,204.47,73.61,3
2024-07-11,Central,Illinois,Furniture,Chairs,Corporate,2,205.69,0.2,329.10,3.29,3
2024-07-11,East,Pennsylvania,Technology,Phones,Consumer,3,243.00,0,729.00,174.96,3
2024-07-11,East,Florida,Technology,Copiers,Home Office,3,1135.70,0.1,3066.39,229.98,4
2024-07-11,East,Virginia,Office Supplies,Binders,Consumer,3,18.81,0,56.43,21.44,2
2024-07-11,West,California,Furniture,Chairs,Corporate,2,219.27,0,438.54,122.79,2
2024-07-11,West,Nevada,Technology,Copiers,Consumer,4,1466.91,0.1,5280.88,396.07,3
2024-07-11,Central,Michigan,Technology,Computers,Consumer,6,955.19,0,5731.14,1031.61,10
2024-07-11,West,Colorado,Office Supplies,Art,Corporate,1,23.49,0,23.49,9.40,10
2024-07-11,South,Alabama,Furniture,Tables,Home Office,1,251.93,0,251.93,35.27,4
2024-07-11,East,New York,Office Supplies,Storage,Consumer,6,50.33,0,301.98,78.51,3
2024-07-12,South,Texas,Technology,Computers,Corporate,3,682.57,0.15,1740.55,-39.16,2
2024-07-12,West,Washington,Technology,Phones,Consumer,2,285.07,0,570.14,136.83,4
2024-07-12,South,Alabama,Furniture,Chairs,Corporate,2,158.15,0.15,268.86,20.84,6
2024-07-12,West,California,Technology,Phones,Corporate,8,266.22,0.2,1703.81,-51.11,4
2024-07-12,East,Georgia,Technology,Accessories,Consumer,5,39.90,0.1,179.55,40.40,2
2024-07-12,East,Florida,Technology,Computers,Consumer,9,879.57,0,7916.13,1424.90,5
2024-07-12,Central,Illinois,Technology,Phones,Consumer,1,263.34,0.15,223.84,8.39,3
2024-07-12,East,Pennsylvania,Office Supplies,Paper,Home Office,4,13.94,0,55.76,23.42,6
2024-07-12,South,Alabama,Technology,Phones,Consumer,2,255.75,0.1,460.35,48.34,3
2024-07-12,West,Washington,Technology,Accessories,Corporate,4,24.71,0,98.84,35.58,2
2024-07-12,West,Nevada,Technology,Phones,Corporate,6,245.37,0.1,1325.00,139.12,4
2024-07-12,West,Nevada,Furniture,Furnishings,Consumer,3,45.24,0,135.72,46.14,2
2024-07-12,East,Georgia,Furniture,Chairs,Corporate,1,266.21,0,266.21,74.54,4
2024-07-12,South,North Carolina,Technology,Phones,Consumer,1,196.06,0.3,137.24,-22.64,4
2024-07-13,West,Washington,Furniture,Tables,Corporate,3,417.75,0,1253.25,175.46,3
2024-07-13,West,Washington,Furniture,Chairs,Home Office,1,312.99,0,312.99,87.64,4
2024-07-13,West,California,Office Supplies,Storage,Corporate,3,62.69,0,188.07,48.90,6
2024-07-13,South,Alabama,Office Supplies,Art,Consumer,1,14.14,0.2,11.31,1.47,2
2024-07-14,West,California,Technology,Phones,Consumer,17,241.20,0.15,3485.34,130.70,2
2024-07-14,West,Oregon,Technology,Phones,Home Office,4,264.63,0.2,846.82,-25.40,2
2024-07-14,East,New York,Furniture,Bookcases,Consumer,6,142.19,0.1,767.83,42.23,1
2024-07-14,East,Florida,Technology,Accessories,Consumer,1,30.46,0.2,24.37,2.19,5
2024-07-15,West,California,Office Supplies,Binders,Consumer,5,17.64,0.1,79.38,19.45,3
2024-07-15,West,California,Furniture,Bookcases,Corporate,1,333.88,0,333.88,63.44,3
2024-07-15,East,Georgia,Furniture,Chairs,Consumer,7,220.52,0.2,1234.91,12.35,3
2024-07-15,West,California,Technology,Computers,Consumer,3,1248.35,0.15,3183.29,-71.62,3
2024-07-15,West,California,Office Supplies,Binders,Home Office,3,19.08,0,57.24,21.75,1
2024-07-15,Central,Michigan,Office Supplies,Binders,Corporate,2,22.49,0.1,40.48,9.92,5
2024-07-15,West,Washington,Office Supplies,Art,Consumer,3,25.33,0,75.99,30.40,2
2024-07-15,East,Pennsylvania,Technology,Copiers,Consumer,3,1644.98,0,4934.94,1036.34,4
2024-07-15,West,Arizona,Furniture,Chairs,Home Office,5,246.90,0,1234.50,345.66,2
2024-07-16,Central,Missouri,Technology,Copiers,Corporate,6,1697.14,0.1,9164.56,687.34,2
2024-07-16,Central,Missouri,Technology,Accessories,Corporate,4,30.61,0.1,110.20,24.80,4
2024-07-16,East,Florida,Furniture,Chairs,Consumer,2,131.75,0,263.50,73.78,3
2024-07-16,West,California,Furniture,Chairs,Corporate,2,135.40,0,270.80,75.82,6
2024-07-16,West,California,Technology,Computers,Consumer,4,803.73,0.1,2893.43,130.20,1
2024-07-16,East,Pennsylvania,Furniture,Tables,Home Office,2,348.20,0.15,591.94,-37.00,4
2024-07-16,Central,Illinois,Office Supplies,Paper,Consumer,1,10.49,0.2,8.39,1.26,1
2024-07-16,West,Nevada,Technology,Computers,Consumer,9,1025.57,0.2,7384.10,-664.57,3
2024-07-16,West,California,Technology,Accessories,Consumer,1,40.24,0,40.24,14.49,5
2024-07-16,Central,Illinois,Office Supplies,Paper,Corporate,6,12.48,0.15,63.65,13.84,2
2024-07-17,West,Washington,Technology,Phones,Consumer,2,210.99,0,421.98,101.28,3
2024-07-17,East,Virginia,Technology,Computers,Home Office,7,1005.27,0,7036.89,1266.64,3
2024-07-17,East,Georgia,Office Supplies,Binders,Consumer,5,14.66,0,73.30,27.85,4
2024-07-17,Central,Michigan,Furniture,Bookcases,Consumer,4,200.16,0,800.64,152.12,1
2024-07-17,West,Arizona,Furniture,Bookcases,Consumer,6,193.15,0.1,1043.01,57.37,2
2024-07-17,Central,Michigan,Technology,Phones,Consumer,4,231.64,0,926.56,222.37,2
2024-07-17,Central,Ohio,Office Supplies,Paper,Corporate,2,8.70,0.1,15.66,4.46,2
2024-07-17,Central,Michigan,Technology,Computers,Consumer,2,812.56,0,1625.12,292.52,3
2024-07-17,West,California,Office Supplies,Binders,Corporate,4,24.42,0,97.68,37.12,3
2024-07-17,Central,Michigan,Furniture,Tables,Corporate,5,263.19,0.15,1118.56,-69.91,3
2024-07-17,West,Oregon,Technology,Computers,Corporate,7,993.94,0,6957.58,1252.36,2
2024-07-17,Northeast,Connecticut,Technology,Accessories,Consumer,4,28.10,0,112.40,40.46,2
2024-07-17,West,California,Furniture,Chairs,Consumer,5,227.18,0.15,965.52,74.83,5
2024-07-18,Northeast,New Jersey,Office Supplies,Paper,Consumer,2,12.48,0.1,22.46,6.40,2
2024-07-18,South,Tennessee,Technology,Computers,Corporate,1,937.73,0,937.73,168.79,4
2024-07-18,South,Tennessee,Office Supplies,Paper,Consumer,2,8.63,0.15,14.67,3.19,4
2024-07-18,West,California,Technology,Phones,Consumer,13,357.90,0,4652.70,1116.65,3
2024-07-18,East,Georgia,Furniture,Bookcases,Home Office,4,117.18,0,468.72,89.06,3
2024-07-18,Central,Minnesota,Technology,Phones,Consumer,9,279.93,0,2519.37,604.65,5
2024-07-18,East,Virginia,Technology,Phones,Consumer,2,197.12,0.15,335.10,12.57,2
2024-07-18,West,Washington,Furniture,Tables,Corporate,1,334.27,0,334.27,46.80,2
2024-07-18,Central,Illinois,Furniture,Bookcases,Corporate,2,204.57,0.1,368.23,20.25,2
2024-07-18,Northeast,Massachusetts,Office Supplies,Paper,Home Office,2,15.73,0.15,26.74,5.82,1
2024-07-18,South,Texas,Furniture,Chairs,Consumer,5,229.55,0,1147.75,321.37,3
2024-07-18,East,New York,Office Supplies,Art,Home Office,11,35.96,0.3,276.89,-1.38,6
2024-07-19,East,Pennsylvania,Furniture,Chairs,Corporate,2,306.38,0,612.76,171.57,8
2024-07-19,East,Pennsylvania,Office Supplies,Storage,Consumer,2,64.85,0.15,110.24,6.34,4
2024-07-19,Central,Ohio,Office Supplies,Paper,Consumer,2,9.03,0.1,16.25,4.63,2
2024-07-19,South,Louisiana,Furniture,Chairs,Consumer,3,254.78,0.1,687.91,99.75,5
2024-07-19,East,Georgia,Furniture,Bookcases,Consumer,8,168.15,0,1345.20,255.59,4
2024-07-19,West,California,Technology,Copiers,Consumer,1,1650.61,0,1650.61,346.63,7
2024-07-19,Central,Illinois,Furniture,Furnishings,Consumer,2,43.79,0,87.58,29.78,6
2024-07-19,Northeast,Maine,Furniture,Tables,Home Office,2,253.22,0,506.44,70.90,3
2024-07-19,Northeast,Maine,Furniture,Tables,Corporate,2,339.52,0.1,611.14,3.06,2
2024-07-20,Central,Illinois,Furniture,Chairs,Consumer,3,303.47,0.1,819.37,118.81,2
2024-07-20,West,Oregon,Technology,Phones,Consumer,2,329.19,0.2,526.70,-15.80,4
2024-07-20,West,Arizona,Furniture,Furnishings,Corporate,5,36.32,0.1,163.44,33.51,5
2024-07-20,South,North Carolina,Technology,Copiers,Consumer,1,1509.57,0.2,1207.66,-72.46,3
2024-07-21,South,Alabama,Office Supplies,Art,Consumer,5,23.46,0.2,93.84,12.20,2
2024-07-21,West,California,Office Supplies,Binders,Corporate,3,20.68,0,62.04,23.58,2
2024-07-21,East,Virginia,Office Supplies,Art,Consumer,5,28.61,0,143.05,57.22,2
2024-07-22,East,New York,Furniture,Tables,Corporate,4,334.05,0,1336.20,187.07,4
2024-07-22,East,Florida,Furniture,Bookcases,Corporate,7,244.38,0,1710.66,325.03,7
2024-07-22,Central,Michigan,Furniture,Furnishings,Consumer,1,52.87,0.1,47.58,9.75,5
2024-07-22,West,Oregon,Technology,Computers,Corporate,3,946.54,0.1,2555.66,115.00,5
2024-07-22,East,Virginia,Office Supplies,Binders,Consumer,14,25.41,0.2,284.59,31.30,3
2024-07-23,East,Georgia,Technology,Computers,Consumer,3,1219.54,0.2,2926.90,-263.42,4
2024-07-23,South,Louisiana,Technology,Accessories,Corporate,4,61.38,0,245.52,88.39,2
2024-07-23,East,Pennsylvania,Technology,Phones,Corporate,1,246.04,0,246.04,59.05,4
2024-07-23,South,Tennessee,Technology,Computers,Corporate,4,794.95,0.2,2543.84,-228.95,3
2024-07-23,West,Colorado,Technology,Computers,Consumer,2,521.28,0.1,938.30,42.22,4
2024-07-23,Central,Ohio,Office Supplies,Art,Consumer,2,21.87,0.1,39.37,10.43,2
2024-07-23,East,Georgia,Furniture,Chairs,Consumer,3,204.18,0.1,551.29,79.94,5
2024-07-23,West,California,Technology,Phones,Consumer,4,220.93,0.2,706.98,-21.21,5
2024-07-23,Central,Ohio,Technology,Accessories,Corporate,2,30.74,0,61.48,22.13,2
2024-07-23,Central,Illinois,Office Supplies,Art,Corporate,4,24.70,0.15,83.98,16.59,2
2024-07-23,West,Washington,Office Supplies,Storage,Corporate,3,88.06,0,264.18,68.69,2
2024-07-23,East,New York,Furniture,Tables,Corporate,2,400.47,0.1,720.85,3.60,1
2024-07-23,West,California,Furniture,Bookcases,Consumer,6,180.87,0.1,976.70,53.72,4
2024-07-24,West,California,Office Supplies,Paper,Consumer,9,14.67,0.2,105.62,15.84,4
2024-07-24,Central,Missouri,Technology,Copiers,Consumer,9,2292.05,0,20628.45,4331.97,4
2024-07-24,West,Oregon,Technology,Phones,Corporate,4,183.62,0,734.48,176.28,3
2024-07-24,East,New York,Furniture,Chairs,Home Office,3,161.97,0,485.91,136.05,2
2024-07-24,South,Texas,Office Supplies,Art,Corporate,2,18.05,0.1,32.49,8.61,3
2024-07-24,West,Washington,Technology,Computers,Consumer,12,852.44,0.1,9206.35,414.29,3
2024-07-24,West,Colorado,Furniture,Furnishings,Consumer,8,52.15,0,417.20,141.85,4
2024-07-24,South,Tennessee,Office Supplies,Paper,Consumer,1,11.58,0.15,9.84,2.14,3
2024-07-24,East,Virginia,Furniture,Furnishings,Corporate,2,55.46,0,110.92,37.71,2
2024-07-24,East,New York,Office Supplies,Paper,Home Office,6,14.40,0,86.40,36.29,4
2024-07-24,West,California,Technology,Accessories,Consumer,2,27.90,0,55.80,20.09,5
2024-07-24,Central,Michigan,Office Supplies,Storage,Corporate,2,41.04,0,82.08,21.34,4
2024-07-24,South,Texas,Technology,Phones,Corporate,1,198.30,0,198.30,47.59,3
2024-07-25,Central,Illinois,Furniture,Furnishings,Corporate,6,41.63,0,249.78,84.93,4
2024-07-25,South,Texas,Office Supplies,Storage,Corporate,9,75.14,0,676.26,175.83,7
2024-07-25,West,Washington,Technology,Accessories,Consumer,20,34.49,0,689.80,248.33,4
2024-07-25,South,Texas,Office Supplies,Art,Consumer,6,14.58,0,87.48,34.99,3
2024-07-25,East,Florida,Furniture,Furnishings,Corporate,1,42.50,0,42.50,14.45,4
2024-07-25,West,California,Furniture,Furnishings,Corporate,3,35.05,0.3,73.60,-4.78,3
2024-07-25,West,California,Office Supplies,Storage,Corporate,5,51.37,0,256.85,66.78,4
2024-07-25,East,Florida,Technology,Computers,Consumer,13,590.16,0,7672.08,1380.97,3
2024-07-25,West,Oregon,Furniture,Chairs,Home Office,3,187.53,0,562.59,157.53,2
2024-07-25,Central,Ohio,Furniture,Furnishings,Consumer,4,44.57,0.1,160.45,32.89,2
2024-07-25,South,Alabama,Technology,Phones,Consumer,14,238.20,0.1,3001.32,315.14,4
2024-07-26,East,New York,Office Supplies,Storage,Consumer,5,69.27,0,346.35,90.05,2
2024-07-26,West,Arizona,Technology,Copiers,Corporate,3,1468.76,0.2,3525.02,-211.50,5
2024-07-26,West,Oregon,Office Supplies,Art,Corporate,1,20.46,0.15,17.39,3.43,4
2024-07-26,East,New York,Furniture,Bookcases,Consumer,2,139.21,0,278.42,52.90,3
2024-07-26,Central,Missouri,Technology,Phones,Consumer,6,229.59,0,1377.54,330.61,4
2024-07-27,West,California,Technology,Copiers,Consumer,5,1332.83,0.2,5331.32,-319.88,2
2024-07-27,Northeast,Connecticut,Technology,Phones,Consumer,1,229.85,0,229.85,55.16,3
2024-07-27,Northeast,Massachusetts,Furniture,Chairs,Consumer,1,163.88,0.1,147.49,21.39,7
2024-07-27,South,Alabama,Office Supplies,Art,Consumer,2,17.30,0.1,31.14,8.25,2
2024-07-27,East,Georgia,Technology,Computers,Corporate,2,831.93,0,1663.86,299.49,3
2024-07-28,East,Georgia,Furniture,Furnishings,Consumer,3,91.75,0,275.25,93.59,2
2024-07-28,West,Colorado,Office Supplies,Art,Consumer,1,19.42,0,19.42,7.77,4
2024-07-29,Central,Minnesota,Furniture,Bookcases,Corporate,1,188.24,0,188.24,35.77,6
2024-07-29,East,Florida,Furniture,Chairs,Corporate,2,200.05,0.1,360.09,52.21,6
2024-07-29,East,Pennsylvania,Furniture,Furnishings,Consumer,1,48.09,0,48.09,16.35,2
2024-07-30,West,California,Furniture,Chairs,Home Office,3,245.60,0,736.80,206.30,3
2024-07-30,East,Florida,Technology,Computers,Corporate,3,750.33,0.15,1913.34,-43.05,5
2024-07-30,West,Washington,Office Supplies,Art,Consumer,3,32.93,0.15,83.97,16.58,4
2024-07-30,West,Washington,Technology,Phones,Corporate,1,223.50,0.1,201.15,21.12,5
2024-07-30,East,New York,Furniture,Chairs,Home Office,1,204.61,0.15,173.92,13.48,4
2024-07-30,West,Washington,Office Supplies,Storage,Consumer,7,47.26,0.2,264.66,-2.65,4
2024-07-30,East,New York,Office Supplies,Paper,Corporate,3,10.06,0.2,24.14,3.62,2
2024-07-30,Central,Missouri,Furniture,Furnishings,Consumer,4,73.62,0,294.48,100.12,3
2024-07-30,West,Nevada,Office Supplies,Storage,Consumer,3,55.68,0.1,150.34,18.79,2
2024-07-30,Northeast,Massachusetts,Technology,Accessories,Consumer,4,41.66,0.15,141.64,22.31,3
2024-07-31,Central,Michigan,Furniture,Furnishings,Consumer,1,47.73,0.1,42.96,8.81,5
2024-07-31,Central,Illinois,Furniture,Bookcases,Corporate,2,119.44,0,238.88,45.39,4
2024-07-31,Central,Ohio,Technology,Computers,Home Office,4,897.52,0,3590.08,646.21,3
2024-07-31,Central,Missouri,Office Supplies,Storage,Consumer,9,59.97,0.15,458.77,26.38,2
2024-07-31,South,North Carolina,Furniture,Furnishings,Consumer,2,44.68,0.15,75.96,10.44,4
2024-07-31,East,Florida,Technology,Computers,Consumer,6,683.42,0.2,3280.42,-295.24,3
2024-07-31,East,New York,Technology,Phones,Corporate,4,225.56,0,902.24,216.54,10
2024-07-31,West,California,Furniture,Furnishings,Home Office,3,50.06,0.15,127.65,17.55,3
2024-07-31,East,New York,Furniture,Chairs,Consumer,2,171.74,0.1,309.13,44.82,2
2024-08-01,Central,Ohio,Technology,Computers,Home Office,1,782.02,0,782.02,140.76,3
2024-08-01,West,Oregon,Office Supplies,Binders,Corporate,5,15.30,0.1,68.85,16.87,4
2024-08-01,West,Oregon,Technology,Phones,Corporate,1,325.53,0.2,260.42,-7.81,3
2024-08-01,West,California,Technology,Phones,Corporate,1,240.59,0.1,216.53,22.74,3
2024-08-01,East,Pennsylvania,Technology,Phones,Consumer,4,228.63,0,914.52,219.48,4
2024-08-01,East,New York,Furniture,Bookcases,Home Office,2,185.63,0,371.26,70.54,6
2024-08-02,East,Georgia,Furniture,Furnishings,Corporate,4,51.35,0.1,184.86,37.90,4
2024-08-02,West,Nevada,Office Supplies,Binders,Consumer,9,28.19,0.1,228.34,55.94,2
2024-08-02,West,Washington,Office Supplies,Binders,Corporate,7,17.86,0,125.02,47.51,4
2024-08-03,Central,Minnesota,Office Supplies,Art,Consumer,2,11.29,0.1,20.32,5.38,7
2024-08-03,Central,Michigan,Office Supplies,Paper,Corporate,2,25.88,0.15,44.00,9.57,5
2024-08-03,West,Washington,Furniture,Furnishings,Consumer,1,63.12,0,63.12,21.46,7
2024-08-04,Central,Michigan,Furniture,Furnishings,Home Office,3,34.80,0,104.40,35.50,2
2024-08-04,East,New York,Office Supplies,Storage,Consumer,6,39.20,0.15,199.92,11.50,2
2024-08-04,East,New York,Furniture,Chairs,Consumer,5,137.59,0,687.95,192.63,3
2024-08-05,Northeast,Connecticut,Office Supplies,Binders,Consumer,5,21.09,0,105.45,40.07,2
2024-08-05,Central,Michigan,Office Supplies,Paper,Corporate,3,12.46,0,37.38,15.70,3
2024-08-05,East,Pennsylvania,Technology,Phones,Corporate,1,190.65,0.1,171.59,18.02,2
2024-08-05,East,New York,Office Supplies,Binders,Corporate,4,20.79,0.1,74.84,18.34,5
2024-08-05,South,Texas,Furniture,Bookcases,Consumer,2,170.17,0,340.34,64.66,4
2024-08-05,West,California,Office Supplies,Storage,Corporate,4,79.35,0,317.40,82.52,2
2024-08-05,Central,Ohio,Furniture,Bookcases,Consumer,2,181.51,0,363.02,68.97,2
2024-08-05,West,Oregon,Technology,Computers,Home Office,3,754.30,0,2262.90,407.32,7
2024-08-05,Central,Minnesota,Furniture,Chairs,Corporate,12,325.20,0,3902.40,1092.67,6
2024-08-06,South,Tennessee,Technology,Computers,Corporate,2,1001.55,0,2003.10,360.56,2
2024-08-06,West,California,Office Supplies,Paper,Consumer,1,8.49,0,8.49,3.57,3
2024-08-06,West,California,Furniture,Bookcases,Consumer,8,208.16,0,1665.28,316.40,3
2024-08-06,South,Texas,Technology,Accessories,Corporate,6,30.56,0,183.36,66.01,3
2024-08-06,Central,Minnesota,Technology,Computers,Consumer,2,653.33,0.1,1175.99,52.92,3
2024-08-06,Central,Illinois,Technology,Copiers,Corporate,6,1494.52,0,8967.12,1883.10,6
2024-08-06,South,North Carolina,Furniture,Tables,Corporate,2,397.85,0.2,636.56,-82.75,3
2024-08-07,West,California,Technology,Accessories,Corporate,1,44.47,0,44.47,16.01,4
2024-08-07,South,Texas,Furniture,Furnishings,Consumer,2,53.08,0.15,90.24,12.41,7
2024-08-07,Central,Ohio,Technology,Accessories,Corporate,5,33.16,0,165.80,59.69,2
2024-08-07,West,Washington,Office Supplies,Art,Consumer,9,28.04,0,252.36,100.94,1
2024-08-07,Central,Missouri,Furniture,Furnishings,Consumer,3,49.66,0,148.98,50.65,4
2024-08-07,East,Georgia,Technology,Accessories,Home Office,7,26.34,0.1,165.94,37.34,3
2024-08-07,West,California,Office Supplies,Storage,Consumer,4,91.45,0,365.80,95.11,4
2024-08-08,East,Florida,Technology,Computers,Consumer,3,907.63,0,2722.89,490.12,3
2024-08-08,Northeast,Massachusetts,Office Supplies,Paper,Consumer,5,15.93,0.2,63.72,9.56,3
2024-08-08,West,California,Furniture,Furnishings,Home Office,5,46.25,0,231.25,78.63,5
2024-08-08,West,California,Furniture,Chairs,Home Office,5,254.24,0.1,1144.08,165.89,3
2024-08-08,Central,Illinois,Office Supplies,Storage,Consumer,3,50.90,0,152.70,39.70,4
2024-08-09,Northeast,Massachusetts,Technology,Phones,Consumer,4,217.60,0.2,696.32,-20.89,2
2024-08-09,West,Arizona,Technology,Phones,Consumer,1,145.53,0.1,130.98,13.75,3
2024-08-09,Central,Illinois,Technology,Phones,Consumer,3,242.13,0,726.39,174.33,9
2024-08-09,East,New York,Furniture,Tables,Consumer,2,327.77,0,655.54,91.78,3
2024-08-09,Central,Illinois,Technology,Accessories,Corporate,3,30.25,0,90.75,32.67,4
2024-08-09,Central,Illinois,Furniture,Tables,Corporate,2,313.73,0,627.46,87.84,3
2024-08-10,East,Florida,Furniture,Tables,Corporate,4,321.20,0,1284.80,179.87,4
2024-08-10,South,Alabama,Technology,Copiers,Consumer,3,1320.86,0,3962.58,832.14,3
2024-08-11,East,Florida,Technology,Phones,Consumer,11,371.30,0.15,3471.66,130.19,2
2024-08-11,West,Washington,Office Supplies,Art,Home Office,3,20.50,0,61.50,24.60,5
2024-08-11,South,North Carolina,Furniture,Furnishings,Consumer,4,32.28,0.1,116.21,23.82,4
2024-08-11,Central,Minnesota,Furniture,Bookcases,Corporate,2,164.64,0.1,296.35,16.30,4
2024-08-12,Central,Illinois,Furniture,Bookcases,Consumer,3,184.30,0,552.90,105.05,4
2024-08-12,West,California,Furniture,Chairs,Home Office,3,184.21,0.1,497.37,72.12,3
2024-08-12,West,Washington,Furniture,Tables,Consumer,1,317.69,0.2,254.15,-33.04,2
2024-08-12,South,Louisiana,Furniture,Chairs,Corporate,1,145.06,0,145.06,40.62,2
2024-08-12,East,Florida,Technology,Phones,Corporate,5,319.55,0.1,1437.98,150.99,3
2024-08-12,Central,Missouri,Office Supplies,Storage,Consumer,2,64.23,0,128.46,33.40,5
2024-08-12,East,New York,Technology,Computers,Consumer,3,654.91,0,1964.73,353.65,2
2024-08-12,South,North Carolina,Office Supplies,Binders,Consumer,2,18.88,0,37.76,14.35,3
2024-08-12,South,Texas,Technology,Accessories,Consumer,3,34.34,0,103.02,37.09,8
2024-08-12,South,North Carolina,Technology,Phones,Consumer,2,213.07,0.1,383.53,40.27,2
2024-08-13,West,Arizona,Technology,Computers,Consumer,5,632.24,0.2,2528.96,-227.61,8
2024-08-13,East,New York,Furniture,Tables,Corporate,2,312.31,0,624.62,87.45,6
2024-08-13,Central,Ohio,Technology,Computers,Corporate,3,635.57,0.15,1620.70,-36.47,2
2024-08-13,West,Arizona,Technology,Accessories,Corporate,5,48.68,0.3,170.38,-7.67,1
2024-08-13,West,California,Technology,Phones,Corporate,2,213.96,0.1,385.13,40.44,3
2024-08-13,East,New York,Furniture,Furnishings,Home Office,3,60.97,0,182.91,62.19,5
2024-08-13,West,Arizona,Technology,Copiers,Corporate,4,1367.72,0.15,4650.25,34.88,3
2024-08-13,Central,Minnesota,Office Supplies,Storage,Corporate,1,51.13,0.1,46.02,5.75,3
2024-08-13,Central,Ohio,Furniture,Bookcases,Corporate,5,216.87,0.2,867.48,-69.40,3
2024-08-13,Northeast,New Jersey,Office Supplies,Binders,Corporate,3,18.10,0.1,48.87,11.97,4
2024-08-13,Central,Michigan,Furniture,Tables,Consumer,4,329.78,0,1319.12,184.68,3
2024-08-13,Central,Illinois,Furniture,Furnishings,Consumer,20,36.61,0,732.20,248.95,3
2024-08-14,West,California,Furniture,Chairs,Consumer,2,298.88,0.1,537.98,78.01,3
2024-08-14,Northeast,New Jersey,Furniture,Tables,Consumer,2,360.82,0,721.64,101.03,3
2024-08-14,East,New York,Technology,Copiers,Consumer,4,1826.26,0,7305.04,1534.06,6
2024-08-14,East,Pennsylvania,Technology,Phones,Consumer,3,306.62,0.1,827.87,86.93,1
2024-08-14,Central,Missouri,Furniture,Chairs,Consumer,10,266.80,0,2668.00,747.04,2
2024-08-14,Central,Ohio,Furniture,Furnishings,Consumer,4,52.53,0.3,147.08,-9.56,9
2024-08-15,Northeast,Massachusetts,Technology,Copiers,Corporate,5,1489.25,0,7446.25,1563.71,5
2024-08-15,Northeast,New Jersey,Office Supplies,Paper,Corporate,3,12.24,0,36.72,15.42,2
2024-08-15,East,Pennsylvania,Technology,Copiers,Consumer,5,1384.26,0,6921.30,1453.47,4
2024-08-15,West,California,Office Supplies,Binders,Corporate,2,11.36,0.1,20.45,5.01,4
2024-08-15,West,California,Furniture,Bookcases,Consumer,9,150.61,0.15,1152.17,-14.40,2
2024-08-15,West,Washington,Office Supplies,Paper,Consumer,5,13.36,0.1,60.12,17.13,3
2024-08-15,East,Virginia,Technology,Computers,Consumer,6,1089.49,0,6536.94,1176.65,3
2024-08-15,Central,Illinois,Furniture,Bookcases,Consumer,2,144.47,0,288.94,54.90,5
2024-08-15,South,Texas,Furniture,Chairs,Corporate,2,148.38,0.1,267.08,38.73,6
2024-08-15,Northeast,New Jersey,Technology,Computers,Consumer,2,653.36,0.1,1176.05,52.92,3
2024-08-16,West,Washington,Technology,Accessories,Consumer,7,35.53,0,248.71,89.54,1
2024-08-16,West,California,Technology,Accessories,Corporate,4,55.09,0.1,198.32,44.62,5
2024-08-16,South,Tennessee,Furniture,Chairs,Consumer,2,201.25,0.2,322.00,3.22,4
2024-08-16,East,Pennsylvania,Furniture,Chairs,Home Office,3,198.63,0,595.89,166.85,4
2024-08-16,East,Virginia,Technology,Computers,Home Office,8,1437.84,0.2,9202.18,-828.20,4
2024-08-16,West,Washington,Furniture,Bookcases,Corporate,4,170.64,0,682.56,129.69,3
2024-08-16,Central,Illinois,Technology,Computers,Consumer,3,1025.58,0.15,2615.23,-58.84,2
2024-08-16,South,Tennessee,Technology,Phones,Home Office,6,325.82,0,1954.92,469.18,5
2024-08-16,West,California,Office Supplies,Art,Consumer,3,22.05,0,66.15,26.46,3
2024-08-17,West,Nevada,Technology,Phones,Consumer,3,164.96,0.15,420.65,15.77,4
2024-08-17,West,Oregon,Technology,Phones,Corporate,4,269.54,0,1078.16,258.76,2
2024-08-17,East,Pennsylvania,Technology,Computers,Corporate,1,815.72,0,815.72,146.83,4
2024-08-17,West,Nevada,Office Supplies,Storage,Home Office,3,80.84,0.1,218.27,27.28,3
2024-08-17,West,California,Office Supplies,Binders,Corporate,4,13.93,0.1,50.15,12.29,4
2024-08-17,Northeast,Maine,Office Supplies,Paper,Consumer,2,10.92,0,21.84,9.17,5
2024-08-17,South,Tennessee,Office Supplies,Paper,Corporate,1,11.80,0.1,10.62,3.03,1
2024-08-18,East,Virginia,Furniture,Chairs,Consumer,8,215.83,0,1726.64,483.46,2
2024-08-19,East,Georgia,Technology,Copiers,Consumer,1,1615.61,0,1615.61,339.28,7
2024-08-19,East,Virginia,Furniture,Chairs,Consumer,6,197.95,0,1187.70,332.56,5
2024-08-19,West,Arizona,Furniture,Chairs,Consumer,6,156.34,0,938.04,262.65,5
2024-08-19,East,New York,Furniture,Furnishings,Corporate,1,28.17,0,28.17,9.58,8
2024-08-19,West,Oregon,Technology,Computers,Consumer,2,432.38,0.15,735.05,-16.54,3
2024-08-19,West,Oregon,Furniture,Chairs,Consumer,2,178.55,0,357.10,99.99,3
2024-08-20,West,California,Technology,Accessories,Consumer,2,35.74,0,71.48,25.73,2
2024-08-20,West,Arizona,Office Supplies,Binders,Corporate,9,18.10,0.15,138.47,24.58,5
2024-08-20,Northeast,New Jersey,Furniture,Furnishings,Consumer,2,62.92,0,125.84,42.79,2
2024-08-20,Northeast,New Jersey,Furniture,Bookcases,Consumer,2,210.16,0,420.32,79.86,2
2024-08-20,East,Georgia,Technology,Accessories,Consumer,2,31.32,0,62.64,22.55,5
2024-08-20,Northeast,Massachusetts,Office Supplies,Art,Consumer,5,21.78,0.15,92.57,18.28,2
2024-08-21,Northeast,Connecticut,Office Supplies,Binders,Corporate,3,17.68,0,53.04,20.16,5
2024-08-21,West,California,Furniture,Tables,Consumer,1,444.46,0,444.46,62.22,4
2024-08-21,South,Texas,Technology,Copiers,Consumer,8,1582.57,0.1,11394.50,854.59,2
2024-08-21,Central,Minnesota,Technology,Phones,Consumer,1,143.28,0.15,121.79,4.57,4
2024-08-21,Central,Illinois,Technology,Accessories,Corporate,2,42.93,0.1,77.27,17.39,4
2024-08-21,South,Tennessee,Office Supplies,Binders,Corporate,5,14.57,0,72.85,27.68,5
2024-08-21,West,Washington,Office Supplies,Storage,Home Office,1,84.57,0.1,76.11,9.51,4
2024-08-21,West,California,Technology,Accessories,Corporate,3,48.29,0,144.87,52.15,2
2024-08-21,West,Arizona,Furniture,Chairs,Consumer,2,216.57,0.2,346.51,3.47,2
2024-08-22,East,Pennsylvania,Furniture,Furnishings,Home Office,8,50.04,0,400.32,136.11,10
2024-08-22,Northeast,New Jersey,Office Supplies,Art,Corporate,6,20.61,0.1,111.29,29.49,4
2024-08-22,East,Virginia,Technology,Copiers,Home Office,1,1121.49,0,1121.49,235.51,4
2024-08-22,Central,Ohio,Technology,Phones,Home Office,2,249.46,0.1,449.03,47.15,2
2024-08-22,Central,Illinois,Office Supplies,Storage,Corporate,3,53.38,0,160.14,41.64,4
2024-08-22,West,Nevada,Office Supplies,Paper,Home Office,3,9.60,0,28.80,12.10,3
2024-08-22,Central,Michigan,Technology,Phones,Consumer,2,183.44,0,366.88,88.05,3
2024-08-22,Central,Illinois,Office Supplies,Binders,Consumer,1,19.10,0,19.10,7.26,3
2024-08-22,West,Oregon,Furniture,Chairs,Home Office,3,168.42,0.15,429.47,33.28,3
2024-08-23,Central,Ohio,Office Supplies,Paper,Consumer,2,12.35,0.1,22.23,6.34,2
2024-08-23,West,California,Furniture,Tables,Corporate,3,412.58,0,1237.74,173.28,2
2024-08-23,South,Texas,Office Supplies,Paper,Consumer,1,13.13,0,13.13,5.51,3
2024-08-23,West,Nevada,Technology,Phones,Corporate,2,185.98,0,371.96,89.27,2
2024-08-23,West,California,Office Supplies,Storage,Home Office,2,54.54,0,109.08,28.36,4
2024-08-23,East,New York,Technology,Accessories,Corporate,1,31.00,0.15,26.35,4.15,3
2024-08-24,West,California,Technology,Copiers,Consumer,2,1639.99,0,3279.98,688.80,3
2024-08-24,East,Pennsylvania,Office Supplies,Binders,Consumer,2,21.27,0,42.54,16.17,4
2024-08-24,Central,Ohio,Furniture,Tables,Consumer,1,234.89,0,234.89,32.88,4
2024-08-25,East,New York,Office Supplies,Storage,Consumer,1,63.83,0,63.83,16.60,2
2024-08-25,South,Texas,Technology,Computers,Corporate,4,912.14,0.2,2918.85,-262.70,4
2024-08-25,East,New York,Furniture,Tables,Consumer,4,394.57,0,1578.28,220.96,7
2024-08-25,Northeast,Massachusetts,Technology,Computers,Corporate,2,467.71,0,935.42,168.38,3
2024-08-25,Central,Ohio,Office Supplies,Paper,Home Office,5,12.90,0.1,58.05,16.54,1
2024-08-26,Northeast,Connecticut,Furniture,Furnishings,Consumer,2,61.70,0,123.40,41.96,7
2024-08-26,East,New York,Technology,Phones,Corporate,1,251.09,0.15,213.43,8.00,2
2024-08-26,East,Pennsylvania,Furniture,Bookcases,Consumer,3,145.38,0,436.14,82.87,5
2024-08-26,East,New York,Technology,Computers,Corporate,1,706.98,0,706.98,127.26,2
2024-08-26,West,Washington,Furniture,Bookcases,Consumer,1,121.12,0,121.12,23.01,6
2024-08-26,West,California,Technology,Accessories,Consumer,1,48.16,0,48.16,17.34,3
2024-08-26,East,New York,Technology,Phones,Consumer,1,203.32,0,203.32,48.80,3
2024-08-26,South,Texas,Furniture,Furnishings,Corporate,5,37.12,0.1,167.04,34.24,3
2024-08-26,West,Washington,Office Supplies,Paper,Consumer,3,11.11,0,33.33,14.00,3
2024-08-26,Central,Illinois,Furniture,Chairs,Corporate,3,198.81,0,596.43,167.00,2
2024-08-27,South,North Carolina,Furniture,Bookcases,Consumer,10,138.72,0.1,1248.48,68.67,3
2024-08-27,West,Arizona,Office Supplies,Paper,Home Office,6,11.30,0,67.80,28.48,7
2024-08-27,East,Virginia,Furniture,Tables,Consumer,2,357.51,0,715.02,100.10,2
2024-08-27,East,Virginia,Furniture,Furnishings,Consumer,3,45.88,0.1,123.88,25.40,4
2024-08-27,East,Georgia,Office Supplies,Paper,Consumer,2,13.96,0.1,25.13,7.16,5
2024-08-27,Central,Michigan,Furniture,Tables,Home Office,2,387.30,0.15,658.41,-41.15,2
2024-08-28,East,New York,Office Supplies,Storage,Corporate,2,69.11,0,138.22,35.94,3
2024-08-28,Central,Michigan,Office Supplies,Art,Corporate,1,23.16,0,23.16,9.26,2
2024-08-28,Northeast,Massachusetts,Office Supplies,Binders,Corporate,2,18.95,0,37.90,14.40,5
2024-08-28,South,North Carolina,Furniture,Bookcases,Consumer,3,211.80,0.2,508.32,-40.67,3
2024-08-28,West,California,Technology,Phones,Corporate,4,181.29,0,725.16,174.04,1
2024-08-28,West,Washington,Office Supplies,Storage,Consumer,2,97.01,0.15,164.92,9.48,3
2024-08-28,Central,Illinois,Technology,Copiers,Home Office,1,1813.35,0.1,1632.02,122.40,7
2024-08-28,West,Oregon,Technology,Computers,Corporate,1,843.73,0,843.73,151.87,1
2024-08-28,East,Pennsylvania,Technology,Accessories,Corporate,4,28.38,0.1,102.17,22.99,3
2024-08-29,South,North Carolina,Office Supplies,Binders,Consumer,8,16.45,0,131.60,50.01,4
2024-08-29,East,Virginia,Technology,Copiers,Consumer,3,1745.54,0.1,4712.96,353.47,1
2024-08-29,West,Oregon,Office Supplies,Paper,Consumer,4,11.00,0.2,35.20,5.28,4
2024-08-29,East,Georgia,Office Supplies,Storage,Corporate,2,77.87,0.1,140.17,17.52,2
2024-08-29,South,Louisiana,Technology,Accessories,Home Office,1,29.85,0.1,26.87,6.05,6
2024-08-29,East,Florida,Technology,Phones,Home Office,1,231.79,0,231.79,55.63,3
2024-08-29,Northeast,Massachusetts,Technology,Phones,Consumer,5,255.66,0.2,1022.64,-30.68,1
2024-08-30,Central,Illinois,Technology,Copiers,Corporate,4,1109.25,0,4437.00,931.77,4
2024-08-30,East,New York,Technology,Copiers,Corporate,2,2525.84,0,5051.68,1060.85,4
2024-08-30,Northeast,Maine,Technology,Computers,Corporate,2,698.97,0,1397.94,251.63,3
2024-08-30,South,Texas,Furniture,Furnishings,Home Office,1,47.10,0.15,40.04,5.51,4
2024-08-30,South,Texas,Office Supplies,Paper,Corporate,2,16.06,0.15,27.30,5.94,3
2024-08-30,Central,Illinois,Furniture,Bookcases,Consumer,2,139.92,0,279.84,53.17,7
2024-08-30,Central,Ohio,Technology,Computers,Corporate,20,853.70,0,17074.00,3073.32,3
2024-08-30,Northeast,Massachusetts,Technology,Accessories,Consumer,4,20.27,0,81.08,29.19,4
2024-08-30,East,Georgia,Office Supplies,Art,Corporate,2,17.44,0.15,29.65,5.86,2
2024-08-30,Central,Michigan,Office Supplies,Binders,Consumer,2,22.01,0,44.02,16.73,3
2024-08-31,Northeast,Massachusetts,Office Supplies,Storage,Consumer,10,67.49,0.1,607.41,75.93,10
2024-08-31,Northeast,Massachusetts,Office Supplies,Paper,Consumer,10,13.26,0,132.60,55.69,3
2024-09-01,East,New York,Office Supplies,Storage,Home Office,2,68.59,0.1,123.46,15.43,4
2024-09-01,East,Florida,Technology,Phones,Consumer,1,275.40,0.1,247.86,26.03,6
2024-09-01,East,Pennsylvania,Technology,Copiers,Home Office,12,1383.25,0,16599.00,3485.79,2
2024-09-01,Central,Minnesota,Office Supplies,Storage,Corporate,5,49.54,0.2,198.16,-17.83,3
2024-09-02,West,Washington,Office Supplies,Paper,Corporate,1,11.01,0,11.01,4.62,5
2024-09-02,Central,Michigan,Furniture,Furnishings,Consumer,3,39.49,0.3,82.93,-12.02,5
2024-09-02,West,Nevada,Office Supplies,Storage,Corporate,2,57.90,0.15,98.43,5.66,4
2024-09-02,Central,Illinois,Technology,Computers,Consumer,5,821.30,0.3,2874.55,-876.74,2
2024-09-02,Central,Ohio,Office Supplies,Binders,Corporate,7,19.12,0.3,93.69,-9.84,4
2024-09-02,Central,Michigan,Furniture,Furnishings,Home Office,2,31.26,0.15,53.14,3.06,2
2024-09-02,South,Tennessee,Office Supplies,Paper,Corporate,1,10.50,0,10.50,4.41,2
2024-09-02,Central,Michigan,Technology,Accessories,Corporate,5,31.92,0.3,111.72,-13.97,2
2024-09-02,Central,Illinois,Furniture,Chairs,Consumer,1,134.28,0.3,94.00,-19.27,1
2024-09-02,Northeast,Connecticut,Technology,Accessories,Consumer,4,53.82,0,215.28,77.50,3
2024-09-02,West,California,Technology,Phones,Corporate,3,218.19,0,654.57,157.10,3
2024-09-02,Central,Ohio,Technology,Copiers,Consumer,7,1124.21,0.2,6295.58,-881.38,5
2024-09-03,West,Arizona,Office Supplies,Paper,Consumer,5,9.96,0.2,39.84,5.98,6
2024-09-03,West,Washington,Furniture,Chairs,Corporate,1,173.64,0.1,156.28,22.66,4
2024-09-03,West,Oregon,Technology,Accessories,Corporate,2,55.09,0,110.18,39.66,3
2024-09-03,West,Washington,Technology,Copiers,Corporate,2,1480.04,0.1,2664.07,199.81,3
2024-09-03,West,California,Furniture,Bookcases,Corporate,15,108.07,0,1621.05,308.00,4
2024-09-03,Central,Illinois,Technology,Copiers,Consumer,6,1384.14,0.3,5813.39,-1598.68,2
2024-09-03,East,Georgia,Office Supplies,Paper,Consumer,17,16.02,0.15,231.49,50.35,3
2024-09-03,East,New York,Technology,Accessories,Consumer,22,37.46,0,824.12,296.68,2
2024-09-03,Northeast,Massachusetts,Furniture,Furnishings,Consumer,2,37.15,0,74.30,25.26,4
2024-09-03,East,New York,Furniture,Chairs,Consumer,3,153.11,0,459.33,128.61,6
2024-09-03,West,California,Furniture,Chairs,Consumer,2,234.99,0.2,375.98,3.76,2
2024-09-04,West,Nevada,Office Supplies,Binders,Corporate,2,15.67,0,31.34,11.91,3
2024-09-04,East,New York,Office Supplies,Paper,Corporate,4,12.74,0,50.96,21.40,2
2024-09-04,East,Pennsylvania,Office Supplies,Binders,Home Office,2,12.72,0,25.44,9.67,6
2024-09-04,East,New York,Furniture,Bookcases,Corporate,4,116.71,0,466.84,88.70,5
2024-09-04,West,Washington,Furniture,Chairs,Consumer,2,232.04,0,464.08,129.94,3
2024-09-04,West,California,Office Supplies,Storage,Consumer,4,71.83,0.1,258.59,32.32,4
2024-09-05,East,New York,Technology,Accessories,Consumer,1,45.47,0.15,38.65,6.09,4
2024-09-05,West,California,Technology,Phones,Consumer,3,139.16,0,417.48,100.20,4
2024-09-05,South,Alabama,Office Supplies,Art,Consumer,4,23.70,0,94.80,37.92,3
2024-09-05,West,Colorado,Technology,Accessories,Corporate,1,35.40,0,35.40,12.74,3
2024-09-05,South,Louisiana,Technology,Accessories,Consumer,4,29.13,0,116.52,41.95,2
2024-09-05,Northeast,Massachusetts,Technology,Computers,Corporate,3,728.51,0,2185.53,393.40,2
2024-09-05,East,Pennsylvania,Office Supplies,Storage,Corporate,1,55.80,0,55.80,14.51,4
2024-09-05,West,California,Office Supplies,Paper,Corporate,3,8.74,0.1,23.60,6.73,8
2024-09-05,Northeast,New Jersey,Furniture,Tables,Consumer,5,312.74,0,1563.70,218.92,3
2024-09-06,South,Texas,Furniture,Tables,Corporate,2,463.94,0,927.88,129.90,3
2024-09-06,West,Arizona,Technology,Copiers,Home Office,2,1291.17,0.15,2194.99,16.46,3
2024-09-06,West,Arizona,Furniture,Tables,Corporate,1,388.09,0.15,329.88,-20.62,4
2024-09-06,Central,Ohio,Office Supplies,Binders,Corporate,7,14.42,0.2,80.75,2.42,3
2024-09-06,East,Georgia,Office Supplies,Storage,Corporate,1,70.28,0,70.28,18.27,1
2024-09-06,West,Washington,Office Supplies,Art,Home Office,6,25.85,0,155.10,62.04,3
2024-09-06,West,Washington,Furniture,Furnishings,Consumer,1,44.81,0.1,40.33,8.27,2
2024-09-07,South,Louisiana,Technology,Phones,Corporate,4,205.93,0,823.72,197.69,3
2024-09-07,West,Washington,Furniture,Tables,Consumer,5,399.05,0,1995.25,279.34,3
2024-09-08,Northeast,Massachusetts,Furniture,Tables,Consumer,5,291.87,0,1459.35,204.31,3
2024-09-08,East,New York,Furniture,Bookcases,Consumer,5,220.58,0.1,992.61,54.59,3
2024-09-09,South,Alabama,Technology,Copiers,Consumer,1,2431.24,0.1,2188.12,164.11,3
2024-09-09,East,Florida,Technology,Accessories,Home Office,3,31.34,0,94.02,33.85,5
2024-09-09,West,California,Technology,Computers,Consumer,6,1069.12,0.1,5773.25,259.80,3
2024-09-09,East,Virginia,Technology,Phones,Consumer,6,233.10,0.2,1118.88,-33.57,3
2024-09-09,West,Nevada,Technology,Accessories,Consumer,3,54.27,0.15,138.39,21.80,2
2024-09-09,West,Washington,Office Supplies,Paper,Consumer,10,10.82,0.1,97.38,27.75,7
2024-09-09,South,Alabama,Office Supplies,Binders,Home Office,2,24.04,0,48.08,18.27,6
2024-09-09,Central,Illinois,Technology,Phones,Consumer,5,394.07,0.3,1379.25,-337.92,3
2024-09-10,East,New York,Technology,Phones,Consumer,4,243.98,0,975.92,234.22,3
2024-09-10,East,New York,Office Supplies,Art,Consumer,7,21.31,0,149.17,59.67,5
2024-09-10,South,Texas,Furniture,Chairs,Consumer,1,272.88,0,272.88,76.41,2
2024-09-10,West,Arizona,Technology,Accessories,Corporate,3,46.47,0,139.41,50.19,3
2024-09-10,East,New York,Furniture,Tables,Consumer,1,451.97,0,451.97,63.28,3
2024-09-10,East,New York,Office Supplies,Storage,Home Office,1,72.82,0.15,61.90,3.56,2
2024-09-10,West,Colorado,Technology,Computers,Consumer,2,1025.85,0.1,1846.53,83.09,2
2024-09-10,East,Virginia,Furniture,Tables,Home Office,2,373.71,0.2,597.94,-77.73,5
2024-09-10,East,Virginia,Technology,Accessories,Corporate,24,41.16,0,987.84,355.62,3
2024-09-10,East,Georgia,Furniture,Chairs,Consumer,4,170.61,0.15,580.07,44.96,3
2024-09-10,Northeast,Massachusetts,Office Supplies,Paper,Consumer,8,15.14,0.2,96.90,14.53,2
2024-09-11,West,California,Office Supplies,Binders,Home Office,1,19.38,0.3,13.57,-0.34,3
2024-09-11,Central,Ohio,Furniture,Chairs,Corporate,2,226.80,0.15,385.56,-0.96,3
2024-09-11,Central,Michigan,Technology,Computers,Consumer,4,745.87,0.2,2386.78,-405.75,4
2024-09-11,East,Pennsylvania,Office Supplies,Binders,Consumer,2,24.39,0,48.78,18.54,2
2024-09-11,South,Tennessee,Technology,Accessories,Consumer,3,54.77,0,164.31,59.15,6
2024-09-11,East,New York,Office Supplies,Binders,Corporate,5,13.15,0.3,46.03,-1.15,4
2024-09-11,West,Nevada,Office Supplies,Paper,Corporate,1,9.32,0.3,6.52,0.10,5
2024-09-11,Central,Michigan,Furniture,Bookcases,Corporate,2,119.10,0.3,166.74,-49.19,3
2024-09-11,Central,Illinois,Furniture,Bookcases,Consumer,5,203.12,0.3,710.92,-209.72,9
2024-09-11,West,California,Technology,Computers,Corporate,7,544.85,0,3813.95,686.51,2
2024-09-11,Northeast,Massachusetts,Technology,Copiers,Home Office,2,1515.96,0.1,2728.73,204.65,4
2024-09-11,West,Oregon,Technology,Copiers,Corporate,2,1790.37,0,3580.74,751.96,4
2024-09-12,Central,Ohio,Technology,Computers,Consumer,2,682.72,0.3,955.81,-291.52,2
2024-09-12,South,North Carolina,Technology,Accessories,Consumer,2,49.13,0,98.26,35.37,2
2024-09-12,West,Colorado,Office Supplies,Paper,Consumer,2,11.05,0.3,15.47,0.23,4
2024-09-12,South,Texas,Office Supplies,Binders,Consumer,1,20.93,0,20.93,7.95,2
2024-09-12,West,Colorado,Furniture,Chairs,Corporate,5,202.99,0,1014.95,284.19,3
2024-09-12,South,Texas,Technology,Computers,Consumer,1,884.06,0,884.06,159.13,4
2024-09-12,West,Colorado,Technology,Computers,Consumer,6,673.98,0,4043.88,727.90,2
2024-09-12,East,Virginia,Office Supplies,Storage,Consumer,7,57.59,0,403.13,104.81,1
2024-09-12,Central,Ohio,Office Supplies,Paper,Consumer,4,16.19,0.3,45.33,-2.95,10
2024-09-12,Central,Minnesota,Office Supplies,Storage,Corporate,3,38.72,0.2,92.93,-8.36,2
2024-09-12,Central,Illinois,Technology,Computers,Consumer,1,1211.61,0.3,848.13,-258.68,3
2024-09-12,Central,Ohio,Furniture,Bookcases,Corporate,1,150.35,0.2,120.28,-19.24,4
2024-09-13,West,Arizona,Furniture,Chairs,Corporate,2,164.83,0.1,296.69,43.02,3
2024-09-13,West,Washington,Office Supplies,Art,Consumer,2,22.96,0.15,39.03,7.71,3
2024-09-13,East,Pennsylvania,Technology,Accessories,Corporate,3,42.13,0,126.39,45.50,2
2024-09-13,West,Colorado,Furniture,Tables,Consumer,3,460.01,0.3,966.02,-256.00,4
2024-09-13,Central,Illinois,Technology,Copiers,Consumer,3,1386.39,0.2,3327.34,-465.83,2
2024-09-13,Central,Illinois,Furniture,Bookcases,Home Office,2,192.55,0.3,269.57,-79.52,9
2024-09-13,West,Arizona,Furniture,Furnishings,Consumer,5,38.81,0.15,164.94,22.68,3
2024-09-13,East,New York,Technology,Computers,Home Office,2,1036.28,0,2072.56,373.06,3
2024-09-14,Northeast,Connecticut,Furniture,Chairs,Corporate,1,221.33,0,221.33,61.97,10
2024-09-16,West,California,Technology,Phones,Consumer,1,232.53,0.1,209.28,21.97,3
2024-09-16,South,Alabama,Technology,Computers,Home Office,1,530.26,0,530.26,95.45,2
2024-09-16,Central,Minnesota,Technology,Accessories,Consumer,2,37.67,0.15,64.04,4.96,3
2024-09-16,East,New York,Office Supplies,Paper,Consumer,2,18.24,0,36.48,15.32,4
2024-09-17,Central,Missouri,Technology,Computers,Consumer,3,731.04,0.2,1754.50,-298.27,4
2024-09-17,West,California,Technology,Copiers,Corporate,3,1640.66,0,4921.98,1033.62,5
2024-09-17,West,Nevada,Furniture,Chairs,Corporate,4,158.74,0,634.96,177.79,1
2024-09-17,Central,Michigan,Office Supplies,Storage,Consumer,3,70.48,0.2,169.15,-15.22,3
2024-09-17,East,Virginia,Furniture,Chairs,Corporate,2,288.10,0.15,489.77,37.96,7
2024-09-17,West,Nevada,Office Supplies,Storage,Corporate,5,89.10,0.15,378.68,21.77,4
2024-09-17,East,Virginia,Office Supplies,Art,Consumer,1,18.48,0,18.48,7.39,5
2024-09-17,East,Florida,Furniture,Bookcases,Home Office,10,223.81,0.2,1790.48,-143.24,6
2024-09-17,East,New York,Furniture,Bookcases,Consumer,2,206.34,0.15,350.78,-4.38,1
2024-09-17,East,Pennsylvania,Furniture,Chairs,Consumer,1,146.31,0.1,131.68,19.09,4
2024-09-18,Northeast,New Jersey,Office Supplies,Storage,Consumer,2,69.94,0,139.88,36.37,3
2024-09-18,West,Oregon,Office Supplies,Storage,Consumer,8,79.41,0.1,571.75,71.47,4
2024-09-18,West,California,Technology,Computers,Consumer,5,1052.32,0,5261.60,947.09,3
2024-09-18,West,California,Office Supplies,Binders,Corporate,1,15.63,0,15.63,5.94,2
2024-09-18,East,New York,Office Supplies,Storage,Consumer,4,80.31,0.1,289.12,36.14,2
2024-09-19,Central,Illinois,Technology,Phones,Corporate,3,253.49,0.3,532.33,-130.42,2
2024-09-19,West,Washington,Office Supplies,Paper,Corporate,1,10.52,0.2,8.42,1.26,3
2024-09-19,West,California,Technology,Copiers,Corporate,2,1213.72,0,2427.44,509.76,6
2024-09-19,West,California,Technology,Computers,Consumer,3,633.46,0,1900.38,342.07,3
2024-09-19,Central,Minnesota,Furniture,Furnishings,Corporate,2,34.11,0.3,47.75,-6.92,10
2024-09-19,West,California,Furniture,Bookcases,Home Office,4,143.65,0.1,517.14,28.44,4
2024-09-19,East,New York,Office Supplies,Binders,Corporate,4,24.05,0,96.20,36.56,3
2024-09-19,Central,Michigan,Furniture,Chairs,Corporate,3,212.45,0.3,446.14,-91.46,5
2024-09-20,East,New York,Technology,Computers,Consumer,2,877.14,0,1754.28,315.77,3
2024-09-20,East,Virginia,Technology,Phones,Consumer,2,278.34,0,556.68,133.60,2
2024-09-20,Northeast,New Jersey,Furniture,Bookcases,Consumer,2,184.18,0,368.36,69.99,2
2024-09-20,Central,Illinois,Technology,Copiers,Consumer,3,996.07,0.3,2091.75,-575.23,5
2024-09-20,Central,Minnesota,Technology,Computers,Consumer,9,834.30,0.3,5256.09,-1603.11,4
2024-09-20,Central,Minnesota,Technology,Accessories,Corporate,10,39.31,0.3,275.17,-34.40,3
2024-09-20,South,North Carolina,Office Supplies,Binders,Home Office,5,15.27,0,76.35,29.01,1
2024-09-20,West,California,Furniture,Bookcases,Consumer,2,123.88,0.15,210.60,-2.63,2
2024-09-20,Central,Minnesota,Office Supplies,Storage,Consumer,2,68.26,0.3,95.56,-21.50,5
2024-09-20,East,New York,Office Supplies,Art,Corporate,2,24.12,0,48.24,19.30,4
2024-09-20,Central,Michigan,Office Supplies,Storage,Consumer,4,61.90,0.3,173.32,-39.00,2
2024-09-20,East,Florida,Technology,Phones,Corporate,2,286.82,0.2,458.91,-13.77,3
2024-09-21,Central,Missouri,Technology,Accessories,Corporate,11,29.65,0.3,228.30,-28.54,5
2024-09-21,West,California,Technology,Copiers,Home Office,9,1084.92,0,9764.28,2050.50,6
2024-09-21,South,Tennessee,Furniture,Chairs,Corporate,3,211.77,0,635.31,177.89,2
2024-09-22,Northeast,New Jersey,Technology,Phones,Consumer,3,201.07,0,603.21,144.77,3
2024-09-22,East,Florida,Office Supplies,Art,Home Office,2,33.47,0.15,56.90,11.24,5
2024-09-23,South,Alabama,Furniture,Chairs,Corporate,1,219.91,0,219.91,61.57,3
2024-09-23,South,North Carolina,Office Supplies,Storage,Corporate,4,76.00,0,304.00,79.04,8
2024-09-23,Central,Ohio,Office Supplies,Paper,Corporate,5,13.75,0.15,58.44,8.04,3
2024-09-23,Central,Missouri,Technology,Computers,Corporate,5,699.54,0.2,2798.16,-475.69,1
2024-09-23,South,Texas,Furniture,Furnishings,Consumer,5,48.79,0,243.95,82.94,3
2024-09-23,South,North Carolina,Office Supplies,Paper,Corporate,2,13.95,0,27.90,11.72,3
2024-09-24,South,Louisiana,Furniture,Bookcases,Consumer,2,207.12,0,414.24,78.71,6
2024-09-24,West,Nevada,Technology,Phones,Home Office,3,272.09,0.15,693.83,26.02,2
2024-09-24,East,Virginia,Technology,Copiers,Consumer,10,1670.77,0.3,11695.39,-2280.60,3
2024-09-24,East,Florida,Furniture,Tables,Consumer,4,314.00,0,1256.00,175.84,3
2024-09-24,South,North Carolina,Technology,Accessories,Home Office,1,48.04,0,48.04,17.29,2
2024-09-24,West,California,Technology,Phones,Consumer,11,214.53,0,2359.83,566.36,2
2024-09-25,East,New York,Furniture,Chairs,Consumer,6,217.46,0,1304.76,365.33,3
2024-09-25,South,Texas,Technology,Computers,Consumer,3,686.61,0,2059.83,370.77,4
2024-09-25,West,Washington,Technology,Accessories,Consumer,2,72.44,0.1,130.39,29.34,4
2024-09-25,East,Pennsylvania,Furniture,Bookcases,Consumer,5,163.64,0,818.20,155.46,3
2024-09-25,East,Florida,Office Supplies,Art,Consumer,2,17.58,0.15,29.89,5.90,5
2024-09-25,East,New York,Furniture,Furnishings,Consumer,1,38.53,0.2,30.82,2.16,3
2024-09-25,Central,Minnesota,Technology,Accessories,Consumer,5,58.22,0.3,203.77,-25.47,2
2024-09-25,East,Georgia,Furniture,Tables,Home Office,5,312.29,0.15,1327.23,-82.95,3
2024-09-25,West,Nevada,Technology,Computers,Consumer,3,865.99,0.15,2208.27,-49.69,3
2024-09-25,Central,Minnesota,Technology,Accessories,Corporate,4,46.78,0.3,130.98,-16.37,7
2024-09-26,East,New York,Office Supplies,Art,Home Office,7,21.16,0,148.12,59.25,3
2024-09-26,Central,Ohio,Furniture,Bookcases,Consumer,1,131.83,0.2,105.46,-16.87,4
2024-09-26,East,New York,Technology,Copiers,Home Office,3,1136.59,0,3409.77,716.05,3
2024-09-26,West,California,Office Supplies,Paper,Corporate,3,10.28,0.15,26.21,5.70,3
2024-09-27,East,Virginia,Technology,Phones,Corporate,7,254.58,0.2,1425.65,-42.77,2
2024-09-27,West,California,Technology,Computers,Corporate,11,864.20,0.1,8555.58,385.00,2
2024-09-27,East,Virginia,Technology,Copiers,Corporate,2,1196.03,0,2392.06,502.33,3
2024-09-27,East,Virginia,Furniture,Furnishings,Consumer,2,55.45,0.1,99.81,20.46,4
2024-09-27,Central,Missouri,Technology,Computers,Consumer,1,828.43,0.2,662.74,-112.67,2
2024-09-27,West,Washington,Furniture,Furnishings,Corporate,1,47.64,0,47.64,16.20,3
2024-09-27,East,Virginia,Office Supplies,Binders,Consumer,4,18.10,0.1,65.16,15.96,2
2024-09-27,East,New York,Technology,Accessories,Consumer,1,32.19,0,32.19,11.59,1
2024-09-27,Northeast,Connecticut,Furniture,Bookcases,Consumer,2,200.35,0,400.70,76.13,4
2024-09-27,South,Tennessee,Office Supplies,Paper,Consumer,6,10.83,0.2,51.98,7.80,5
2024-09-27,Central,Illinois,Technology,Phones,Corporate,3,168.47,0.3,353.79,-86.68,2
2024-09-28,West,Arizona,Furniture,Chairs,Consumer,1,238.35,0.1,214.52,31.11,5
2024-09-28,West,California,Technology,Computers,Consumer,1,732.38,0.15,622.52,-14.01,1
2024-09-28,Central,Illinois,Furniture,Tables,Home Office,21,451.26,0.2,7581.17,-1592.05,9
2024-09-28,West,Colorado,Office Supplies,Paper,Consumer,1,8.53,0,8.53,3.58,4
2024-09-29,East,Georgia,Furniture,Furnishings,Consumer,1,59.44,0.1,53.50,10.97,2
2024-09-29,East,Georgia,Furniture,Chairs,Consumer,5,266.20,0,1331.00,372.68,6
2024-09-29,West,California,Office Supplies,Binders,Consumer,4,17.32,0.2,55.42,6.10,2
2024-09-29,Central,Minnesota,Technology,Accessories,Consumer,5,35.40,0.3,123.90,-15.49,4
2024-09-29,Central,Illinois,Furniture,Furnishings,Home Office,1,68.65,0.2,54.92,-0.55,3
2024-09-29,Central,Minnesota,Technology,Computers,Corporate,1,935.44,0.2,748.35,-127.22,1
2024-09-30,East,New York,Furniture,Tables,Corporate,1,425.54,0.1,382.99,1.91,5
2024-09-30,South,Texas,Furniture,Chairs,Consumer,3,319.43,0.15,814.55,63.13,1
2024-09-30,South,Alabama,Technology,Phones,Consumer,1,164.64,0,164.64,39.51,3
2024-09-30,West,Colorado,Office Supplies,Art,Consumer,3,14.84,0.1,40.07,10.62,4
2024-09-30,Central,Ohio,Furniture,Tables,Consumer,4,411.78,0.3,1152.98,-397.78,5
2024-09-30,South,Tennessee,Technology,Accessories,Corporate,1,42.67,0,42.67,15.36,5
2024-09-30,Northeast,Massachusetts,Office Supplies,Paper,Corporate,3,10.22,0.1,27.59,7.86,3
2024-09-30,West,Washington,Furniture,Chairs,Consumer,5,253.46,0,1267.30,354.84,4
2024-09-30,East,Virginia,Furniture,Chairs,Corporate,3,247.32,0.2,593.57,5.94,7
2024-10-01,South,Tennessee,Technology,Phones,Corporate,4,273.54,0,1094.16,262.60,3
2024-10-01,West,Washington,Furniture,Bookcases,Consumer,2,131.51,0,263.02,49.97,5
2024-10-01,East,Florida,Technology,Phones,Consumer,5,303.61,0,1518.05,364.33,2
2024-10-01,East,Virginia,Technology,Accessories,Consumer,8,28.72,0,229.76,82.71,5
2024-10-01,West,Arizona,Office Supplies,Art,Consumer,8,18.12,0.1,130.46,34.57,2
2024-10-01,West,Oregon,Office Supplies,Art,Consumer,1,20.90,0.1,18.81,4.98,4
2024-10-01,Central,Illinois,Office Supplies,Storage,Consumer,6,66.34,0,398.04,103.49,7
2024-10-01,West,California,Furniture,Chairs,Corporate,1,221.72,0.1,199.55,28.93,4
2024-10-02,South,North Carolina,Office Supplies,Storage,Corporate,1,58.74,0,58.74,15.27,7
2024-10-02,West,Oregon,Furniture,Chairs,Corporate,1,209.84,0,209.84,58.76,4
2024-10-02,Northeast,Connecticut,Technology,Accessories,Consumer,3,42.79,0,128.37,46.21,3
2024-10-02,Central,Minnesota,Technology,Computers,Corporate,5,564.48,0.1,2540.16,114.31,4
2024-10-02,West,Arizona,Technology,Copiers,Corporate,10,2015.60,0,20156.00,4232.76,5
2024-10-02,West,Oregon,Office Supplies,Art,Corporate,5,25.18,0.15,107.02,21.14,2
2024-10-02,East,Florida,Office Supplies,Paper,Home Office,5,14.11,0,70.55,29.63,2
2024-10-02,Central,Ohio,Technology,Accessories,Home Office,3,36.70,0,110.10,39.64,6
2024-10-02,East,Virginia,Technology,Computers,Consumer,8,712.66,0,5701.28,1026.23,2
2024-10-03,East,New York,Furniture,Bookcases,Consumer,4,167.82,0,671.28,127.54,2
2024-10-03,South,Tennessee,Furniture,Tables,Consumer,2,286.60,0.15,487.22,-30.45,3
2024-10-03,West,Colorado,Furniture,Chairs,Corporate,6,247.03,0,1482.18,415.01,3
2024-10-03,West,Nevada,Office Supplies,Binders,Consumer,3,19.20,0.1,51.84,12.70,2
2024-10-03,Central,Ohio,Technology,Accessories,Corporate,2,52.09,0.15,88.55,13.95,1
2024-10-03,East,New York,Furniture,Bookcases,Corporate,7,210.08,0.15,1249.98,-15.62,3
2024-10-03,West,Washington,Office Supplies,Art,Consumer,4,24.37,0,97.48,38.99,2
2024-10-03,Northeast,Massachusetts,Technology,Copiers,Consumer,5,1729.92,0,8649.60,1816.42,6
2024-10-04,East,Virginia,Technology,Copiers,Consumer,2,1238.25,0,2476.50,520.06,5
2024-10-04,Central,Michigan,Technology,Phones,Consumer,2,229.36,0,458.72,110.09,4
2024-10-04,Central,Illinois,Office Supplies,Storage,Corporate,6,53.92,0.15,274.99,15.81,3
2024-10-04,East,Georgia,Technology,Copiers,Consumer,3,1595.94,0.2,3830.26,-229.82,3
2024-10-04,West,Arizona,Technology,Copiers,Corporate,3,1307.23,0.15,3333.44,25.00,2
2024-10-04,East,Pennsylvania,Furniture,Furnishings,Consumer,13,60.43,0.15,667.75,91.82,5
2024-10-04,East,Pennsylvania,Technology,Phones,Consumer,7,203.88,0,1427.16,342.52,2
2024-10-05,Central,Missouri,Office Supplies,Art,Corporate,3,26.04,0.2,62.50,8.13,3
2024-10-05,East,New York,Furniture,Chairs,Consumer,2,207.13,0,414.26,115.99,4
2024-10-05,East,New York,Technology,Accessories,Corporate,9,31.09,0,279.81,100.73,4
2024-10-05,Central,Illinois,Technology,Accessories,Consumer,1,42.59,0.3,29.81,-1.34,3
2024-10-06,South,Tennessee,Office Supplies,Art,Consumer,3,21.37,0,64.11,25.64,2
2024-10-06,East,New York,Furniture,Tables,Corporate,2,300.54,0,601.08,84.15,5
2024-10-06,East,Georgia,Technology,Computers,Home Office,8,1037.88,0.1,7472.74,336.27,3
2024-10-06,Northeast,Massachusetts,Technology,Accessories,Consumer,4,42.82,0,171.28,61.66,3
2024-10-07,West,Washington,Furniture,Chairs,Consumer,5,229.99,0.15,977.46,75.75,2
2024-10-07,West,California,Technology,Copiers,Consumer,1,1988.35,0,1988.35,417.55,1
2024-10-07,South,Texas,Technology,Copiers,Consumer,6,1194.04,0.2,5731.39,-343.88,2
2024-10-07,Central,Ohio,Furniture,Chairs,Corporate,3,138.74,0,416.22,116.54,4
2024-10-07,West,Washington,Furniture,Furnishings,Corporate,7,33.77,0,236.39,80.37,2
2024-10-07,East,Florida,Technology,Accessories,Consumer,6,27.63,0,165.78,59.68,5
2024-10-07,Northeast,Maine,Technology,Phones,Consumer,11,287.17,0,3158.87,758.13,2
2024-10-07,South,Texas,Technology,Computers,Consumer,4,664.80,0.2,2127.36,-191.46,3
2024-10-07,South,Alabama,Furniture,Tables,Consumer,5,285.18,0,1425.90,199.63,6
2024-10-07,Central,Illinois,Technology,Copiers,Consumer,2,1794.58,0,3589.16,753.72,3
2024-10-07,East,Virginia,Office Supplies,Paper,Consumer,2,17.47,0,34.94,14.67,4
2024-10-07,West,Oregon,Furniture,Tables,Home Office,1,317.90,0,317.90,44.51,4
2024-10-07,West,Washington,Furniture,Tables,Consumer,1,305.93,0,305.93,42.83,4
2024-10-07,West,Washington,Furniture,Bookcases,Consumer,4,154.02,0,616.08,117.06,1
2024-10-08,South,Tennessee,Furniture,Tables,Consumer,13,426.42,0.1,4989.11,24.95,4
2024-10-08,Northeast,New Jersey,Technology,Phones,Home Office,6,198.16,0,1188.96,285.35,2
2024-10-08,Central,Michigan,Technology,Computers,Home Office,2,815.59,0,1631.18,293.61,3
2024-10-08,West,Washington,Technology,Copiers,Consumer,6,1951.07,0,11706.42,2458.35,1
2024-10-08,South,North Carolina,Technology,Phones,Home Office,3,262.29,0.15,668.84,25.08,4
2024-10-08,West,California,Technology,Copiers,Consumer,3,1354.28,0.1,3656.56,274.24,3
2024-10-08,West,Oregon,Office Supplies,Paper,Consumer,2,11.41,0.15,19.40,4.22,2
2024-10-09,Northeast,New Jersey,Furniture,Furnishings,Home Office,2,56.01,0,112.02,38.09,2
2024-10-09,West,California,Technology,Copiers,Home Office,1,1056.83,0,1056.83,221.93,5
2024-10-09,Central,Ohio,Furniture,Chairs,Consumer,9,163.63,0,1472.67,412.35,1
2024-10-09,West,Nevada,Technology,Phones,Consumer,7,246.29,0.1,1551.63,162.92,4
2024-10-09,East,New York,Office Supplies,Art,Consumer,5,21.63,0.1,97.34,25.80,3
2024-10-09,West,Washington,Furniture,Chairs,Corporate,8,220.80,0.2,1413.12,14.13,5
2024-10-09,East,Pennsylvania,Office Supplies,Paper,Corporate,4,13.17,0,52.68,22.13,6
2024-10-09,South,Texas,Technology,Phones,Consumer,6,274.31,0.1,1481.27,155.53,4
2024-10-09,Central,Missouri,Technology,Phones,Consumer,6,268.70,0.1,1450.98,152.35,4
2024-10-10,West,Washington,Furniture,Chairs,Consumer,2,234.47,0.1,422.05,61.20,4
2024-10-10,East,Pennsylvania,Technology,Phones,Consumer,2,214.69,0,429.38,103.05,3
2024-10-10,West,California,Furniture,Chairs,Consumer,4,168.82,0.2,540.22,5.40,3
2024-10-10,Northeast,New Jersey,Technology,Copiers,Home Office,6,1588.33,0.1,8576.98,643.27,4
2024-10-10,Central,Illinois,Office Supplies,Binders,Consumer,2,17.59,0,35.18,13.37,3
2024-10-10,Northeast,Massachusetts,Technology,Phones,Consumer,9,234.09,0,2106.81,505.63,2
2024-10-10,West,Oregon,Office Supplies,Binders,Corporate,4,18.51,0.1,66.64,16.33,4
2024-10-10,South,Louisiana,Furniture,Chairs,Corporate,4,136.40,0,545.60,152.77,3
2024-10-10,East,New York,Furniture,Furnishings,Corporate,3,58.44,0.15,149.02,20.49,6
2024-10-10,South,Texas,Furniture,Tables,Consumer,4,372.78,0,1491.12,208.76,5
2024-10-10,South,Texas,Office Supplies,Paper,Consumer,2,11.98,0,23.96,10.06,7
2024-10-10,Northeast,Massachusetts,Furniture,Furnishings,Consumer,5,43.04,0.1,193.68,39.70,3
2024-10-10,South,Alabama,Furniture,Furnishings,Corporate,5,54.05,0,270.25,91.89,3
2024-10-10,South,Texas,Technology,Phones,Corporate,3,199.49,0.2,478.78,-14.36,2
2024-10-11,East,Pennsylvania,Furniture,Furnishings,Consumer,10,44.57,0.15,378.85,52.09,1
2024-10-11,East,New York,Technology,Computers,Home Office,6,704.39,0,4226.34,760.74,2
2024-10-11,West,California,Office Supplies,Binders,Corporate,2,19.84,0,39.68,15.08,4
2024-10-11,South,Texas,Office Supplies,Storage,Corporate,2,63.42,0,126.84,32.98,3
2024-10-12,East,New York,Office Supplies,Art,Home Office,3,28.78,0,86.34,34.54,6
2024-10-12,East,Georgia,Furniture,Chairs,Consumer,2,191.04,0.1,343.87,49.86,3
2024-10-12,West,Arizona,Technology,Phones,Consumer,2,201.44,0,402.88,96.69,1
2024-10-12,Central,Michigan,Technology,Computers,Corporate,1,643.54,0,643.54,115.84,6
2024-10-13,South,Texas,Technology,Accessories,Corporate,5,49.79,0,248.95,89.62,2
2024-10-13,East,New York,Office Supplies,Art,Consumer,2,28.01,0,56.02,22.41,3
2024-10-13,West,Washington,Technology,Phones,Home Office,5,168.80,0.15,717.40,26.90,7
2024-10-13,South,Tennessee,Furniture,Tables,Consumer,1,385.67,0.1,347.10,1.74,5
2024-10-13,West,Washington,Furniture,Bookcases,Consumer,1,178.38,0,178.38,33.89,2
2024-10-13,South,Alabama,Office Supplies,Paper,Home Office,3,15.66,0.1,42.28,12.05,3
2024-10-13,East,New York,Technology,Accessories,Corporate,3,46.33,0.1,125.09,28.15,2
2024-10-14,Central,Missouri,Furniture,Furnishings,Home Office,7,39.30,0.15,233.83,32.15,2
2024-10-14,East,Virginia,Office Supplies,Storage,Consumer,4,99.23,0,396.92,103.20,3
2024-10-14,West,California,Office Supplies,Binders,Corporate,3,11.78,0,35.34,13.43,4
2024-10-14,East,New York,Technology,Phones,Consumer,3,237.37,0,712.11,170.91,2
2024-10-14,South,Louisiana,Furniture,Chairs,Corporate,7,306.81,0.15,1825.52,141.48,4
2024-10-14,Central,Missouri,Technology,Phones,Corporate,2,341.19,0,682.38,163.77,3
2024-10-14,East,New York,Furniture,Furnishings,Consumer,4,47.58,0,190.32,64.71,2
2024-10-14,West,Oregon,Technology,Copiers,Consumer,1,1143.76,0,1143.76,240.19,3
2024-10-14,Central,Illinois,Technology,Phones,Corporate,1,190.83,0,190.83,45.80,3
2024-10-14,East,New York,Office Supplies,Paper,Consumer,3,15.67,0,47.01,19.74,4
2024-10-15,West,Arizona,Technology,Computers,Corporate,4,704.93,0.15,2396.76,-53.93,5
2024-10-15,East,New York,Furniture,Chairs,Consumer,6,185.17,0.2,888.82,8.89,3
2024-10-15,East,Florida,Technology,Copiers,Consumer,1,2107.80,0.1,1897.02,142.28,2
2024-10-15,East,Pennsylvania,Furniture,Bookcases,Consumer,10,167.48,0,1674.80,318.21,2
2024-10-15,West,Oregon,Technology,Phones,Corporate,4,293.59,0,1174.36,281.85,2
2024-10-15,West,Washington,Furniture,Chairs,Consumer,2,155.66,0,311.32,87.17,2
2024-10-15,Northeast,Massachusetts,Office Supplies,Art,Consumer,1,20.01,0,20.01,8.00,2
2024-10-15,West,Nevada,Technology,Phones,Home Office,4,197.66,0.1,711.58,74.72,5
2024-10-15,West,Washington,Technology,Phones,Consumer,3,247.19,0,741.57,177.98,3
2024-10-15,West,California,Furniture,Chairs,Corporate,4,176.10,0,704.40,197.23,6
2024-10-15,East,Florida,Office Supplies,Binders,Corporate,5,15.40,0.1,69.30,16.98,3
2024-10-15,West,Oregon,Office Supplies,Storage,Home Office,8,65.33,0.1,470.38,58.80,4
2024-10-16,East,Georgia,Office Supplies,Paper,Consumer,7,10.36,0.3,50.76,0.76,2
2024-10-16,Central,Illinois,Furniture,Chairs,Corporate,1,227.28,0,227.28,63.64,2
2024-10-16,West,California,Technology,Accessories,Corporate,1,43.27,0,43.27,15.58,3
2024-10-16,West,California,Furniture,Chairs,Corporate,4,196.63,0.1,707.87,102.64,3
2024-10-16,West,Colorado,Technology,Computers,Consumer,9,505.98,0.1,4098.44,184.43,6
2024-10-16,Central,Michigan,Technology,Accessories,Consumer,3,34.88,0,104.64,37.67,4
2024-10-16,West,California,Furniture,Chairs,Consumer,2,178.31,0.1,320.96,46.54,6
2024-10-17,East,Pennsylvania,Technology,Copiers,Consumer,3,1280.15,0.2,3072.36,-184.34,3
2024-10-17,East,Florida,Technology,Computers,Consumer,4,683.70,0,2734.80,492.26,4
2024-10-17,East,Pennsylvania,Technology,Phones,Corporate,1,271.85,0,271.85,65.24,3
2024-10-17,East,Pennsylvania,Furniture,Bookcases,Corporate,17,171.54,0,2916.18,554.07,8
2024-10-17,East,Pennsylvania,Technology,Accessories,Home Office,3,66.42,0.2,159.41,14.35,2
2024-10-17,West,Washington,Technology,Accessories,Consumer,5,38.09,0,190.45,68.56,4
2024-10-17,Central,Illinois,Furniture,Bookcases,Home Office,6,170.37,0,1022.22,194.22,2
2024-10-17,West,Colorado,Office Supplies,Storage,Corporate,7,58.00,0,406.00,105.56,4
2024-10-17,West,Oregon,Technology,Copiers,Consumer,3,1478.21,0.15,3769.44,28.27,4
2024-10-18,Northeast,New Jersey,Furniture,Bookcases,Consumer,2,171.03,0.3,239.44,-51.48,5
2024-10-18,East,New York,Furniture,Tables,Consumer,8,343.91,0.1,2476.15,12.38,2
2024-10-18,South,Alabama,Technology,Phones,Consumer,14,283.07,0.15,3368.53,126.32,4
2024-10-18,Central,Michigan,Office Supplies,Binders,Consumer,2,22.26,0,44.52,16.92,6
2024-10-18,East,Georgia,Technology,Copiers,Corporate,5,1767.60,0.1,7954.20,596.56,2
2024-10-18,West,Nevada,Furniture,Chairs,Corporate,3,174.54,0.2,418.90,4.19,2
2024-10-18,South,North Carolina,Furniture,Chairs,Consumer,1,182.04,0.2,145.63,1.46,3
2024-10-18,East,Georgia,Technology,Accessories,Corporate,6,46.15,0,276.90,99.68,3
2024-10-18,South,Tennessee,Technology,Copiers,Consumer,1,1909.71,0.1,1718.74,128.91,4
2024-10-18,East,New York,Office Supplies,Storage,Consumer,1,58.14,0.2,46.51,-0.47,2
2024-10-18,East,Pennsylvania,Technology,Computers,Corporate,8,702.17,0.2,4493.89,-404.45,2
2024-10-19,East,Georgia,Furniture,Bookcases,Consumer,2,211.43,0.2,338.29,-27.06,4
2024-10-19,West,California,Technology,Accessories,Consumer,4,36.41,0,145.64,52.43,4
2024-10-19,South,North Carolina,Technology,Phones,Consumer,3,282.59,0.1,762.99,80.11,2
2024-10-19,West,California,Furniture,Furnishings,Consumer,2,55.17,0.1,99.31,20.36,1
2024-10-19,East,Georgia,Office Supplies,Art,Consumer,2,25.18,0.3,35.25,-0.18,3
2024-10-19,Central,Ohio,Technology,Accessories,Consumer,2,31.93,0.15,54.28,8.55,3
2024-10-19,Central,Ohio,Furniture,Furnishings,Corporate,4,33.24,0.15,113.02,15.54,4
2024-10-20,West,California,Furniture,Bookcases,Consumer,1,154.73,0,154.73,29.40,5
2024-10-20,East,Pennsylvania,Office Supplies,Paper,Consumer,1,16.38,0,16.38,6.88,2
2024-10-20,East,Virginia,Technology,Phones,Corporate,2,263.85,0,527.70,126.65,2
2024-10-21,East,New York,Office Supplies,Art,Corporate,7,18.98,0.2,106.29,13.82,3
2024-10-21,West,California,Technology,Phones,Consumer,3,246.09,0,738.27,177.18,5
2024-10-21,East,New York,Technology,Computers,Consumer,5,566.13,0,2830.65,509.52,4
2024-10-21,West,California,Technology,Computers,Consumer,2,718.43,0,1436.86,258.63,7
2024-10-21,East,Georgia,Technology,Phones,Home Office,3,245.30,0,735.90,176.62,3
2024-10-22,East,Virginia,Technology,Accessories,Consumer,4,43.50,0,174.00,62.64,3
2024-10-22,Central,Ohio,Technology,Accessories,Consumer,2,35.15,0.2,56.24,5.06,3
2024-10-22,West,Arizona,Technology,Accessories,Home Office,1,33.28,0.1,29.95,6.74,3
2024-10-22,South,Louisiana,Office Supplies,Storage,Home Office,3,79.97,0.1,215.92,26.99,5
2024-10-22,East,Georgia,Office Supplies,Storage,Corporate,6,74.49,0,446.94,116.20,3
2024-10-22,East,New York,Technology,Phones,Consumer,3,282.20,0.1,761.94,80.00,4
2024-10-22,East,Georgia,Technology,Accessories,Home Office,3,59.77,0.2,143.45,12.91,2
2024-10-22,West,California,Technology,Copiers,Consumer,6,1330.98,0,7985.88,1677.03,5
2024-10-22,South,Alabama,Technology,Phones,Corporate,6,234.19,0,1405.14,337.23,2
2024-10-22,Central,Ohio,Technology,Computers,Consumer,1,674.23,0,674.23,121.36,3
2024-10-22,West,Arizona,Office Supplies,Binders,Corporate,6,24.47,0.15,124.80,22.15,2
2024-10-22,West,Washington,Technology,Accessories,Consumer,5,40.84,0,204.20,73.51,7
2024-10-23,South,Tennessee,Furniture,Tables,Corporate,3,353.19,0,1059.57,148.34,2
2024-10-23,East,New York,Technology,Copiers,Consumer,2,1654.26,0,3308.52,694.79,4
2024-10-23,West,Arizona,Technology,Computers,Consumer,2,1321.81,0.2,2114.90,-190.34,4
2024-10-23,Central,Missouri,Office Supplies,Paper,Consumer,1,12.81,0,12.81,5.38,6
2024-10-23,South,Texas,Technology,Copiers,Home Office,3,1411.73,0,4235.19,889.39,4
2024-10-23,West,Colorado,Technology,Computers,Consumer,1,777.10,0,777.10,139.88,5
2024-10-23,East,Virginia,Furniture,Chairs,Home Office,2,223.96,0.2,358.34,3.58,2
2024-10-23,West,Washington,Technology,Computers,Corporate,2,919.92,0.1,1655.86,74.51,3
2024-10-23,West,Washington,Furniture,Bookcases,Corporate,17,182.82,0,3107.94,590.51,4
2024-10-23,East,Georgia,Furniture,Furnishings,Consumer,4,65.63,0,262.52,89.26,2
2024-10-24,West,Arizona,Office Supplies,Storage,Consumer,6,65.91,0.1,355.91,44.49,3
2024-10-24,West,Arizona,Technology,Phones,Consumer,3,276.63,0,829.89,199.17,3
2024-10-24,East,Florida,Office Supplies,Paper,Consumer,3,12.26,0,36.78,15.45,3
2024-10-24,Central,Missouri,Technology,Phones,Consumer,14,157.20,0,2200.80,528.19,3
2024-10-24,Central,Michigan,Technology,Computers,Corporate,7,888.90,0,6222.30,1120.01,1
2024-10-24,West,California,Technology,Copiers,Home Office,3,1099.90,0.1,2969.73,222.73,4
2024-10-24,South,Louisiana,Technology,Accessories,Consumer,2,38.47,0,76.94,27.70,2
2024-10-24,South,Tennessee,Furniture,Furnishings,Corporate,6,40.25,0.15,205.28,28.23,2
2024-10-24,Central,Ohio,Technology,Copiers,Home Office,4,1574.18,0,6296.72,1322.31,4
2024-10-24,Central,Ohio,Furniture,Tables,Consumer,4,390.66,0,1562.64,218.77,2
2024-10-24,Central,Minnesota,Office Supplies,Paper,Consumer,5,16.95,0,84.75,35.60,4
2024-10-24,Central,Ohio,Office Supplies,Binders,Consumer,15,15.02,0,225.30,85.61,6
2024-10-24,Northeast,New Jersey,Office Supplies,Binders,Corporate,6,19.79,0.15,100.93,17.92,3
2024-10-24,West,Washington,Furniture,Chairs,Corporate,7,206.15,0,1443.05,404.05,2
2024-10-24,West,Arizona,Furniture,Chairs,Consumer,2,141.83,0.2,226.93,2.27,2
2024-10-24,Northeast,Massachusetts,Technology,Phones,Consumer,4,246.43,0.1,887.15,93.15,6
2024-10-25,East,Virginia,Furniture,Tables,Corporate,10,410.15,0,4101.50,574.21,6
2024-10-25,Central,Missouri,Technology,Computers,Home Office,2,657.93,0,1315.86,236.85,2
2024-10-25,West,Arizona,Furniture,Furnishings,Home Office,2,45.11,0,90.22,30.67,3
2024-10-25,East,New York,Furniture,Bookcases,Consumer,10,229.96,0,2299.60,436.92,2
2024-10-25,West,California,Furniture,Bookcases,Corporate,4,146.21,0,584.84,111.12,2
2024-10-25,West,Colorado,Office Supplies,Binders,Corporate,2,18.13,0.3,25.38,-0.63,4
2024-10-25,Central,Michigan,Technology,Accessories,Consumer,1,25.31,0,25.31,9.11,3
2024-10-25,East,Virginia,Technology,Accessories,Corporate,2,40.99,0.15,69.68,10.97,2
2024-10-25,West,California,Office Supplies,Binders,Consumer,7,22.45,0.1,141.44,34.65,2
2024-10-25,Northeast,Massachusetts,Furniture,Chairs,Corporate,5,177.40,0.1,798.30,115.75,5
2024-10-26,East,Pennsylvania,Furniture,Bookcases,Consumer,4,244.07,0,976.28,185.49,5
2024-10-26,East,New York,Office Supplies,Storage,Consumer,4,56.69,0.1,204.08,25.51,2
2024-10-26,West,Arizona,Office Supplies,Binders,Consumer,2,12.99,0,25.98,9.87,3
2024-10-27,Central,Ohio,Technology,Copiers,Corporate,1,1029.86,0.3,720.90,-140.58,5
2024-10-27,West,Washington,Office Supplies,Paper,Corporate,2,16.04,0.15,27.27,5.93,3
2024-10-28,East,New York,Technology,Computers,Consumer,2,590.24,0,1180.48,212.49,3
2024-10-28,Northeast,Maine,Furniture,Tables,Home Office,6,285.87,0,1715.22,240.13,3
2024-10-28,West,Nevada,Furniture,Chairs,Consumer,4,202.44,0,809.76,226.73,5
2024-10-28,East,Florida,Furniture,Chairs,Corporate,6,170.47,0.15,869.40,67.38,1
2024-10-28,West,Nevada,Furniture,Tables,Corporate,1,311.56,0.2,249.25,-32.40,2
2024-10-28,Central,Illinois,Technology,Phones,Corporate,1,245.14,0,245.14,58.83,2
2024-10-29,East,Pennsylvania,Office Supplies,Storage,Home Office,11,48.37,0.1,478.86,59.86,2
2024-10-29,Central,Michigan,Furniture,Chairs,Consumer,4,226.90,0,907.60,254.13,3
2024-10-29,South,Alabama,Furniture,Bookcases,Corporate,4,133.06,0.3,372.57,-80.10,2
2024-10-29,East,New York,Technology,Copiers,Home Office,8,1588.97,0.3,8898.23,-1735.15,2
2024-10-29,West,Nevada,Furniture,Bookcases,Consumer,1,176.54,0.1,158.89,8.74,2
2024-10-30,Central,Michigan,Office Supplies,Binders,Consumer,2,21.70,0,43.40,16.49,2
2024-10-30,South,North Carolina,Office Supplies,Art,Home Office,3,11.72,0.3,24.61,-0.12,2
2024-10-30,West,Nevada,Furniture,Chairs,Consumer,2,170.83,0.1,307.49,44.59,7
2024-10-30,South,Alabama,Office Supplies,Paper,Consumer,1,10.69,0,10.69,4.49,3
2024-10-30,West,Washington,Technology,Computers,Consumer,4,732.45,0.15,2490.33,-56.03,3
2024-10-31,South,Alabama,Furniture,Chairs,Home Office,3,242.87,0.15,619.32,48.00,7
2024-10-31,Central,Missouri,Technology,Computers,Consumer,7,791.65,0,5541.55,997.48,3
2024-10-31,East,Pennsylvania,Furniture,Furnishings,Consumer,1,50.24,0.2,40.19,2.81,4
2024-10-31,South,North Carolina,Office Supplies,Binders,Corporate,8,17.32,0,138.56,52.65,4
2024-10-31,East,New York,Furniture,Chairs,Consumer,4,162.80,0.3,455.84,-56.98,5
2024-10-31,South,North Carolina,Furniture,Bookcases,Consumer,1,216.30,0.15,183.86,-2.30,1
2024-10-31,East,Pennsylvania,Furniture,Bookcases,Corporate,2,165.21,0,330.42,62.78,4
2024-11-01,East,New York,Office Supplies,Paper,Consumer,5,8.94,0,44.70,18.77,3
2024-11-01,South,Texas,Office Supplies,Storage,Consumer,5,70.14,0.15,298.09,17.14,3
2024-11-01,West,California,Office Supplies,Storage,Consumer,4,53.93,0.1,194.15,24.27,1
2024-11-01,East,Virginia,Office Supplies,Paper,Consumer,2,16.58,0,33.16,13.93,2
2024-11-01,East,New York,Technology,Copiers,Consumer,7,1339.05,0.1,8436.02,632.70,3
2024-11-01,West,California,Furniture,Tables,Consumer,1,283.20,0.1,254.88,1.27,6
2024-11-02,East,Florida,Furniture,Chairs,Consumer,1,145.99,0.2,116.79,1.17,3
2024-11-03,West,California,Furniture,Chairs,Consumer,6,220.49,0.1,1190.65,172.64,3
2024-11-03,South,Texas,Furniture,Furnishings,Corporate,5,47.87,0,239.35,81.38,4
2024-11-03,East,Georgia,Furniture,Chairs,Corporate,9,249.49,0,2245.41,628.71,3
2024-11-03,Northeast,Massachusetts,Technology,Copiers,Corporate,7,1346.92,0,9428.44,1979.97,2
2024-11-03,Northeast,Massachusetts,Technology,Phones,Consumer,3,236.98,0,710.94,170.63,4
2024-11-04,South,Texas,Office Supplies,Paper,Corporate,2,14.71,0,29.42,12.36,6
2024-11-04,South,Alabama,Furniture,Furnishings,Consumer,2,38.81,0,77.62,26.39,7
2024-11-04,East,New York,Technology,Computers,Corporate,3,698.63,0.15,1781.51,-40.08,4
2024-11-04,Central,Minnesota,Furniture,Chairs,Corporate,4,193.87,0.2,620.38,6.20,3
2024-11-04,West,California,Technology,Accessories,Home Office,2,31.89,0,63.78,22.96,2
2024-11-04,Central,Missouri,Furniture,Chairs,Corporate,2,233.89,0,467.78,130.98,3
2024-11-04,Central,Ohio,Technology,Accessories,Corporate,1,23.52,0.15,19.99,3.15,5
2024-11-04,South,North Carolina,Furniture,Tables,Consumer,4,347.33,0.1,1250.39,6.25,1
2024-11-04,Central,Illinois,Furniture,Chairs,Corporate,2,193.52,0.2,309.63,3.10,2
2024-11-04,South,Texas,Furniture,Chairs,Consumer,2,221.43,0,442.86,124.00,5
2024-11-05,West,California,Technology,Copiers,Consumer,2,1261.77,0.1,2271.19,170.34,6
2024-11-05,East,New York,Technology,Accessories,Home Office,7,42.32,0,296.24,106.65,4
2024-11-05,West,California,Technology,Accessories,Corporate,12,56.04,0,672.48,242.09,1
2024-11-05,East,Pennsylvania,Furniture,Chairs,Consumer,1,193.44,0.1,174.10,25.24,4
2024-11-05,South,Texas,Technology,Copiers,Corporate,2,1231.36,0.15,2093.31,15.70,2
2024-11-06,West,California,Technology,Copiers,Consumer,3,1751.54,0.1,4729.16,354.69,10
2024-11-06,East,New York,Furniture,Bookcases,Corporate,5,155.13,0.1,698.09,38.39,3
2024-11-06,East,Florida,Office Supplies,Storage,Consumer,7,73.84,0.2,413.50,-4.14,1
2024-11-06,Northeast,Massachusetts,Furniture,Bookcases,Home Office,5,136.95,0,684.75,130.10,4
2024-11-06,Central,Minnesota,Technology,Computers,Home Office,11,841.97,0.1,8335.50,375.10,4
2024-11-06,East,Florida,Furniture,Tables,Corporate,5,327.38,0,1636.90,229.17,3
2024-11-06,Central,Michigan,Office Supplies,Binders,Consumer,9,16.40,0,147.60,56.09,2
2024-11-06,East,Virginia,Furniture,Tables,Home Office,6,445.45,0,2672.70,374.18,2
2024-11-06,Central,Michigan,Furniture,Tables,Corporate,6,283.91,0,1703.46,238.48,10
2024-11-06,South,Texas,Furniture,Chairs,Corporate,3,262.01,0.1,707.43,102.58,4
2024-11-07,West,California,Technology,Phones,Consumer,5,198.64,0.15,844.22,31.66,3
2024-11-07,Central,Michigan,Technology,Computers,Consumer,5,625.82,0,3129.10,563.24,5
2024-11-07,East,Florida,Technology,Phones,Consumer,7,401.35,0.15,2388.03,89.55,8
2024-11-07,West,Oregon,Technology,Phones,Consumer,6,212.18,0.15,1082.12,40.58,3
2024-11-07,South,North Carolina,Furniture,Chairs,Consumer,4,345.10,0.15,1173.34,90.93,2
2024-11-07,East,Pennsylvania,Technology,Phones,Corporate,2,211.33,0,422.66,101.44,1
2024-11-07,Northeast,Massachusetts,Technology,Copiers,Consumer,4,2243.40,0,8973.60,1884.46,5
2024-11-07,Central,Michigan,Office Supplies,Art,Corporate,2,21.26,0,42.52,17.01,4
2024-11-07,West,California,Technology,Computers,Consumer,2,715.12,0,1430.24,257.44,2
2024-11-07,Northeast,New Jersey,Technology,Copiers,Corporate,5,1611.16,0.1,7250.22,543.77,5
2024-11-08,Central,Michigan,Furniture,Bookcases,Consumer,2,145.90,0,291.80,55.44,5
2024-11-08,Northeast,Massachusetts,Technology,Phones,Consumer,2,248.52,0,497.04,119.29,4
2024-11-08,West,Arizona,Furniture,Tables,Home Office,1,421.71,0.15,358.45,-22.40,4
2024-11-08,Northeast,Massachusetts,Office Supplies,Paper,Consumer,1,9.40,0.2,7.52,1.13,2
2024-11-08,South,Texas,Technology,Computers,Consumer,5,935.70,0.1,4210.65,189.48,2
2024-11-08,West,Colorado,Technology,Accessories,Corporate,1,36.27,0,36.27,13.06,4
2024-11-08,East,Florida,Technology,Copiers,Consumer,2,1277.00,0,2554.00,536.34,4
2024-11-08,South,Louisiana,Office Supplies,Art,Consumer,3,27.47,0,82.41,32.96,4
2024-11-08,Central,Ohio,Furniture,Bookcases,Consumer,17,161.11,0.1,2464.98,135.57,3
2024-11-08,Central,Michigan,Furniture,Bookcases,Consumer,1,163.47,0.1,147.12,8.09,3
2024-11-08,West,California,Office Supplies,Binders,Consumer,1,15.34,0,15.34,5.83,2
2024-11-08,West,Nevada,Technology,Accessories,Consumer,6,36.30,0,217.80,78.41,3
2024-11-09,East,Georgia,Furniture,Bookcases,Consumer,3,173.23,0,519.69,98.74,3
2024-11-09,East,New York,Furniture,Tables,Consumer,2,577.28,0,1154.56,161.64,4
2024-11-09,Central,Illinois,Technology,Copiers,Consumer,1,2129.88,0,2129.88,447.27,3
2024-11-10,East,Pennsylvania,Furniture,Chairs,Corporate,4,163.13,0,652.52,182.71,5
2024-11-10,West,Washington,Technology,Accessories,Consumer,1,26.04,0,26.04,9.37,5
2024-11-10,West,Washington,Furniture,Chairs,Consumer,2,229.27,0,458.54,128.39,4
2024-11-10,West,Arizona,Technology,Accessories,Consumer,6,28.07,0,168.42,60.63,3
2024-11-10,Central,Ohio,Furniture,Chairs,Home Office,4,162.11,0,648.44,181.56,4
2024-11-10,East,Virginia,Office Supplies,Art,Consumer,6,22.07,0.1,119.18,31.58,2
2024-11-11,Central,Ohio,Technology,Accessories,Consumer,3,34.32,0,102.96,37.07,2
2024-11-11,West,Nevada,Technology,Accessories,Corporate,7,28.61,0,200.27,72.10,2
2024-11-11,Northeast,Connecticut,Furniture,Chairs,Consumer,3,207.87,0.15,530.07,41.08,3
2024-11-11,West,Nevada,Office Supplies,Binders,Corporate,2,12.79,0.1,23.02,5.64,1
2024-11-11,East,New York,Technology,Copiers,Corporate,9,1442.59,0,12983.31,2726.50,8
2024-11-11,West,California,Technology,Accessories,Consumer,2,29.74,0,59.48,21.41,2
2024-11-11,West,Nevada,Furniture,Chairs,Corporate,3,226.97,0,680.91,190.65,3
2024-11-11,South,Louisiana,Technology,Computers,Consumer,1,826.44,0,826.44,148.76,5
2024-11-11,Central,Ohio,Office Supplies,Binders,Consumer,5,21.75,0.1,97.88,23.98,5
2024-11-11,West,California,Furniture,Tables,Corporate,4,383.67,0,1534.68,214.86,2
2024-11-11,Northeast,New Jersey,Office Supplies,Paper,Consumer,2,14.51,0.15,24.67,5.37,3
2024-11-11,West,Colorado,Furniture,Chairs,Corporate,5,307.87,0.1,1385.42,200.89,5
2024-11-11,West,California,Furniture,Chairs,Consumer,3,174.96,0.1,472.39,68.50,2
2024-11-12,West,Arizona,Technology,Computers,Corporate,5,892.43,0.1,4015.94,180.72,2
2024-11-12,Northeast,Connecticut,Technology,Computers,Corporate,3,984.70,0,2954.10,531.74,6
2024-11-12,West,California,Office Supplies,Storage,Consumer,1,57.98,0.1,52.18,6.52,7
2024-11-12,East,Virginia,Furniture,Tables,Consumer,3,263.07,0,789.21,110.49,3
2024-11-12,West,California,Technology,Computers,Consumer,3,859.94,0,2579.82,464.37,3
2024-11-12,West,Washington,Office Supplies,Binders,Consumer,6,19.13,0,114.78,43.62,4
2024-11-12,East,Florida,Technology,Copiers,Consumer,4,1152.38,0,4609.52,968.00,6
2024-11-12,East,Georgia,Furniture,Tables,Corporate,5,290.03,0,1450.15,203.02,4
2024-11-12,Northeast,Connecticut,Technology,Accessories,Consumer,3,37.78,0,113.34,40.80,3
2024-11-12,East,Florida,Furniture,Bookcases,Consumer,1,167.25,0,167.25,31.78,3
2024-11-12,Central,Illinois,Furniture,Chairs,Home Office,2,162.63,0.1,292.73,42.45,3
2024-11-12,West,Colorado,Office Supplies,Binders,Consumer,1,31.05,0,31.05,11.80,5
2024-11-12,Central,Missouri,Furniture,Furnishings,Consumer,3,60.29,0.15,153.74,21.14,2
2024-11-13,West,California,Furniture,Tables,Home Office,2,247.94,0,495.88,69.42,2
2024-11-13,Central,Illinois,Furniture,Furnishings,Consumer,5,36.72,0,183.60,62.42,3
2024-11-13,South,Alabama,Technology,Phones,Consumer,3,221.82,0.1,598.91,62.89,6
2024-11-13,South,Texas,Office Supplies,Paper,Consumer,3,9.16,0.15,23.36,5.08,3
2024-11-13,West,Nevada,Technology,Phones,Consumer,1,228.29,0,228.29,54.79,3
2024-11-13,East,Virginia,Furniture,Tables,Consumer,2,577.04,0.1,1038.67,5.19,3
2024-11-13,East,New York,Office Supplies,Paper,Consumer,5,20.79,0,103.95,43.66,3
2024-11-13,West,Washington,Office Supplies,Binders,Corporate,5,17.58,0.15,74.71,13.26,5
2024-11-14,South,North Carolina,Office Supplies,Art,Corporate,5,13.82,0,69.10,27.64,3
2024-11-14,South,Texas,Technology,Phones,Corporate,7,319.42,0,2235.94,536.63,5
2024-11-14,South,Alabama,Office Supplies,Storage,Corporate,2,61.01,0.1,109.82,13.73,5
2024-11-14,Northeast,Massachusetts,Office Supplies,Storage,Consumer,3,71.00,0,213.00,55.38,6
2024-11-14,West,California,Office Supplies,Binders,Consumer,9,13.07,0.3,82.34,-2.06,5
2024-11-14,South,North Carolina,Office Supplies,Paper,Consumer,2,10.64,0,21.28,8.94,4
2024-11-14,West,Nevada,Furniture,Bookcases,Consumer,2,155.36,0.1,279.65,15.38,2
2024-11-14,East,Georgia,Office Supplies,Art,Home Office,4,28.17,0.1,101.41,26.87,3
2024-11-14,Northeast,Connecticut,Technology,Computers,Corporate,5,936.32,0,4681.60,842.69,3
2024-11-14,East,Georgia,Technology,Computers,Consumer,2,577.13,0,1154.26,207.77,4
2024-11-15,Central,Illinois,Furniture,Tables,Consumer,4,338.73,0,1354.92,189.69,4
2024-11-15,Central,Ohio,Office Supplies,Paper,Consumer,5,12.54,0,62.70,26.33,5
2024-11-15,West,Colorado,Office Supplies,Storage,Consumer,1,75.45,0,75.45,19.62,3
2024-11-15,South,Alabama,Technology,Accessories,Consumer,3,40.24,0,120.72,43.46,4
2024-11-15,West,California,Furniture,Chairs,Home Office,5,186.78,0,933.90,261.49,3
2024-11-15,Central,Illinois,Furniture,Furnishings,Consumer,1,51.24,0,51.24,17.42,5
2024-11-15,Central,Minnesota,Technology,Copiers,Consumer,1,1326.98,0.2,1061.58,-63.69,1
2024-11-15,West,Washington,Technology,Copiers,Consumer,6,1077.53,0,6465.18,1357.69,3
2024-11-15,East,New York,Office Supplies,Paper,Consumer,2,14.74,0,29.48,12.38,3
2024-11-15,East,Pennsylvania,Office Supplies,Binders,Consumer,2,18.09,0,36.18,13.75,6
2024-11-15,West,Washington,Office Supplies,Binders,Consumer,3,17.85,0.15,45.52,8.08,3
2024-11-15,Central,Ohio,Office Supplies,Paper,Consumer,2,19.04,0.15,32.37,7.04,2
2024-11-15,East,Pennsylvania,Technology,Copiers,Consumer,6,1774.27,0,10645.62,2235.58,1
2024-11-15,West,Washington,Office Supplies,Paper,Consumer,5,18.26,0,91.30,38.35,1
2024-11-15,South,Texas,Office Supplies,Storage,Consumer,4,96.54,0,386.16,100.40,4
2024-11-16,West,California,Furniture,Furnishings,Home Office,6,53.13,0,318.78,108.39,3
2024-11-16,West,Washington,Office Supplies,Storage,Home Office,4,66.99,0,267.96,69.67,3
2024-11-16,West,California,Furniture,Bookcases,Consumer,1,159.23,0,159.23,30.25,5
2024-11-16,Northeast,New Jersey,Furniture,Chairs,Consumer,6,187.06,0.1,1010.12,146.47,3
2024-11-17,Central,Michigan,Office Supplies,Storage,Corporate,3,63.30,0.15,161.41,9.28,5
2024-11-17,West,California,Furniture,Furnishings,Corporate,1,33.18,0.1,29.86,6.12,3
2024-11-17,Northeast,New Jersey,Technology,Copiers,Corporate,8,1614.56,0,12916.48,2712.46,3
2024-11-17,Central,Ohio,Furniture,Bookcases,Corporate,1,184.31,0.15,156.66,-1.96,4
2024-11-18,Northeast,New Jersey,Office Supplies,Binders,Consumer,11,16.61,0,182.71,69.43,4
2024-11-18,East,Virginia,Furniture,Furnishings,Consumer,2,40.10,0,80.20,27.27,3
2024-11-18,East,New York,Office Supplies,Art,Consumer,7,31.72,0,222.04,88.82,5
2024-11-18,South,Tennessee,Technology,Computers,Corporate,3,792.25,0.2,1901.40,-171.13,3
2024-11-18,West,California,Technology,Phones,Consumer,6,198.61,0,1191.66,286.00,4
2024-11-18,East,Georgia,Technology,Copiers,Corporate,4,1358.75,0,5435.00,1141.35,3
2024-11-18,Central,Illinois,Furniture,Chairs,Consumer,12,209.18,0,2510.16,702.84,5
2024-11-18,West,Colorado,Office Supplies,Binders,Consumer,4,30.43,0,121.72,46.25,3
2024-11-19,West,Oregon,Furniture,Tables,Consumer,4,327.34,0,1309.36,183.31,8
2024-11-19,West,Arizona,Technology,Accessories,Consumer,6,37.20,0,223.20,80.35,2
2024-11-19,Central,Missouri,Furniture,Chairs,Consumer,1,299.99,0,299.99,84.00,2
2024-11-19,Central,Minnesota,Office Supplies,Storage,Corporate,2,41.01,0,82.02,21.33,5
2024-11-19,South,Louisiana,Office Supplies,Paper,Consumer,2,14.50,0.1,26.10,7.44,3
2024-11-19,Central,Illinois,Office Supplies,Paper,Consumer,4,13.36,0.2,42.75,6.41,6
2024-11-19,West,Washington,Furniture,Furnishings,Consumer,3,71.81,0.2,172.34,12.06,5
2024-11-19,Central,Michigan,Technology,Accessories,Consumer,1,44.05,0,44.05,15.86,2
2024-11-19,East,New York,Furniture,Furnishings,Corporate,1,40.27,0.15,34.23,4.71,6
2024-11-19,Central,Illinois,Technology,Computers,Consumer,4,929.48,0,3717.92,669.23,3
2024-11-20,West,California,Office Supplies,Paper,Corporate,5,12.13,0.3,42.46,0.64,2
2024-11-20,Central,Michigan,Furniture,Furnishings,Consumer,4,57.21,0.15,194.51,26.75,5
2024-11-20,West,Oregon,Office Supplies,Storage,Corporate,2,75.04,0,150.08,39.02,3
2024-11-20,West,California,Furniture,Bookcases,Consumer,6,230.36,0.1,1243.94,68.42,2
2024-11-20,Central,Ohio,Furniture,Bookcases,Home Office,8,132.80,0.1,956.16,52.59,4
2024-11-20,South,Louisiana,Technology,Accessories,Consumer,7,25.64,0,179.48,64.61,5
2024-11-20,Central,Missouri,Office Supplies,Art,Corporate,1,27.26,0,27.26,10.90,4
2024-11-20,West,Nevada,Technology,Phones,Corporate,4,252.45,0,1009.80,242.35,5
2024-11-21,West,Arizona,Technology,Computers,Consumer,1,942.90,0.2,754.32,-67.89,3
2024-11-21,West,California,Technology,Accessories,Consumer,5,29.67,0,148.35,53.41,2
2024-11-21,West,California,Office Supplies,Art,Corporate,1,19.51,0,19.51,7.80,4
2024-11-21,South,Tennessee,Furniture,Tables,Consumer,3,315.95,0,947.85,132.70,2
2024-11-21,West,California,Office Supplies,Storage,Home Office,1,56.31,0,56.31,14.64,2
2024-11-21,East,Virginia,Furniture,Bookcases,Consumer,1,138.41,0.15,117.65,-1.47,4
2024-11-21,South,Tennessee,Technology,Accessories,Corporate,3,30.79,0,92.37,33.25,3
2024-11-21,Central,Minnesota,Office Supplies,Paper,Corporate,1,14.05,0,14.05,5.90,3
2024-11-21,West,Nevada,Technology,Computers,Corporate,3,766.21,0,2298.63,413.75,2
2024-11-21,Central,Michigan,Office Supplies,Art,Corporate,5,28.51,0,142.55,57.02,2
2024-11-21,Northeast,New Jersey,Office Supplies,Art,Consumer,4,19.68,0,78.72,31.49,4
2024-11-21,South,Texas,Technology,Computers,Consumer,6,851.75,0,5110.50,919.89,4
2024-11-22,South,Alabama,Technology,Phones,Consumer,4,209.88,0,839.52,201.48,7
2024-11-22,Central,Ohio,Furniture,Chairs,Consumer,8,173.08,0,1384.64,387.70,2
2024-11-22,East,New York,Technology,Computers,Corporate,2,619.05,0,1238.10,222.86,5
2024-11-22,East,Georgia,Furniture,Tables,Consumer,2,293.98,0,587.96,82.31,2
2024-11-22,South,North Carolina,Technology,Computers,Consumer,5,612.39,0,3061.95,551.15,6
2024-11-22,South,Tennessee,Furniture,Chairs,Consumer,2,222.62,0,445.24,124.67,5
2024-11-22,West,Oregon,Furniture,Bookcases,Home Office,3,160.98,0,482.94,91.76,4
2024-11-22,Central,Illinois,Furniture,Tables,Home Office,2,411.99,0.15,700.38,-43.77,3
2024-11-23,Northeast,New Jersey,Furniture,Chairs,Consumer,3,234.32,0,702.96,196.83,6
2024-11-23,East,New York,Furniture,Furnishings,Consumer,10,41.48,0.15,352.58,48.48,5
2024-11-23,East,Virginia,Furniture,Chairs,Corporate,2,324.48,0.1,584.06,84.69,2
2024-11-23,East,Virginia,Furniture,Tables,Consumer,1,343.61,0,343.61,48.11,4
2024-11-23,South,Louisiana,Office Supplies,Storage,Corporate,7,49.35,0,345.45,89.82,2
2024-11-23,South,North Carolina,Furniture,Chairs,Corporate,4,178.15,0,712.60,199.53,7
2024-11-23,East,Pennsylvania,Technology,Phones,Consumer,1,303.44,0.1,273.10,28.68,2
2024-11-23,Northeast,Massachusetts,Furniture,Tables,Corporate,4,249.91,0.1,899.68,4.50,9
2024-11-23,East,Georgia,Furniture,Chairs,Consumer,5,253.43,0,1267.15,354.80,4
2024-11-24,Central,Minnesota,Office Supplies,Paper,Corporate,6,14.69,0.1,79.33,22.61,2
2024-11-24,East,Florida,Office Supplies,Binders,Corporate,1,28.06,0,28.06,10.66,4
2024-11-24,Central,Missouri,Technology,Phones,Corporate,2,207.17,0,414.34,99.44,3
2024-11-24,West,Oregon,Office Supplies,Binders,Consumer,2,12.24,0,24.48,9.30,3
2024-11-25,East,Pennsylvania,Technology,Phones,Corporate,7,182.21,0.2,1020.38,-30.61,4
2024-11-25,Central,Minnesota,Office Supplies,Paper,Consumer,2,15.61,0.1,28.10,8.01,4
2024-11-25,East,New York,Office Supplies,Binders,Home Office,3,16.21,0.15,41.34,7.34,4
2024-11-25,West,California,Office Supplies,Binders,Consumer,3,17.00,0,51.00,19.38,2
2024-11-25,Central,Ohio,Office Supplies,Storage,Consumer,6,64.53,0.1,348.46,43.56,6
2024-11-25,West,California,Technology,Computers,Home Office,4,584.24,0,2336.96,420.65,2
2024-11-25,East,New York,Furniture,Chairs,Home Office,2,175.54,0,351.08,98.30,4
2024-11-25,South,Texas,Technology,Computers,Consumer,3,1121.35,0,3364.05,605.53,3
2024-11-25,South,North Carolina,Furniture,Chairs,Corporate,3,209.75,0.2,503.40,5.03,3
2024-11-25,East,Georgia,Technology,Computers,Corporate,3,935.60,0.1,2526.12,113.68,5
2024-11-26,Central,Ohio,Technology,Computers,Home Office,3,685.73,0,2057.19,370.29,2
2024-11-26,Central,Michigan,Technology,Phones,Corporate,2,222.32,0,444.64,106.71,4
2024-11-26,West,California,Furniture,Bookcases,Consumer,4,181.21,0,724.84,137.72,7
2024-11-26,West,Washington,Technology,Copiers,Corporate,2,1248.19,0,2496.38,524.24,3
2024-11-26,Central,Minnesota,Technology,Accessories,Consumer,12,58.34,0,700.08,252.03,4
2024-11-26,South,Louisiana,Furniture,Bookcases,Consumer,1,127.64,0.1,114.88,6.32,4
2024-11-27,South,Texas,Technology,Phones,Consumer,6,176.26,0.2,846.05,-25.38,2
2024-11-27,Central,Michigan,Furniture,Bookcases,Consumer,7,168.29,0,1178.03,223.83,2
2024-11-27,Northeast,Connecticut,Office Supplies,Paper,Corporate,3,10.25,0,30.75,12.92,4
2024-11-27,West,Oregon,Technology,Accessories,Consumer,2,31.10,0.15,52.87,8.33,2
2024-11-27,Northeast,New Jersey,Technology,Computers,Consumer,2,628.85,0,1257.70,226.39,4
2024-11-27,East,New York,Furniture,Bookcases,Consumer,3,185.58,0.15,473.23,-5.92,4
2024-11-27,South,Tennessee,Office Supplies,Paper,Consumer,3,11.02,0,33.06,13.89,2
2024-11-27,East,New York,Technology,Phones,Consumer,7,216.40,0,1514.80,363.55,1
2024-11-28,Central,Missouri,Technology,Computers,Consumer,3,957.38,0.2,2297.71,-206.79,4
2024-11-28,East,Florida,Technology,Phones,Home Office,9,254.81,0,2293.29,550.39,2
2024-11-28,West,Oregon,Furniture,Furnishings,Consumer,3,41.03,0,123.09,41.85,1
2024-11-28,West,Nevada,Office Supplies,Storage,Consumer,2,67.83,0,135.66,35.27,3
2024-11-28,East,New York,Furniture,Chairs,Consumer,1,192.58,0,192.58,53.92,2
2024-11-28,Northeast,Massachusetts,Furniture,Chairs,Corporate,3,236.94,0,710.82,199.03,5
2024-11-28,West,California,Furniture,Chairs,Corporate,2,251.56,0,503.12,140.87,3
2024-11-28,West,California,Furniture,Chairs,Consumer,2,183.23,0.15,311.49,24.14,3
2024-11-28,West,California,Office Supplies,Binders,Consumer,2,15.45,0,30.90,11.74,3
2024-11-29,South,Alabama,Office Supplies,Art,Consumer,3,23.08,0,69.24,27.70,4
2024-11-29,Central,Ohio,Office Supplies,Art,Consumer,6,25.55,0,153.30,61.32,5
2024-11-29,West,Arizona,Technology,Copiers,Consumer,3,2407.34,0.15,6138.72,46.04,3
2024-11-29,East,Georgia,Furniture,Chairs,Corporate,8,255.87,0,2046.96,573.15,3
2024-11-29,East,Pennsylvania,Office Supplies,Binders,Consumer,3,14.75,0.2,35.40,3.89,3
2024-11-29,South,Texas,Office Supplies,Art,Corporate,3,28.96,0,86.88,34.75,2
2024-11-29,South,Texas,Office Supplies,Art,Corporate,3,29.88,0,89.64,35.86,2
2024-11-29,West,Arizona,Technology,Computers,Consumer,1,841.56,0,841.56,151.48,2
2024-11-29,South,Texas,Technology,Accessories,Corporate,3,46.08,0.15,117.50,18.51,2
2024-11-29,West,California,Furniture,Furnishings,Consumer,3,86.18,0,258.54,87.90,2
2024-11-29,East,Pennsylvania,Furniture,Furnishings,Corporate,5,50.32,0,251.60,85.54,2
2024-11-29,South,Alabama,Office Supplies,Storage,Corporate,2,48.09,0,96.18,25.01,4
2024-11-29,West,California,Furniture,Chairs,Consumer,12,223.02,0.1,2408.62,349.25,2
2024-11-29,West,Washington,Furniture,Furnishings,Corporate,3,33.53,0,100.59,34.20,3
2024-11-29,East,Georgia,Technology,Computers,Home Office,2,606.94,0,1213.88,218.50,8
2024-11-29,East,Pennsylvania,Furniture,Tables,Consumer,5,282.23,0.3,987.81,-261.77,2
2024-11-29,East,Pennsylvania,Technology,Computers,Consumer,3,707.84,0.15,1804.99,-40.61,3
2024-11-29,South,Texas,Technology,Copiers,Consumer,8,1496.93,0.15,10179.12,76.34,2
2024-11-30,West,Colorado,Furniture,Tables,Consumer,8,343.98,0,2751.84,385.26,7
2024-11-30,East,Georgia,Furniture,Furnishings,Consumer,3,28.19,0,84.57,28.75,3
2024-11-30,East,New York,Furniture,Tables,Corporate,2,370.46,0,740.92,103.73,4
2024-11-30,Central,Illinois,Office Supplies,Binders,Consumer,6,14.04,0,84.24,32.01,2
2024-12-01,South,Alabama,Office Supplies,Art,Consumer,2,14.70,0.15,24.99,4.94,5
2024-12-01,East,New York,Furniture,Chairs,Consumer,6,229.03,0,1374.18,384.77,3
2024-12-01,South,Tennessee,Technology,Accessories,Consumer,7,61.57,0,430.99,155.16,3
2024-12-01,West,California,Office Supplies,Paper,Corporate,2,9.44,0,18.88,7.93,2
2024-12-01,West,Washington,Office Supplies,Storage,Consumer,6,58.60,0,351.60,91.42,7
2024-12-02,West,California,Office Supplies,Paper,Home Office,11,11.75,0,129.25,54.29,2
2024-12-02,Central,Missouri,Furniture,Chairs,Corporate,4,308.87,0.1,1111.93,161.23,4
2024-12-02,Central,Minnesota,Office Supplies,Art,Corporate,2,23.26,0.2,37.22,4.84,4
2024-12-02,Central,Michigan,Technology,Computers,Consumer,5,805.25,0,4026.25,724.73,7
2024-12-02,East,Pennsylvania,Office Supplies,Art,Consumer,6,18.59,0,111.54,44.62,7
2024-12-02,Northeast,New Jersey,Furniture,Bookcases,Consumer,3,173.02,0.1,467.15,25.69,9
2024-12-02,Northeast,Connecticut,Office Supplies,Art,Corporate,1,34.63,0,34.63,13.85,3
2024-12-02,Central,Illinois,Technology,Phones,Home Office,6,256.27,0,1537.62,369.03,6
2024-12-03,West,California,Furniture,Chairs,Consumer,3,276.57,0.15,705.25,54.66,6
2024-12-03,East,Pennsylvania,Technology,Phones,Consumer,2,192.57,0,385.14,92.43,2
2024-12-03,Northeast,Massachusetts,Office Supplies,Art,Consumer,3,31.52,0.3,66.19,-0.33,3
2024-12-03,Central,Illinois,Office Supplies,Storage,Consumer,6,41.59,0,249.54,64.88,2
2024-12-03,South,Texas,Furniture,Tables,Corporate,10,410.18,0,4101.80,574.25,2
2024-12-03,Northeast,Connecticut,Technology,Computers,Home Office,2,742.85,0,1485.70,267.43,5
2024-12-03,Central,Illinois,Office Supplies,Binders,Consumer,3,15.49,0.1,41.82,10.25,2
2024-12-03,Central,Illinois,Furniture,Bookcases,Consumer,4,127.33,0.15,432.92,-5.41,3
2024-12-03,South,Alabama,Furniture,Tables,Corporate,3,280.31,0.1,756.84,3.78,2
2024-12-03,Central,Minnesota,Technology,Phones,Corporate,2,274.69,0.1,494.44,51.92,4
2024-12-03,South,North Carolina,Office Supplies,Binders,Home Office,3,25.34,0,76.02,28.89,4
2024-12-03,East,Pennsylvania,Technology,Accessories,Corporate,2,51.67,0,103.34,37.20,4
2024-12-04,Central,Ohio,Office Supplies,Binders,Consumer,3,20.48,0,61.44,23.35,3
2024-12-04,West,Nevada,Furniture,Chairs,Consumer,8,238.75,0.1,1719.00,249.26,3
2024-12-04,West,Nevada,Technology,Phones,Consumer,1,172.61,0.1,155.35,16.31,6
2024-12-04,West,Arizona,Office Supplies,Art,Consumer,3,30.95,0,92.85,37.14,3
2024-12-04,South,Texas,Technology,Copiers,Corporate,4,1126.79,0,4507.16,946.50,3
2024-12-04,Northeast,New Jersey,Technology,Accessories,Corporate,1,35.39,0.1,31.85,7.17,2
2024-12-04,South,North Carolina,Furniture,Furnishings,Consumer,6,49.48,0,296.88,100.94,5
2024-12-04,South,Louisiana,Technology,Computers,Corporate,2,708.58,0,1417.16,255.09,7
2024-12-05,West,California,Office Supplies,Paper,Corporate,7,9.33,0,65.31,27.43,3
2024-12-05,West,Oregon,Technology,Copiers,Consumer,2,1471.01,0,2942.02,617.82,2
2024-12-05,East,Florida,Furniture,Chairs,Corporate,2,191.42,0,382.84,107.20,3
2024-12-05,East,Pennsylvania,Furniture,Bookcases,Corporate,1,221.69,0,221.69,42.12,2
2024-12-05,East,Pennsylvania,Technology,Phones,Corporate,2,183.80,0,367.60,88.22,4
2024-12-05,East,New York,Office Supplies,Storage,Home Office,5,100.09,0,500.45,130.12,3
2024-12-05,East,Georgia,Office Supplies,Storage,Corporate,9,63.48,0,571.32,148.54,5
2024-12-05,West,California,Office Supplies,Art,Consumer,6,25.43,0,152.58,61.03,3
2024-12-05,East,New York,Technology,Phones,Consumer,4,220.78,0,883.12,211.95,4
2024-12-05,West,Oregon,Technology,Computers,Home Office,2,759.61,0,1519.22,273.46,4
2024-12-05,East,Pennsylvania,Technology,Accessories,Home Office,2,34.30,0,68.60,24.70,2
2024-12-05,East,Pennsylvania,Technology,Copiers,Consumer,1,1704.13,0,1704.13,357.87,5
2024-12-05,Northeast,Massachusetts,Office Supplies,Binders,Home Office,4,19.63,0,78.52,29.84,3
2024-12-05,East,Georgia,Furniture,Bookcases,Home Office,1,140.08,0,140.08,26.62,4
2024-12-05,South,Louisiana,Furniture,Tables,Consumer,2,291.88,0,583.76,81.73,1
2024-12-06,Central,Michigan,Technology,Computers,Consumer,1,748.95,0,748.95,134.81,2
2024-12-06,South,Texas,Office Supplies,Paper,Consumer,4,11.71,0,46.84,19.67,6
2024-12-06,West,California,Technology,Phones,Corporate,3,341.42,0,1024.26,245.82,5
2024-12-06,Central,Missouri,Technology,Computers,Consumer,2,765.59,0.1,1378.06,62.01,5
2024-12-06,West,Oregon,Furniture,Bookcases,Consumer,7,160.36,0,1122.52,213.28,3
2024-12-06,East,Pennsylvania,Office Supplies,Paper,Consumer,3,11.91,0.1,32.16,9.17,4
2024-12-06,West,Oregon,Furniture,Chairs,Consumer,4,184.16,0,736.64,206.26,3
2024-12-06,South,Texas,Office Supplies,Binders,Consumer,3,20.79,0.1,56.13,13.75,4
2024-12-06,Central,Minnesota,Technology,Phones,Corporate,13,205.98,0.1,2409.97,253.05,1
2024-12-06,Central,Minnesota,Office Supplies,Art,Consumer,1,20.93,0,20.93,8.37,2
2024-12-06,West,Washington,Office Supplies,Binders,Corporate,2,16.82,0,33.64,12.78,3
2024-12-06,East,Virginia,Technology,Phones,Consumer,2,235.71,0.1,424.28,44.55,2
2024-12-06,Northeast,Connecticut,Furniture,Bookcases,Consumer,7,209.01,0,1463.07,277.98,4
2024-12-06,East,New York,Furniture,Furnishings,Corporate,2,48.40,0,96.80,32.91,6
2024-12-06,Central,Michigan,Technology,Phones,Corporate,2,337.22,0.15,573.27,21.50,1
2024-12-06,East,New York,Technology,Phones,Consumer,2,174.50,0.15,296.65,11.12,3
2024-12-06,West,Colorado,Technology,Accessories,Consumer,10,41.11,0,411.10,148.00,1
2024-12-06,East,Florida,Furniture,Bookcases,Consumer,4,111.51,0.1,401.44,22.08,2
2024-12-06,Northeast,New Jersey,Office Supplies,Storage,Corporate,16,63.73,0.1,917.71,114.71,5
2024-12-06,East,Florida,Furniture,Chairs,Consumer,4,310.35,0,1241.40,347.59,2
2024-12-06,East,Pennsylvania,Office Supplies,Art,Corporate,2,32.58,0.3,45.61,-0.23,4
2024-12-06,East,New York,Technology,Phones,Corporate,5,197.07,0.15,837.55,31.41,4
2024-12-06,West,California,Furniture,Chairs,Home Office,15,178.58,0,2678.70,750.04,7
2024-12-06,Northeast,New Jersey,Technology,Computers,Consumer,1,948.73,0,948.73,170.77,3
2024-12-07,West,California,Technology,Computers,Corporate,3,692.26,0,2076.78,373.82,2
2024-12-07,Central,Michigan,Furniture,Tables,Consumer,3,420.30,0,1260.90,176.53,4
2024-12-07,West,Nevada,Furniture,Tables,Consumer,1,326.98,0,326.98,45.78,4
2024-12-07,East,New York,Office Supplies,Binders,Home Office,4,10.21,0.2,32.67,3.59,5
2024-12-07,West,California,Office Supplies,Art,Consumer,3,14.74,0,44.22,17.69,9
2024-12-07,Central,Ohio,Furniture,Bookcases,Corporate,2,198.99,0,397.98,75.62,3
2024-12-07,West,California,Furniture,Chairs,Consumer,4,150.96,0,603.84,169.08,3
2024-12-07,Central,Michigan,Furniture,Chairs,Consumer,7,253.62,0,1775.34,497.10,3
2024-12-08,East,Pennsylvania,Office Supplies,Binders,Corporate,6,17.01,0,102.06,38.78,2
2024-12-08,West,California,Furniture,Furnishings,Consumer,3,51.19,0,153.57,52.21,5
2024-12-08,East,New York,Technology,Phones,Consumer,4,315.25,0,1261.00,302.64,4
2024-12-08,South,Texas,Technology,Phones,Home Office,2,303.11,0.15,515.29,19.32,3
2024-12-09,East,New York,Office Supplies,Paper,Consumer,3,14.72,0.1,39.74,11.33,3
2024-12-09,East,Georgia,Technology,Accessories,Consumer,3,32.60,0,97.80,35.21,6
2024-12-09,West,California,Furniture,Chairs,Corporate,5,203.85,0,1019.25,285.39,3
2024-12-09,South,Alabama,Technology,Accessories,Consumer,5,44.10,0,220.50,79.38,2
2024-12-09,East,Virginia,Technology,Phones,Home Office,4,207.58,0.3,581.22,-95.90,3
2024-12-09,South,Texas,Office Supplies,Storage,Consumer,7,74.88,0,524.16,136.28,4
2024-12-09,South,Alabama,Furniture,Furnishings,Consumer,3,39.12,0.1,105.62,21.65,4
2024-12-09,Northeast,New Jersey,Office Supplies,Art,Home Office,6,20.77,0,124.62,49.85,4
2024-12-09,West,California,Technology,Phones,Consumer,2,260.15,0,520.30,124.87,5
2024-12-09,Central,Illinois,Office Supplies,Storage,Consumer,4,60.39,0,241.56,62.81,5
2024-12-09,Central,Michigan,Office Supplies,Paper,Consumer,12,10.42,0.1,112.54,32.07,6
2024-12-09,Central,Ohio,Office Supplies,Paper,Corporate,1,10.80,0,10.80,4.54,2
2024-12-09,South,North Carolina,Technology,Computers,Home Office,3,672.89,0.2,1614.94,-145.34,3
2024-12-09,West,Oregon,Technology,Phones,Corporate,5,170.30,0,851.50,204.36,8
2024-12-09,West,Arizona,Office Supplies,Storage,Consumer,3,62.88,0.15,160.34,9.22,4
2024-12-09,Central,Michigan,Office Supplies,Art,Home Office,6,20.95,0.15,106.84,21.10,3
2024-12-09,West,Nevada,Furniture,Tables,Corporate,2,356.21,0.2,569.94,-74.09,4
2024-12-10,Central,Missouri,Technology,Copiers,Consumer,5,1314.35,0,6571.75,1380.07,2
2024-12-10,West,California,Technology,Phones,Corporate,1,267.25,0,267.25,64.14,4
2024-12-10,East,New York,Furniture,Bookcases,Consumer,4,91.67,0.1,330.01,18.15,3
2024-12-10,West,Colorado,Office Supplies,Binders,Home Office,6,26.08,0,156.48,59.46,6
2024-12-10,West,Nevada,Furniture,Tables,Consumer,9,336.49,0,3028.41,423.98,2
2024-12-10,South,Texas,Office Supplies,Storage,Corporate,7,69.24,0.1,436.21,54.53,5
2024-12-10,West,California,Office Supplies,Binders,Consumer,3,21.64,0.15,55.18,9.79,5
2024-12-10,East,Georgia,Furniture,Tables,Corporate,6,254.16,0,1524.96,213.49,5
2024-12-10,East,Florida,Furniture,Tables,Home Office,1,245.63,0,245.63,34.39,2
2024-12-10,West,California,Office Supplies,Art,Consumer,2,22.98,0.1,41.36,10.96,2
2024-12-10,South,Texas,Furniture,Chairs,Corporate,3,192.80,0,578.40,161.95,3
2024-12-10,East,Pennsylvania,Technology,Accessories,Corporate,5,43.68,0,218.40,78.62,5
2024-12-10,Central,Ohio,Office Supplies,Storage,Home Office,1,73.75,0.1,66.38,8.30,8
2024-12-11,West,Washington,Office Supplies,Binders,Consumer,2,14.85,0,29.70,11.29,5
2024-12-11,Central,Illinois,Technology,Phones,Home Office,3,178.88,0,536.64,128.79,2
2024-12-11,East,Pennsylvania,Office Supplies,Binders,Consumer,4,24.02,0,96.08,36.51,4
2024-12-11,Central,Illinois,Office Supplies,Binders,Consumer,2,24.91,0,49.82,18.93,3
2024-12-11,East,Georgia,Technology,Copiers,Corporate,11,1353.64,0,14890.04,3126.91,4
2024-12-11,East,Pennsylvania,Office Supplies,Paper,Corporate,2,9.30,0,18.60,7.81,2
2024-12-11,South,Texas,Furniture,Tables,Consumer,1,310.62,0,310.62,43.49,3
2024-12-11,West,Oregon,Technology,Phones,Corporate,5,264.52,0.2,1058.08,-31.74,3
2024-12-11,South,Alabama,Technology,Accessories,Consumer,2,36.56,0,73.12,26.32,3
2024-12-11,West,Washington,Furniture,Tables,Consumer,11,342.78,0,3770.58,527.88,2
2024-12-11,West,California,Technology,Copiers,Consumer,2,1426.65,0,2853.30,599.19,5
2024-12-11,East,Virginia,Furniture,Tables,Consumer,1,261.19,0.2,208.95,-27.16,2
2024-12-11,East,Georgia,Technology,Phones,Consumer,7,330.71,0.2,1851.98,-55.56,7
2024-12-11,West,California,Office Supplies,Binders,Corporate,4,16.93,0.15,57.56,10.22,5
2024-12-11,South,Alabama,Furniture,Bookcases,Corporate,2,137.41,0,274.82,52.22,2
2024-12-11,West,Washington,Furniture,Bookcases,Consumer,2,127.04,0,254.08,48.28,2
2024-12-11,East,Georgia,Office Supplies,Storage,Consumer,2,62.21,0.15,105.76,6.08,2
2024-12-11,East,Georgia,Office Supplies,Art,Consumer,3,24.15,0,72.45,28.98,3
2024-12-12,South,Texas,Technology,Computers,Corporate,4,729.03,0.1,2624.51,118.10,6
2024-12-12,Central,Missouri,Office Supplies,Storage,Corporate,2,56.59,0.1,101.86,12.73,2
2024-12-12,Northeast,Massachusetts,Office Supplies,Storage,Corporate,1,73.00,0,73.00,18.98,2
2024-12-12,Central,Illinois,Office Supplies,Binders,Consumer,2,10.39,0,20.78,7.90,4
2024-12-12,West,California,Technology,Computers,Consumer,4,717.95,0.1,2584.62,116.31,5
2024-12-12,West,California,Furniture,Bookcases,Consumer,2,168.23,0,336.46,63.93,1
2024-12-12,East,Georgia,Furniture,Furnishings,Consumer,8,41.34,0.2,264.58,18.52,3
2024-12-12,West,Nevada,Technology,Computers,Home Office,2,998.00,0,1996.00,359.28,3
2024-12-12,West,California,Technology,Phones,Consumer,4,308.98,0.1,1112.33,116.79,2
2024-12-12,West,Arizona,Furniture,Tables,Consumer,8,336.91,0,2695.28,377.34,2
2024-12-12,West,California,Technology,Computers,Corporate,10,1173.60,0,11736.00,2112.48,5
2024-12-12,Northeast,Massachusetts,Technology,Copiers,Corporate,1,1375.05,0.1,1237.55,92.82,3
2024-12-13,West,Washington,Technology,Copiers,Consumer,3,1920.10,0.1,5184.27,388.82,2
2024-12-13,East,Georgia,Office Supplies,Storage,Consumer,1,66.66,0,66.66,17.33,3
2024-12-13,Central,Minnesota,Technology,Computers,Consumer,3,935.87,0,2807.61,505.37,2
2024-12-13,West,Colorado,Furniture,Furnishings,Consumer,2,31.18,0.15,53.01,7.29,2
2024-12-13,Northeast,Massachusetts,Furniture,Furnishings,Consumer,2,57.32,0.1,103.18,21.15,4
2024-12-13,East,Georgia,Office Supplies,Storage,Consumer,1,61.17,0.1,55.05,6.88,3
2024-12-13,West,California,Technology,Computers,Consumer,1,842.21,0,842.21,151.60,3
2024-12-13,West,California,Technology,Computers,Corporate,4,963.52,0,3854.08,693.73,2
2024-12-13,Central,Illinois,Technology,Computers,Corporate,7,1129.67,0,7907.69,1423.38,4
2024-12-13,Northeast,New Jersey,Technology,Copiers,Corporate,4,1171.26,0,4685.04,983.86,7
2024-12-14,East,New York,Technology,Computers,Consumer,2,850.38,0,1700.76,306.14,2
2024-12-14,East,Virginia,Technology,Accessories,Consumer,2,38.72,0.15,65.82,10.37,1
2024-12-14,Central,Michigan,Technology,Computers,Corporate,2,839.48,0.15,1427.12,-32.11,3
2024-12-14,South,Texas,Furniture,Furnishings,Home Office,2,28.02,0,56.04,19.05,2
2024-12-15,East,Virginia,Technology,Phones,Consumer,6,263.86,0.15,1345.69,50.46,3
2024-12-15,Central,Michigan,Office Supplies,Storage,Consumer,5,91.42,0.1,411.39,51.42,2
2024-12-15,Central,Ohio,Technology,Phones,Home Office,2,381.03,0,762.06,182.89,5
2024-12-15,West,Arizona,Technology,Accessories,Home Office,3,45.40,0,136.20,49.03,3
2024-12-16,Central,Missouri,Technology,Phones,Consumer,2,260.30,0.15,442.51,16.59,3
2024-12-16,Central,Illinois,Furniture,Chairs,Consumer,4,203.70,0.1,733.32,106.33,4
2024-12-16,West,Arizona,Furniture,Chairs,Consumer,2,244.26,0,488.52,136.79,4
2024-12-16,East,Florida,Furniture,Furnishings,Home Office,5,26.99,0,134.95,45.88,2
2024-12-16,Central,Illinois,Technology,Computers,Consumer,6,976.30,0.1,5272.02,237.24,3
2024-12-16,South,Texas,Furniture,Tables,Home Office,1,367.80,0,367.80,51.49,5
2024-12-16,South,Louisiana,Furniture,Chairs,Consumer,2,363.86,0.1,654.95,94.97,2
2024-12-17,South,Texas,Furniture,Chairs,Consumer,3,290.05,0.1,783.14,113.56,1
2024-12-17,East,Virginia,Office Supplies,Art,Consumer,1,18.85,0.3,13.20,-0.07,4
2024-12-17,Central,Minnesota,Office Supplies,Paper,Home Office,6,14.89,0,89.34,37.52,3
2024-12-17,West,Colorado,Office Supplies,Paper,Consumer,2,16.14,0,32.28,13.56,4
2024-12-17,South,Texas,Technology,Phones,Consumer,1,314.66,0.1,283.19,29.73,4
2024-12-17,Central,Illinois,Technology,Copiers,Consumer,1,1681.32,0,1681.32,353.08,2
2024-12-17,East,Georgia,Furniture,Furnishings,Consumer,2,39.45,0.2,63.12,4.42,2
2024-12-17,Northeast,Connecticut,Technology,Phones,Consumer,10,228.78,0,2287.80,549.07,5
2024-12-17,East,Pennsylvania,Office Supplies,Binders,Consumer,7,16.70,0.2,93.52,10.29,4
2024-12-17,East,Virginia,Technology,Phones,Corporate,6,224.77,0,1348.62,323.67,3
2024-12-17,West,California,Furniture,Bookcases,Consumer,7,174.33,0,1220.31,231.86,4
2024-12-17,West,Colorado,Technology,Copiers,Home Office,8,1904.37,0.15,12949.72,97.12,5
2024-12-17,Central,Illinois,Furniture,Tables,Consumer,1,308.34,0,308.34,43.17,4
2024-12-18,South,Texas,Technology,Accessories,Consumer,4,35.12,0,140.48,50.57,3
2024-12-18,Central,Minnesota,Furniture,Furnishings,Corporate,3,29.50,0,88.50,30.09,3
2024-12-18,South,North Carolina,Office Supplies,Paper,Corporate,3,7.32,0,21.96,9.22,2
2024-12-18,East,Georgia,Technology,Copiers,Consumer,1,1609.82,0.3,1126.87,-219.74,2
2024-12-18,West,Washington,Furniture,Tables,Corporate,12,427.71,0,5132.52,718.55,3
2024-12-18,West,California,Technology,Phones,Consumer,2,278.48,0,556.96,133.67,4
2024-12-18,East,New York,Technology,Computers,Home Office,1,908.45,0,908.45,163.52,6
2024-12-19,Northeast,Massachusetts,Technology,Computers,Home Office,1,821.02,0,821.02,147.78,8
2024-12-19,East,Georgia,Office Supplies,Paper,Consumer,1,11.17,0.3,7.82,0.12,2
2024-12-19,Northeast,Massachusetts,Technology,Computers,Corporate,11,1161.07,0.2,10217.42,-919.57,3
2024-12-19,West,Washington,Technology,Phones,Consumer,4,248.58,0.1,894.89,93.96,2
2024-12-19,Central,Ohio,Furniture,Furnishings,Consumer,2,59.01,0.1,106.22,21.78,4
2024-12-19,Central,Illinois,Office Supplies,Binders,Consumer,1,16.39,0,16.39,6.23,6
2024-12-19,East,Pennsylvania,Technology,Accessories,Corporate,5,26.37,0,131.85,47.47,2
2024-12-19,West,Colorado,Furniture,Furnishings,Corporate,11,49.25,0,541.75,184.20,5
2024-12-19,West,Oregon,Technology,Computers,Consumer,4,885.16,0,3540.64,637.32,3
2024-12-19,East,Florida,Furniture,Chairs,Home Office,4,187.23,0,748.92,209.70,5
2024-12-19,Central,Ohio,Technology,Accessories,Home Office,3,62.19,0,186.57,67.17,3
2024-12-19,West,Washington,Technology,Computers,Corporate,2,1033.72,0,2067.44,372.14,3
2024-12-19,East,Pennsylvania,Technology,Phones,Consumer,2,228.14,0,456.28,109.51,3
2024-12-20,Central,Ohio,Office Supplies,Paper,Corporate,7,13.02,0.1,82.03,23.38,3
2024-12-20,East,New York,Office Supplies,Binders,Consumer,4,19.81,0.1,71.32,17.47,4
2024-12-20,Central,Illinois,Furniture,Chairs,Consumer,3,148.68,0,446.04,124.89,3
2024-12-20,East,New York,Office Supplies,Paper,Corporate,11,12.73,0,140.03,58.81,2
2024-12-20,West,Oregon,Furniture,Furnishings,Corporate,5,47.16,0.15,200.43,27.56,3
2024-12-20,Central,Illinois,Technology,Phones,Consumer,4,188.28,0,753.12,180.75,3
2024-12-20,East,Virginia,Furniture,Tables,Corporate,2,349.02,0,698.04,97.73,6
2024-12-20,East,Virginia,Office Supplies,Storage,Home Office,3,73.72,0.1,199.04,24.88,2
2024-12-20,West,Colorado,Office Supplies,Paper,Corporate,5,10.82,0.3,37.87,0.57,5
2024-12-20,Northeast,Connecticut,Technology,Accessories,Consumer,3,42.32,0.1,114.26,25.71,6
2024-12-20,Central,Illinois,Furniture,Chairs,Corporate,4,240.01,0.1,864.04,125.29,1
2024-12-21,West,Colorado,Furniture,Furnishings,Consumer,2,64.19,0,128.38,43.65,1
2024-12-21,West,Colorado,Office Supplies,Storage,Consumer,2,61.99,0,123.98,32.23,3
2024-12-21,Northeast,Maine,Furniture,Furnishings,Consumer,4,57.36,0.15,195.02,26.82,3
2024-12-21,South,Texas,Technology,Phones,Home Office,2,268.62,0,537.24,128.94,3
2024-12-21,West,Colorado,Technology,Phones,Consumer,6,291.61,0,1749.66,419.92,2
2024-12-21,South,Louisiana,Office Supplies,Art,Consumer,4,30.17,0.3,84.48,-0.42,2
2024-12-21,West,California,Furniture,Bookcases,Home Office,3,167.44,0.1,452.09,24.86,4
2024-12-21,South,Louisiana,Office Supplies,Binders,Consumer,5,21.47,0,107.35,40.79,2
2024-12-21,East,Georgia,Office Supplies,Art,Corporate,6,18.70,0.3,78.54,-0.39,6
2024-12-21,East,New York,Furniture,Furnishings,Home Office,2,50.23,0,100.46,34.16,3
2024-12-21,South,Alabama,Technology,Phones,Consumer,13,308.55,0,4011.15,962.68,6
2024-12-21,South,Tennessee,Office Supplies,Paper,Corporate,2,16.24,0,32.48,13.64,2
2024-12-22,East,Virginia,Technology,Copiers,Home Office,2,1760.90,0,3521.80,739.58,3
2024-12-22,West,California,Office Supplies,Art,Consumer,2,21.17,0,42.34,16.94,2
2024-12-22,West,Arizona,Furniture,Chairs,Consumer,2,179.81,0,359.62,100.69,3
2024-12-22,West,Washington,Technology,Accessories,Consumer,1,27.14,0,27.14,9.77,2
2024-12-22,Central,Michigan,Technology,Computers,Corporate,8,1027.26,0.1,7396.27,332.83,2
2024-12-22,Central,Missouri,Office Supplies,Paper,Corporate,3,13.29,0,39.87,16.75,1
2024-12-22,South,Alabama,Office Supplies,Storage,Consumer,4,63.05,0,252.20,65.57,2
2024-12-23,West,California,Office Supplies,Art,Consumer,16,20.94,0.15,284.78,56.24,2
2024-12-23,Central,Illinois,Furniture,Chairs,Home Office,1,305.92,0.2,244.74,2.45,3
2024-12-23,South,Alabama,Office Supplies,Paper,Consumer,4,17.75,0,71.00,29.82,2
2024-12-23,East,Virginia,Furniture,Tables,Corporate,5,444.26,0,2221.30,310.98,3
2024-12-23,East,New York,Furniture,Bookcases,Consumer,3,140.33,0,420.99,79.99,1
2024-12-23,West,Arizona,Furniture,Chairs,Consumer,3,139.07,0,417.21,116.82,5
2024-12-23,West,Washington,Office Supplies,Art,Consumer,3,29.79,0.1,80.43,21.31,1
2024-12-23,East,Florida,Office Supplies,Binders,Home Office,5,34.32,0.2,137.28,15.10,3
2024-12-23,South,Alabama,Office Supplies,Binders,Consumer,1,10.57,0.15,8.98,1.59,4
2024-12-23,Central,Ohio,Furniture,Furnishings,Consumer,3,55.46,0,166.38,56.57,5
2024-12-23,East,New York,Furniture,Chairs,Consumer,42,224.31,0.15,8007.87,620.61,3
2024-12-23,East,New York,Technology,Phones,Consumer,2,320.17,0,640.34,153.68,3
2024-12-23,South,Texas,Technology,Phones,Corporate,6,185.18,0,1111.08,266.66,3
2024-12-23,West,Washington,Technology,Computers,Home Office,3,789.74,0.1,2132.30,95.95,6
2024-12-23,East,Pennsylvania,Technology,Computers,Consumer,10,867.02,0.3,6069.14,-1365.56,4
2024-12-23,Central,Illinois,Office Supplies,Storage,Consumer,2,64.18,0.2,102.69,-1.03,6
2024-12-23,Central,Illinois,Office Supplies,Binders,Consumer,7,13.78,0,96.46,36.65,3
2024-12-23,Central,Michigan,Office Supplies,Paper,Corporate,8,10.57,0.2,67.65,10.15,3
2024-12-24,Central,Illinois,Office Supplies,Storage,Consumer,7,70.22,0.1,442.39,55.30,2
2024-12-24,South,Texas,Technology,Accessories,Home Office,2,57.34,0,114.68,41.28,2
2024-12-24,West,Colorado,Office Supplies,Storage,Corporate,4,55.38,0.3,155.06,-22.48,4
2024-12-24,East,Pennsylvania,Technology,Phones,Consumer,4,259.61,0.1,934.60,98.13,5
2024-12-24,East,Virginia,Technology,Copiers,Consumer,2,1001.91,0,2003.82,420.80,2
2024-12-24,South,Texas,Furniture,Bookcases,Home Office,3,128.06,0,384.18,72.99,4
2024-12-24,East,New York,Office Supplies,Paper,Corporate,8,18.85,0,150.80,63.34,2
2024-12-24,South,Tennessee,Furniture,Tables,Corporate,4,385.96,0.1,1389.46,6.95,4
2024-12-24,East,Virginia,Technology,Accessories,Home Office,4,45.93,0.1,165.35,37.20,3
2024-12-24,East,Virginia,Furniture,Bookcases,Corporate,2,192.60,0,385.20,73.19,3
2024-12-24,Central,Michigan,Office Supplies,Storage,Corporate,1,61.25,0.1,55.13,6.89,5
2024-12-24,West,California,Furniture,Tables,Corporate,2,232.98,0.2,372.77,-48.46,4
2024-12-24,West,Washington,Office Supplies,Storage,Consumer,8,70.30,0.1,506.16,63.27,1
2024-12-25,Central,Michigan,Technology,Accessories,Consumer,2,51.19,0,102.38,36.86,2
2024-12-25,West,Nevada,Furniture,Furnishings,Consumer,2,37.00,0,74.00,25.16,6
2024-12-25,West,Colorado,Office Supplies,Paper,Consumer,13,10.12,0,131.56,55.26,5
2024-12-25,Northeast,New Jersey,Technology,Computers,Consumer,4,1155.58,0.1,4160.09,187.20,5
2024-12-25,West,California,Technology,Computers,Home Office,2,987.41,0.1,1777.34,79.98,2
2024-12-25,South,Louisiana,Technology,Accessories,Consumer,2,38.66,0.1,69.59,15.66,3
2024-12-25,South,Texas,Furniture,Tables,Consumer,3,227.09,0.2,545.02,-70.85,2
2024-12-25,South,Louisiana,Furniture,Chairs,Corporate,3,264.93,0.2,635.83,6.36,2
2024-12-25,West,California,Office Supplies,Binders,Corporate,5,18.96,0.1,85.32,20.90,3
2024-12-25,East,New York,Furniture,Tables,Corporate,4,392.63,0,1570.52,219.87,2
2024-12-25,West,California,Furniture,Bookcases,Consumer,3,192.30,0.1,519.21,28.56,3
2024-12-25,East,Virginia,Furniture,Furnishings,Consumer,2,43.18,0,86.36,29.36,3
2024-12-25,West,Washington,Furniture,Chairs,Consumer,5,248.14,0.2,992.56,9.93,3
2024-12-25,Northeast,Massachusetts,Furniture,Bookcases,Home Office,3,197.89,0,593.67,112.80,5
2024-12-26,Central,Missouri,Office Supplies,Paper,Consumer,3,15.49,0,46.47,19.52,2
2024-12-26,Northeast,New Jersey,Furniture,Bookcases,Consumer,2,160.92,0,321.84,61.15,4
2024-12-26,East,New York,Furniture,Tables,Corporate,7,373.54,0.3,1830.35,-485.04,2
2024-12-26,South,North Carolina,Office Supplies,Binders,Consumer,3,25.37,0,76.11,28.92,4
2024-12-26,West,Colorado,Office Supplies,Storage,Corporate,1,60.52,0,60.52,15.74,3
2024-12-26,West,Nevada,Technology,Phones,Consumer,2,166.41,0.1,299.54,31.45,2
2024-12-26,West,Washington,Technology,Phones,Corporate,4,219.56,0.2,702.59,-21.08,4
2024-12-26,West,California,Technology,Accessories,Corporate,5,57.68,0.2,230.72,20.76,4
2024-12-26,Central,Ohio,Technology,Copiers,Consumer,3,1776.61,0,5329.83,1119.26,2
2024-12-26,West,Oregon,Furniture,Furnishings,Corporate,3,40.40,0.3,84.84,-5.51,3
2024-12-26,East,New York,Office Supplies,Storage,Consumer,3,56.67,0.2,136.01,-1.36,2
2024-12-27,Central,Michigan,Furniture,Chairs,Corporate,1,193.51,0,193.51,54.18,3
2024-12-27,East,New York,Technology,Computers,Corporate,4,658.64,0,2634.56,474.22,3
2024-12-27,West,California,Furniture,Tables,Consumer,1,332.74,0,332.74,46.58,6
2024-12-27,West,Washington,Furniture,Furnishings,Consumer,1,56.11,0,56.11,19.08,3
2024-12-27,Central,Ohio,Office Supplies,Art,Corporate,3,26.18,0.1,70.69,18.73,3
2024-12-27,East,Florida,Technology,Computers,Consumer,4,853.87,0.15,2903.16,-65.32,2
2024-12-27,West,Washington,Technology,Phones,Consumer,3,395.24,0,1185.72,284.57,4
2024-12-27,East,Pennsylvania,Technology,Computers,Consumer,3,882.01,0,2646.03,476.29,3
2024-12-27,West,California,Office Supplies,Storage,Home Office,3,52.87,0,158.61,41.24,4
2024-12-28,West,California,Technology,Phones,Home Office,7,264.96,0,1854.72,445.13,3
2024-12-28,East,Georgia,Technology,Computers,Consumer,3,989.81,0,2969.43,534.50,1
2024-12-28,East,New York,Furniture,Furnishings,Corporate,14,50.25,0.1,633.15,129.80,3
2024-12-29,Central,Illinois,Office Supplies,Binders,Consumer,2,19.01,0.1,34.22,8.38,2
2024-12-29,South,Texas,Furniture,Chairs,Home Office,3,191.30,0,573.90,160.69,4
2024-12-29,West,Nevada,Furniture,Chairs,Consumer,2,175.64,0.1,316.15,45.84,1
2024-12-30,West,Arizona,Office Supplies,Paper,Corporate,6,11.03,0.1,59.56,16.97,3
2024-12-30,Central,Minnesota,Technology,Copiers,Corporate,2,1708.51,0,3417.02,717.57,3
2024-12-30,Central,Illinois,Furniture,Furnishings,Consumer,2,52.36,0.15,89.01,12.24,5
2024-12-30,South,North Carolina,Technology,Accessories,Consumer,1,37.62,0,37.62,13.54,3
2024-12-30,West,Oregon,Office Supplies,Storage,Corporate,2,52.75,0,105.50,27.43,3
2024-12-30,West,Colorado,Furniture,Bookcases,Corporate,4,182.42,0,729.68,138.64,3
2024-12-30,West,Washington,Office Supplies,Art,Corporate,1,22.80,0,22.80,9.12,4
2024-12-30,West,Colorado,Technology,Phones,Consumer,2,257.43,0.2,411.89,-12.36,6
2024-12-30,Central,Missouri,Office Supplies,Paper,Home Office,5,12.46,0,62.30,26.17,3
2024-12-30,West,California,Office Supplies,Art,Home Office,3,23.55,0,70.65,28.26,3
2024-12-30,Northeast,Massachusetts,Furniture,Tables,Consumer,5,352.31,0.1,1585.40,7.93,5
2024-12-30,Northeast,Maine,Furniture,Furnishings,Consumer,6,51.42,0,308.52,104.90,2
2024-12-30,South,Texas,Technology,Phones,Consumer,2,223.22,0.1,401.80,42.19,4
2024-12-30,South,North Carolina,Office Supplies,Binders,Consumer,5,21.18,0,105.90,40.24,4
2024-12-30,East,New York,Furniture,Tables,Corporate,3,442.82,0.1,1195.61,5.98,1
2024-12-30,South,Louisiana,Furniture,Bookcases,Corporate,1,206.93,0,206.93,39.32,3
2024-12-30,Central,Michigan,Technology,Phones,Consumer,4,248.01,0,992.04,238.09,3
